{
"type": "FeatureCollection",
"name": "cultius_dun2024",
"crs": { "type": "name", "properties": { "name": "urn:ogc:def:crs:OGC:1.3:CRS84" } },
"features": [
{"type":"Feature","properties":{"Campanya":2024,"Provincia":"Barcelona","Comarca":"Baix Llobregat","Municipi":"VILADECANS","ID_MUN":"08302","Grup":"GUARET","Cultiu":"GUARET / SUP. LLIURE SEMBRA","Seca_Regad":"R","Sist_Regad":"ASPERSIÓ FIXA","Varietat":"NO ESPECIFICADA","Producte2n":null,"HA":0.9798,"Shape_Leng":439.017235793,"Shape_Le_1":438.90429665400001,"Shape_Area":9787.1047571,"rendiment_":0,"area_m2":9793.39,"area_ha":0.0098,"rend_sup":0.0},"geometry":{"type":"MultiPolygon","coordinates":[[[[2.043748964390369,41.278494358405155],[2.0437542432997,41.278474526913648],[2.042958373016499,41.27822227478331],[2.042928505242358,41.278212858495081],[2.042473069849463,41.278974723834416],[2.042673116502892,41.279045565377047],[2.042906171411061,41.279137398575578],[2.043078329872812,41.279237371535437],[2.043218778970251,41.279366537460511],[2.044275725933473,41.279032284978996],[2.044230175521554,41.279009883127223],[2.04401117810858,41.278919605163736],[2.043662752268459,41.278770171278921],[2.043603002021614,41.278753034175367],[2.043689526145511,41.278591404753385],[2.043748964390369,41.278494358405155]]]]}},
{"type":"Feature","properties":{"Campanya":2024,"Provincia":"Barcelona","Comarca":"Baix Llobregat","Municipi":"VILADECANS","ID_MUN":"08302","Grup":"GUARET","Cultiu":"GUARET / SUP. LLIURE SEMBRA","Seca_Regad":"R","Sist_Regad":"ASPERSIÓ FIXA","Varietat":"NO ESPECIFICADA","Producte2n":null,"HA":0.4991,"Shape_Leng":323.84975521699999,"Shape_Le_1":323.84975522500002,"Shape_Area":4988.02526218,"rendiment_":0,"area_m2":4991.21,"area_ha":0.005,"rend_sup":0.0},"geometry":{"type":"MultiPolygon","coordinates":[[[[2.033582602652587,41.283850407072876],[2.033528959895174,41.283547260857311],[2.033524353160049,41.28345870604192],[2.033358106912752,41.283050940996318],[2.033192564373785,41.283077565390052],[2.032702319654915,41.283107156160305],[2.032820223906923,41.283478214349628],[2.032888144585257,41.283652502460242],[2.032906751416069,41.283658435371997],[2.033068411193292,41.283630178126522],[2.033089032743334,41.283698466105001],[2.032925473047452,41.283722265757312],[2.03291599580458,41.283734185195748],[2.032974504487917,41.283933557878569],[2.033263774399369,41.283896587314466],[2.033357155864699,41.283889567299411],[2.033421720456834,41.283879276880306],[2.033529031496635,41.283874050907833],[2.033582368314343,41.283866208083452],[2.033582602652587,41.283850407072876]]]]}},
{"type":"Feature","properties":{"Campanya":2024,"Provincia":"Barcelona","Comarca":"Baix Llobregat","Municipi":"VILADECANS","ID_MUN":"08302","Grup":"GUARET","Cultiu":"GUARET / SUP. LLIURE SEMBRA","Seca_Regad":"R","Sist_Regad":"ASPERSIÓ FIXA","Varietat":"NO ESPECIFICADA","Producte2n":null,"HA":0.2485,"Shape_Leng":255.53446890699999,"Shape_Le_1":255.34894150299999,"Shape_Area":2491.37330866,"rendiment_":0,"area_m2":2492.96,"area_ha":0.0025,"rend_sup":0.0},"geometry":{"type":"MultiPolygon","coordinates":[[[[2.032205658493567,41.286133628184515],[2.032219973967988,41.286133826905903],[2.032223187989759,41.286056618977462],[2.032218327387236,41.285935897601675],[2.031767745169474,41.285941327846963],[2.031769104674959,41.285948078334037],[2.030987255812432,41.285964475589509],[2.030993571588937,41.286202032700018],[2.032205658493567,41.286133628184515]]]]}},
{"type":"Feature","properties":{"Campanya":2024,"Provincia":"Barcelona","Comarca":"Baix Llobregat","Municipi":"VILADECANS","ID_MUN":"08302","Grup":"GUARET","Cultiu":"GUARET / SUP. LLIURE SEMBRA","Seca_Regad":"R","Sist_Regad":"ASPERSIÓ FIXA","Varietat":"NO ESPECIFICADA","Producte2n":null,"HA":0.3949,"Shape_Leng":335.68466360999997,"Shape_Le_1":335.68605184699999,"Shape_Area":3946.5995562799999,"rendiment_":0,"area_m2":3949.11,"area_ha":0.0039,"rend_sup":0.0},"geometry":{"type":"MultiPolygon","coordinates":[[[[2.027787153608632,41.288414948925343],[2.027840789247162,41.288412934726878],[2.02783006234867,41.28852171468796],[2.027920392009594,41.288479411218376],[2.027986977712684,41.288115593785982],[2.028030226153029,41.287486415692143],[2.027996430202042,41.287389748811123],[2.027782843728616,41.287393800936208],[2.027636123523326,41.287390400733941],[2.027606448033161,41.288030232249632],[2.02757734992738,41.288544606492145],[2.027752289181558,41.288549916428245],[2.027787153608632,41.288414948925343]]]]}},
{"type":"Feature","properties":{"Campanya":2024,"Provincia":"Barcelona","Comarca":"Baix Llobregat","Municipi":"VILADECANS","ID_MUN":"08302","Grup":"FARRATGERES","Cultiu":"PASTURES DE MENYS DE 5 ANYS","Seca_Regad":"R","Sist_Regad":"ASPERSIÓ FIXA","Varietat":"NO ESPECIFICADA","Producte2n":null,"HA":1.1186,"Shape_Leng":459.832520144,"Shape_Le_1":459.27122376800003,"Shape_Area":11180.3039711,"rendiment_":43700,"area_m2":11187.51,"area_ha":0.0112,"rend_sup":489.44},"geometry":{"type":"MultiPolygon","coordinates":[[[[2.049609237731264,41.281240466873044],[2.049610021614766,41.281233886061344],[2.049573479824874,41.281118442470884],[2.049572335317906,41.280999147611368],[2.049613620803889,41.280927917402941],[2.049642645564181,41.280889253049189],[2.049650802055569,41.280892162295444],[2.049668674362873,41.280836756150158],[2.048798873314198,41.280606705326157],[2.048434658964567,41.280542967560457],[2.048280114534768,41.280493976518002],[2.048213994761269,41.280493428951146],[2.048132681688863,41.280549147117995],[2.047721674504262,41.281168454646732],[2.049659828781115,41.281482096389247],[2.049680719959153,41.281455498166153],[2.049646537256281,41.281433527386795],[2.049667384023771,41.281383816109418],[2.049626068301926,41.281302508093383],[2.049618899721775,41.281273438020818],[2.049594574236826,41.281266875096378],[2.049609237731264,41.281240466873044]]]]}},
{"type":"Feature","properties":{"Campanya":2024,"Provincia":"Barcelona","Comarca":"Baix Llobregat","Municipi":"VILADECANS","ID_MUN":"08302","Grup":"FARRATGERES","Cultiu":"PASTURES DE MENYS DE 5 ANYS","Seca_Regad":"R","Sist_Regad":"ASPERSIÓ FIXA","Varietat":"NO ESPECIFICADA","Producte2n":null,"HA":0.2729,"Shape_Leng":261.83621617699998,"Shape_Le_1":261.83621617300003,"Shape_Area":2727.4827866199998,"rendiment_":43700,"area_m2":2729.24,"area_ha":0.0027,"rend_sup":117.99},"geometry":{"type":"MultiPolygon","coordinates":[[[[2.051457768625599,41.281339279149556],[2.051432700598575,41.28120627752164],[2.051394604881339,41.281162583728168],[2.051322362300578,41.28112657667311],[2.051166829555918,41.281088112185039],[2.051020313221662,41.281075395379439],[2.050969738579679,41.281082945697747],[2.050889033050566,41.281145137400685],[2.050748664647863,41.281275004156591],[2.050712760844898,41.281290367858112],[2.050691867390054,41.281306279593331],[2.050624017300729,41.28134093989388],[2.050539756602656,41.28137303814475],[2.050569712842742,41.281394815266928],[2.050626764117819,41.281426270255587],[2.050838252045419,41.281490870416604],[2.051292034806759,41.281599961711208],[2.051334201788108,41.281605621921521],[2.051387213895013,41.281591893377133],[2.051432537009797,41.281541805184467],[2.051459673337117,41.281450842697396],[2.051457768625599,41.281339279149556]],[[2.051001665678837,41.281228399379692],[2.051030457301255,41.281185256860134],[2.051078492352137,41.281190963736478],[2.051135711564315,41.281210912604166],[2.051167022781682,41.281236843352026],[2.051162925965499,41.281276648553892],[2.051130818539774,41.281305599268123],[2.05111236041627,41.281306477593674],[2.051105776175065,41.281316364146228],[2.051049195824972,41.281315943679004],[2.051009654295621,41.281299939922427],[2.051012226841482,41.281286804577974],[2.050987975434993,41.281282289093127],[2.050983499972511,41.28126720224013],[2.051001665678837,41.281228399379692]]]]}},
{"type":"Feature","properties":{"Campanya":2024,"Provincia":"Barcelona","Comarca":"Baix Llobregat","Municipi":"VILADECANS","ID_MUN":"08302","Grup":"OLIVERAR","Cultiu":"OLIVERA","Seca_Regad":"R","Sist_Regad":"ASPERSIÓ FIXA","Varietat":"ARBEQUINA/ARBEQUÍ","Producte2n":null,"HA":0.0741,"Shape_Leng":195.122435516,"Shape_Le_1":195.12234164899999,"Shape_Area":741.00394847200005,"rendiment_":3500,"area_m2":741.48,"area_ha":0.0007,"rend_sup":2.45},"geometry":{"type":"MultiPolygon","coordinates":[[[[2.035901687126118,41.301122619907865],[2.035833548085593,41.301094596703678],[2.035820487490322,41.301089262893775],[2.035461215431527,41.301610201534686],[2.035457670704424,41.301615222953977],[2.035438872379551,41.301641216299579],[2.035331780506143,41.301789504782981],[2.035449468906489,41.301837675552058],[2.035607322133492,41.30157435406791],[2.035612830820291,41.301530428726259],[2.035901687126118,41.301122619907865]]]]}},
{"type":"Feature","properties":{"Campanya":2024,"Provincia":"Barcelona","Comarca":"Baix Llobregat","Municipi":"VILADECANS","ID_MUN":"08302","Grup":"OLIVERAR","Cultiu":"OLIVERA","Seca_Regad":"R","Sist_Regad":"ASPERSIÓ FIXA","Varietat":"ARBEQUINA/ARBEQUÍ","Producte2n":null,"HA":0.0566,"Shape_Leng":153.43429814199999,"Shape_Le_1":153.43429813899999,"Shape_Area":566.02023345800001,"rendiment_":3500,"area_m2":566.38,"area_ha":0.0006,"rend_sup":2.1},"geometry":{"type":"MultiPolygon","coordinates":[[[[2.036193453971305,41.302232152204724],[2.036144992690323,41.302224015189672],[2.036116242104243,41.302255028999483],[2.036076593588061,41.302259638543468],[2.036011547558165,41.30232233705263],[2.035783802785867,41.302601965550267],[2.035815151561944,41.30261604760846],[2.035781119652466,41.30266717879703],[2.035782460625372,41.302690480974903],[2.035747843179657,41.302717136308267],[2.035746783755441,41.302738860063279],[2.035731334211583,41.302757987979781],[2.035761863233827,41.302767636851527],[2.035792511143899,41.302781459930905],[2.03581207584251,41.302762243073566],[2.036193453971305,41.302232152204724]]]]}},
{"type":"Feature","properties":{"Campanya":2024,"Provincia":"Barcelona","Comarca":"Baix Llobregat","Municipi":"VILADECANS","ID_MUN":"08302","Grup":"OLIVERAR","Cultiu":"OLIVERA","Seca_Regad":"R","Sist_Regad":"ASPERSIÓ FIXA","Varietat":"ARBEQUINA/ARBEQUÍ","Producte2n":null,"HA":0.0349,"Shape_Leng":154.68811087500001,"Shape_Le_1":153.959831194,"Shape_Area":345.229495327,"rendiment_":3500,"area_m2":345.45,"area_ha":0.0003,"rend_sup":1.05},"geometry":{"type":"MultiPolygon","coordinates":[[[[2.035946502830408,41.302257124040196],[2.035880443955485,41.302229711889275],[2.035607926448134,41.302658785680762],[2.035517607054709,41.302780078940955],[2.03561208344094,41.302812893659514],[2.03561528934605,41.302806660239874],[2.03559420951672,41.302796964394133],[2.03562563565104,41.302698256271007],[2.035632419919619,41.302687546780739],[2.0356256315195,41.302685200174444],[2.03583535361144,41.302427867964994],[2.035946502830408,41.302257124040196]]]]}},
{"type":"Feature","properties":{"Campanya":2024,"Provincia":"Barcelona","Comarca":"Baix Llobregat","Municipi":"VILADECANS","ID_MUN":"08302","Grup":"HORTÍCOLES","Cultiu":"COL GEGANT","Seca_Regad":"R","Sist_Regad":"ASPERSIÓ FIXA","Varietat":"NO ESPECIFICADA","Producte2n":"FAVA","HA":0.091,"Shape_Leng":200.54093723599999,"Shape_Le_1":200.03270588300001,"Shape_Area":910.58837747600001,"rendiment_":22500,"area_m2":911.17,"area_ha":0.0009,"rend_sup":20.25},"geometry":{"type":"MultiPolygon","coordinates":[[[[2.036315567996753,41.302257619463575],[2.036193453971328,41.302232152204731],[2.035812075842533,41.302762243073566],[2.035792511143921,41.302781459930905],[2.035761863233827,41.302767636851527],[2.035731334211605,41.302757987979781],[2.035668541846672,41.302831153529795],[2.035650567703644,41.302848496146225],[2.035821616862609,41.302927546647901],[2.036315567996753,41.302257619463575]]]]}},
{"type":"Feature","properties":{"Campanya":2024,"Provincia":"Barcelona","Comarca":"Baix Llobregat","Municipi":"VILADECANS","ID_MUN":"08302","Grup":"HORTÍCOLES","Cultiu":"HORTA","Seca_Regad":"R","Sist_Regad":"ASPERSIÓ FIXA","Varietat":"NO ESPECIFICADA","Producte2n":null,"HA":0.5778,"Shape_Leng":344.51982223099998,"Shape_Le_1":344.51982223800002,"Shape_Area":5774.7264213099998,"rendiment_":19846,"area_m2":5778.42,"area_ha":0.0058,"rend_sup":115.11},"geometry":{"type":"MultiPolygon","coordinates":[[[[2.038603829968182,41.279185253010063],[2.038258298771406,41.279077571246837],[2.037257585563757,41.278765693058091],[2.037200843905803,41.278718559854767],[2.037132722500452,41.278787709175987],[2.037079865998064,41.278906889338394],[2.03704452009551,41.279020721296035],[2.037068214112995,41.279124364064494],[2.037080488570785,41.279126270967382],[2.037225362817435,41.279178654185202],[2.037686813420714,41.279329758604291],[2.038266310337283,41.279527201788802],[2.038411875339968,41.279558439361402],[2.038542923951534,41.279364897015647],[2.038603829968182,41.279185253010063]]]]}},
{"type":"Feature","properties":{"Campanya":2024,"Provincia":"Barcelona","Comarca":"Baix Llobregat","Municipi":"VILADECANS","ID_MUN":"08302","Grup":"HORTÍCOLES","Cultiu":"HORTA","Seca_Regad":"R","Sist_Regad":"ASPERSIÓ FIXA","Varietat":"NO ESPECIFICADA","Producte2n":null,"HA":0.7404,"Shape_Leng":348.15486214100002,"Shape_Le_1":348.15736238599999,"Shape_Area":7398.9544241900003,"rendiment_":19845,"area_m2":7403.7,"area_ha":0.0074,"rend_sup":146.85},"geometry":{"type":"MultiPolygon","coordinates":[[[[2.040684080164564,41.2793610328631],[2.040380708156125,41.279268166797131],[2.040285012115351,41.279247191922167],[2.039883935858826,41.279117231654453],[2.039843492324624,41.279097138786319],[2.039386391234275,41.279880145736506],[2.039508530455148,41.279913771628891],[2.039497488415636,41.279942054442721],[2.040243633104877,41.280156799929678],[2.040684080164564,41.2793610328631]]]]}},
{"type":"Feature","properties":{"Campanya":2024,"Provincia":"Barcelona","Comarca":"Baix Llobregat","Municipi":"VILADECANS","ID_MUN":"08302","Grup":"HORTÍCOLES","Cultiu":"HORTA","Seca_Regad":"R","Sist_Regad":"ASPERSIÓ FIXA","Varietat":"NO ESPECIFICADA","Producte2n":null,"HA":0.5478,"Shape_Leng":299.16196301100001,"Shape_Le_1":299.16196300799999,"Shape_Area":5474.2887114799996,"rendiment_":19846,"area_m2":5477.79,"area_ha":0.0055,"rend_sup":109.15},"geometry":{"type":"MultiPolygon","coordinates":[[[[2.032790612982769,41.2834830422537],[2.032663760340578,41.283110505450885],[2.032502516651634,41.283131041590963],[2.03232992267738,41.283238944338706],[2.032234158152937,41.283343620380769],[2.032038515007972,41.28345159913588],[2.032031079655811,41.283518463270248],[2.032029757804088,41.283607987950141],[2.032037750330711,41.283648949776008],[2.03207352123841,41.284024689264918],[2.03211258696017,41.284042787082342],[2.032934129801989,41.283940450920362],[2.032790612982769,41.2834830422537]]]]}},
{"type":"Feature","properties":{"Campanya":2024,"Provincia":"Barcelona","Comarca":"Baix Llobregat","Municipi":"VILADECANS","ID_MUN":"08302","Grup":"HORTÍCOLES","Cultiu":"HORTA","Seca_Regad":"R","Sist_Regad":"ASPERSIÓ FIXA","Varietat":"NO ESPECIFICADA","Producte2n":null,"HA":0.6181,"Shape_Leng":646.31994742799998,"Shape_Le_1":379.55312991400001,"Shape_Area":6216.7745144800001,"rendiment_":19846,"area_m2":6221.99,"area_ha":0.0062,"rend_sup":null},"geometry":{"type":"MultiPolygon","coordinates":[[[[2.045904690344346,41.283886695136992],[2.045809848190569,41.284040748064712],[2.04563685003036,41.284317128429677],[2.045702204544853,41.284326449076651],[2.04572055657626,41.284288656578127],[2.046440712036873,41.284382415402092],[2.046445508741612,41.284375091849917],[2.047203610444639,41.284490672699725],[2.047279509782213,41.284498520510418],[2.047364527628418,41.284359334735029],[2.04751927223179,41.284130559478974],[2.045904690344346,41.283886695136992]]]]}},
{"type":"Feature","properties":{"Campanya":2024,"Provincia":"Barcelona","Comarca":"Baix Llobregat","Municipi":"VILADECANS","ID_MUN":"08302","Grup":"HORTÍCOLES","Cultiu":"HORTA","Seca_Regad":"R","Sist_Regad":"ASPERSIÓ FIXA","Varietat":"NO ESPECIFICADA","Producte2n":null,"HA":0.2432,"Shape_Leng":236.17834972599999,"Shape_Le_1":236.03819370400001,"Shape_Area":2423.5740951799999,"rendiment_":19846,"area_m2":2425.12,"area_ha":0.0024,"rend_sup":null},"geometry":{"type":"MultiPolygon","coordinates":[[[[2.032274203726574,41.286231003503332],[2.031182676017846,41.286291175786531],[2.031213003600712,41.286537664246879],[2.032299901784628,41.286459597413831],[2.032274203726574,41.286231003503332]]]]}},
{"type":"Feature","properties":{"Campanya":2024,"Provincia":"Barcelona","Comarca":"Baix Llobregat","Municipi":"VILADECANS","ID_MUN":"08302","Grup":"HORTÍCOLES","Cultiu":"HORTA","Seca_Regad":"R","Sist_Regad":"ASPERSIÓ FIXA","Varietat":"NO ESPECIFICADA","Producte2n":null,"HA":0.55,"Shape_Leng":333.48452767600003,"Shape_Le_1":333.48454512299998,"Shape_Area":5496.3239093100001,"rendiment_":19846,"area_m2":5499.83,"area_ha":0.0055,"rend_sup":null},"geometry":{"type":"MultiPolygon","coordinates":[[[[2.029559157416225,41.285673623121532],[2.029434788004588,41.285532481631108],[2.029264055128086,41.285659082721452],[2.02888887781683,41.286002529012244],[2.028779707224495,41.286102420551188],[2.028371103244591,41.286476473204772],[2.028770951989327,41.286610388652271],[2.028813688686206,41.286616932055161],[2.028901157156897,41.286619016623199],[2.028983410028211,41.286611631556077],[2.029033763217847,41.286587819493235],[2.02913083655222,41.286492678289619],[2.029248021175745,41.286355881522425],[2.029534441957774,41.285945575521893],[2.029645139892047,41.285820089462341],[2.029625344448998,41.285768059412604],[2.029559157416225,41.285673623121532]]]]}},
{"type":"Feature","properties":{"Campanya":2024,"Provincia":"Barcelona","Comarca":"Baix Llobregat","Municipi":"VILADECANS","ID_MUN":"08302","Grup":"HORTÍCOLES","Cultiu":"HORTA","Seca_Regad":"R","Sist_Regad":"ASPERSIÓ FIXA","Varietat":"NO ESPECIFICADA","Producte2n":null,"HA":0.4017,"Shape_Leng":267.94337073499997,"Shape_Le_1":267.94337073600002,"Shape_Area":4014.3202241499998,"rendiment_":19846,"area_m2":4016.88,"area_ha":0.004,"rend_sup":null},"geometry":{"type":"MultiPolygon","coordinates":[[[[2.029715763333444,41.285915915140933],[2.029693012157755,41.285888068170756],[2.029666685114899,41.285888947883173],[2.029642564954252,41.285938347727338],[2.029481211352286,41.2861728745211],[2.029161701399656,41.286623218509703],[2.030116577967494,41.28660371084171],[2.030148610735213,41.286513592867578],[2.030169604070371,41.286379292276088],[2.030140083740041,41.286299679218864],[2.029950017510493,41.286104076059246],[2.029877620387755,41.286057170378612],[2.029727470267931,41.285930244958664],[2.029715763333444,41.285915915140933]]]]}},
{"type":"Feature","properties":{"Campanya":2024,"Provincia":"Barcelona","Comarca":"Baix Llobregat","Municipi":"VILADECANS","ID_MUN":"08302","Grup":"HORTÍCOLES","Cultiu":"HORTA","Seca_Regad":"R","Sist_Regad":"ASPERSIÓ FIXA","Varietat":"NO ESPECIFICADA","Producte2n":null,"HA":0.3731,"Shape_Leng":248.10776912700001,"Shape_Le_1":248.107769131,"Shape_Area":3728.46258687,"rendiment_":19846,"area_m2":3730.84,"area_ha":0.0037,"rend_sup":null},"geometry":{"type":"MultiPolygon","coordinates":[[[[2.030967989393459,41.286546104821255],[2.03090065703191,41.285993252834587],[2.030777935250155,41.285994254428402],[2.030654252331792,41.28600218186444],[2.030648488148521,41.285994181396916],[2.03024969644563,41.286021061994063],[2.030279139556771,41.28630123175207],[2.030290465331178,41.286635862069971],[2.030311085981594,41.286657053257436],[2.030399565407503,41.28665079243703],[2.030701136392412,41.286617342262943],[2.030720280350168,41.286563707252867],[2.030967989393459,41.286546104821255]]]]}},
{"type":"Feature","properties":{"Campanya":2024,"Provincia":"Barcelona","Comarca":"Baix Llobregat","Municipi":"VILADECANS","ID_MUN":"08302","Grup":"HORTÍCOLES","Cultiu":"HORTA","Seca_Regad":"R","Sist_Regad":"ASPERSIÓ FIXA","Varietat":"NO ESPECIFICADA","Producte2n":null,"HA":0.3125,"Shape_Leng":220.78570888799999,"Shape_Le_1":220.23253072099999,"Shape_Area":3122.1874312700002,"rendiment_":19846,"area_m2":3124.18,"area_ha":0.0031,"rend_sup":null},"geometry":{"type":"MultiPolygon","coordinates":[[[[2.033553508208415,41.287064107886486],[2.033575552782536,41.287013731389209],[2.033547223545525,41.286721361092575],[2.03354864905925,41.286628403602556],[2.033518223221009,41.286536953192311],[2.033519564266357,41.286508957054927],[2.033510763267029,41.286489678912787],[2.033488811280684,41.28647726810533],[2.033412363906597,41.286473216372336],[2.033092021581367,41.286477014223721],[2.033023786589503,41.286480051303592],[2.03294990674527,41.286920690589845],[2.03295301130155,41.28692613565552],[2.032946975400653,41.287030325634966],[2.032949909263957,41.287044742658026],[2.032964745598798,41.28705270662855],[2.032992742509125,41.287057735678324],[2.033059798500729,41.287058238618158],[2.033098189229889,41.287064442169807],[2.033141357556389,41.287059999196522],[2.033220569358089,41.287060669898118],[2.033401706413841,41.287065280670518],[2.033510339855331,41.287073328656106],[2.033553508208415,41.287064107886486]]]]}},
{"type":"Feature","properties":{"Campanya":2024,"Provincia":"Barcelona","Comarca":"Baix Llobregat","Municipi":"VILADECANS","ID_MUN":"08302","Grup":"HORTÍCOLES","Cultiu":"HORTA","Seca_Regad":"R","Sist_Regad":"ASPERSIÓ FIXA","Varietat":"NO ESPECIFICADA","Producte2n":null,"HA":0.292,"Shape_Leng":225.33062551899999,"Shape_Le_1":225.330625527,"Shape_Area":2917.8580808199999,"rendiment_":19845,"area_m2":2919.72,"area_ha":0.0029,"rend_sup":null},"geometry":{"type":"MultiPolygon","coordinates":[[[[2.031650430087497,41.286842601075818],[2.031674396465766,41.286840999359036],[2.031687640593666,41.286842914094031],[2.031733853049405,41.286549051786352],[2.031214371100388,41.286602481080749],[2.031166923985518,41.286665135997168],[2.031167371001823,41.286683999914707],[2.031065785794786,41.286692157007515],[2.031074031220531,41.287147442692714],[2.031176228695525,41.287139277236683],[2.031178046902153,41.287130759621412],[2.031656315399461,41.287078340365134],[2.031650430087497,41.286842601075818]]]]}},
{"type":"Feature","properties":{"Campanya":2024,"Provincia":"Barcelona","Comarca":"Baix Llobregat","Municipi":"VILADECANS","ID_MUN":"08302","Grup":"HORTÍCOLES","Cultiu":"HORTA","Seca_Regad":"R","Sist_Regad":"ASPERSIÓ FIXA","Varietat":"NO ESPECIFICADA","Producte2n":null,"HA":0.2977,"Shape_Leng":234.58992046700001,"Shape_Le_1":234.29333686199999,"Shape_Area":2975.9902773200001,"rendiment_":19845,"area_m2":2977.89,"area_ha":0.003,"rend_sup":null},"geometry":{"type":"MultiPolygon","coordinates":[[[[2.031055221277153,41.287121282067609],[2.031027326350265,41.286753663381234],[2.030726918991793,41.286774624332054],[2.030718336215136,41.286681107012704],[2.030310640479433,41.286713354335063],[2.030318932204913,41.286781887498492],[2.030326161204259,41.286784397115539],[2.030238376761629,41.286793833965504],[2.030280211250274,41.287089167016191],[2.030360142285379,41.287080459806198],[2.030372868097494,41.287174489446969],[2.031055221277153,41.287121282067609]]]]}},
{"type":"Feature","properties":{"Campanya":2024,"Provincia":"Barcelona","Comarca":"Baix Llobregat","Municipi":"VILADECANS","ID_MUN":"08302","Grup":"HORTÍCOLES","Cultiu":"HORTA","Seca_Regad":"R","Sist_Regad":"ASPERSIÓ FIXA","Varietat":"NO ESPECIFICADA","Producte2n":null,"HA":0.1372,"Shape_Leng":166.592612403,"Shape_Le_1":166.024600429,"Shape_Area":1372.1832713900001,"rendiment_":19845,"area_m2":1373.06,"area_ha":0.0014,"rend_sup":null},"geometry":{"type":"MultiPolygon","coordinates":[[[[2.030549703015202,41.287319355832501],[2.0305528755322,41.287237749201395],[2.030571251447971,41.287198506433555],[2.03028112832495,41.287202406820356],[2.030282363271547,41.287208729312809],[2.030270745727162,41.28730064472294],[2.030261377188165,41.287300718929096],[2.030267480899675,41.287333135624266],[2.030264400913111,41.287460568384361],[2.030237781258141,41.287719961709179],[2.030258039235251,41.287728245533756],[2.03048963134101,41.287749970746432],[2.030543876308938,41.28747490076664],[2.030549703015202,41.287319355832501]]]]}},
{"type":"Feature","properties":{"Campanya":2024,"Provincia":"Barcelona","Comarca":"Baix Llobregat","Municipi":"VILADECANS","ID_MUN":"08302","Grup":"HORTÍCOLES","Cultiu":"HORTA","Seca_Regad":"R","Sist_Regad":"ASPERSIÓ FIXA","Varietat":"NO ESPECIFICADA","Producte2n":null,"HA":1.3094,"Shape_Leng":615.79300629199997,"Shape_Le_1":615.265679396,"Shape_Area":13084.9069,"rendiment_":19845,"area_m2":13093.26,"area_ha":0.0131,"rend_sup":null},"geometry":{"type":"MultiPolygon","coordinates":[[[[2.032728360551628,41.288151774109949],[2.03275493251306,41.288146661276194],[2.032780665662735,41.288114977020264],[2.032789297961815,41.288098374649103],[2.032797777358885,41.288100291557193],[2.03289439116492,41.287612490352878],[2.032930986853767,41.287427679569049],[2.032923422610027,41.287082443123325],[2.032202880332128,41.287152055056993],[2.03202839187328,41.287175685850094],[2.031967857316473,41.287412552796738],[2.031960143930587,41.28742700911382],[2.031634973944285,41.28739119723128],[2.031624405076877,41.287381426931923],[2.031621381482776,41.287368493577461],[2.031628704940001,41.287308048304403],[2.03162564556365,41.287297534996156],[2.031616183576822,41.287285353660216],[2.031588581399003,41.28727164064847],[2.030580117647937,41.287360641680102],[2.030579853534236,41.287416482189364],[2.030574069438372,41.287445316407876],[2.030579266044154,41.287455040659637],[2.030595191729355,41.287457974345948],[2.031138272816139,41.287392595224432],[2.031180937613696,41.287390164654688],[2.03120055228997,41.2873951947522],[2.031220248917742,41.287433919436026],[2.03122703814296,41.2874753278508],[2.031248915249102,41.287510030062272],[2.031392081975847,41.28765747262338],[2.031488973563386,41.287799148120541],[2.031479352247018,41.28780330885693],[2.031509279678526,41.287838912856451],[2.031511234558618,41.287846508314097],[2.031519742629135,41.287844139732563],[2.031559471752646,41.287902232635318],[2.031591960299928,41.287986332207886],[2.031591993555446,41.287996197180888],[2.031606063805758,41.288110403341079],[2.031705783238948,41.288129878067465],[2.031854645643438,41.288144247969491],[2.031917807379343,41.288127043175372],[2.031989642179877,41.288132743792502],[2.032004813963012,41.288098712686235],[2.032019902134201,41.288089323917006],[2.032003473053383,41.288152748921561],[2.032040924693111,41.288155947193772],[2.032215960977671,41.288142374400806],[2.032543801696933,41.288156928396816],[2.032650731011686,41.288171152008879],[2.032650810508567,41.288164638367263],[2.032692987899444,41.28815990439827],[2.032728360551628,41.288151774109949]]]]}},
{"type":"Feature","properties":{"Campanya":2024,"Provincia":"Barcelona","Comarca":"Baix Llobregat","Municipi":"VILADECANS","ID_MUN":"08302","Grup":"HORTÍCOLES","Cultiu":"HORTA","Seca_Regad":"R","Sist_Regad":"ASPERSIÓ FIXA","Varietat":"NO ESPECIFICADA","Producte2n":null,"HA":0.3679,"Shape_Leng":278.91476774099999,"Shape_Le_1":272.93377670199999,"Shape_Area":3676.3984461300001,"rendiment_":19845,"area_m2":3678.75,"area_ha":0.0037,"rend_sup":null},"geometry":{"type":"MultiPolygon","coordinates":[[[[2.03199404251223,41.288184739423812],[2.031991653098934,41.288191167901232],[2.032037587057791,41.288195358984218],[2.032044377841579,41.288208099714517],[2.03203943070862,41.288222684684939],[2.032030545904514,41.288231067225631],[2.03199089808122,41.288245316253111],[2.031956866548636,41.288239784028313],[2.031947135958157,41.288235742448187],[2.031793755150978,41.288232343771803],[2.031648667866241,41.28822388752284],[2.031621682679625,41.288261621316117],[2.031591148348587,41.2883815566884],[2.031578145992902,41.28846518751979],[2.031589764514716,41.288475135995803],[2.031679833426293,41.288484059101478],[2.031869193924446,41.28853344447527],[2.031988810930849,41.288585827190609],[2.032066572561916,41.288613067074671],[2.032153143809815,41.288619241900477],[2.032560349072367,41.288607359198359],[2.032634287331908,41.288617842122271],[2.032716308745128,41.288606056732363],[2.032671832717968,41.288577038764409],[2.032635717556835,41.288523770473951],[2.032645139993718,41.288435575001216],[2.032668779693681,41.288322727150558],[2.0326773990917,41.288208042525604],[2.032538782380062,41.288189583866512],[2.032216906736494,41.288175350235228],[2.032040555538952,41.288189002048462],[2.03199404251223,41.288184739423812]]]]}},
{"type":"Feature","properties":{"Campanya":2024,"Provincia":"Barcelona","Comarca":"Baix Llobregat","Municipi":"VILADECANS","ID_MUN":"08302","Grup":"HORTÍCOLES","Cultiu":"HORTA","Seca_Regad":"R","Sist_Regad":"ASPERSIÓ FIXA","Varietat":"NO ESPECIFICADA","Producte2n":null,"HA":0.1452,"Shape_Leng":161.11235345099999,"Shape_Le_1":161.112353445,"Shape_Area":1451.04061389,"rendiment_":19845,"area_m2":1451.97,"area_ha":0.0015,"rend_sup":null},"geometry":{"type":"MultiPolygon","coordinates":[[[[2.033612975221629,41.293476630555446],[2.033624877844475,41.293446371231525],[2.033777268359711,41.29347105317494],[2.033822588950856,41.293286480313014],[2.033254068736981,41.293180140748319],[2.033178220560141,41.293457097555127],[2.033192751142591,41.293475190683658],[2.033210571406815,41.293484353371589],[2.033591618237585,41.293534970095322],[2.033612975221629,41.293476630555446]]]]}},
{"type":"Feature","properties":{"Campanya":2024,"Provincia":"Barcelona","Comarca":"Baix Llobregat","Municipi":"VILADECANS","ID_MUN":"08302","Grup":"HORTÍCOLES","Cultiu":"HORTA","Seca_Regad":"R","Sist_Regad":"ASPERSIÓ FIXA","Varietat":"NO ESPECIFICADA","Producte2n":null,"HA":0.6205,"Shape_Leng":353.30440544200002,"Shape_Le_1":353.06824441600003,"Shape_Area":6198.0230412800001,"rendiment_":19845,"area_m2":6201.98,"area_ha":0.0062,"rend_sup":null},"geometry":{"type":"MultiPolygon","coordinates":[[[[2.031525571997616,41.293127472810994],[2.031438159760741,41.293119217633773],[2.031378970112271,41.293007715288944],[2.031359426796056,41.293004389062432],[2.031255863549329,41.293029417112557],[2.031047297874132,41.293087610002821],[2.030986765464527,41.293099590394107],[2.030886933225054,41.293131945683946],[2.030825324809515,41.293169412971736],[2.030764888651641,41.293212077579476],[2.030718520281365,41.293272578583739],[2.030709328070893,41.293269397157133],[2.030683525469851,41.293325088312486],[2.030666868053696,41.293478941237034],[2.030676185143163,41.293478529682325],[2.030687016850105,41.293522636579759],[2.03069564941353,41.293619450999607],[2.030706713776499,41.293683826073739],[2.030753820137293,41.293751553712063],[2.03082503104752,41.293784642853289],[2.030933366136459,41.293813498355064],[2.03098013910048,41.293836633626263],[2.030912326298599,41.294015258308491],[2.030880429944034,41.294112591716434],[2.030924594817399,41.294120868619046],[2.031258597182188,41.29422169453796],[2.0314522242264,41.293442003887904],[2.031525571997616,41.293127472810994]]]]}},
{"type":"Feature","properties":{"Campanya":2024,"Provincia":"Barcelona","Comarca":"Baix Llobregat","Municipi":"VILADECANS","ID_MUN":"08302","Grup":"HORTÍCOLES","Cultiu":"HORTA","Seca_Regad":"R","Sist_Regad":"ASPERSIÓ FIXA","Varietat":"NO ESPECIFICADA","Producte2n":null,"HA":0.6595,"Shape_Leng":358.07695004700003,"Shape_Le_1":358.07693973800002,"Shape_Area":6590.7001747100003,"rendiment_":19845,"area_m2":6594.91,"area_ha":0.0066,"rend_sup":null},"geometry":{"type":"MultiPolygon","coordinates":[[[[2.032050503097704,41.293183003506549],[2.031675006370542,41.293134539758242],[2.031575951964518,41.293128131725645],[2.031372995698353,41.293947242400499],[2.031316084430531,41.294190217534954],[2.031313962491144,41.294217394549634],[2.031320380535357,41.294240345000858],[2.031887304876292,41.29441148142957],[2.031890994877116,41.294391889388642],[2.031888015074543,41.294360785374799],[2.031865298226716,41.294268650947785],[2.031869350170998,41.294227246423169],[2.031892721402708,41.294158809510677],[2.031926218968619,41.294103407095676],[2.031986815299807,41.294015824085776],[2.032026458280084,41.293981055707647],[2.032106423084695,41.293787705115108],[2.032100094840535,41.2935369701204],[2.032050503097704,41.293183003506549]]]]}},
{"type":"Feature","properties":{"Campanya":2024,"Provincia":"Barcelona","Comarca":"Baix Llobregat","Municipi":"VILADECANS","ID_MUN":"08302","Grup":"HORTÍCOLES","Cultiu":"HORTA","Seca_Regad":"R","Sist_Regad":"ASPERSIÓ FIXA","Varietat":"NO ESPECIFICADA","Producte2n":null,"HA":0.5904,"Shape_Leng":359.54841827500002,"Shape_Le_1":359.422245976,"Shape_Area":5900.20581176,"rendiment_":19845,"area_m2":5903.98,"area_ha":0.0059,"rend_sup":null},"geometry":{"type":"MultiPolygon","coordinates":[[[[2.033291554883279,41.294798542062374],[2.033295951088607,41.294792004329381],[2.033318593086502,41.29479390322367],[2.033334005995693,41.294779600670608],[2.033360441272978,41.294743315731864],[2.033412178737418,41.294650167445674],[2.033409646361854,41.29463198864277],[2.033389151321623,41.294616616198823],[2.03336874861517,41.294594909475272],[2.033366348344319,41.294567864690393],[2.033390709490145,41.294466822837542],[2.033431746025462,41.294381233037861],[2.033552717540264,41.294157770143478],[2.033583549780593,41.29404997101814],[2.033579035506005,41.293982384150354],[2.03358717118976,41.293983770268618],[2.033589639041192,41.293945877957682],[2.033605912095631,41.293859768515077],[2.033650802109302,41.293740674744896],[2.033676523591824,41.293649696728956],[2.033669284506905,41.293593308666551],[2.033588302680585,41.293573897472506],[2.033584726492383,41.29355919495115],[2.033222184667447,41.293508485016524],[2.033158959532882,41.29351735882716],[2.03312316473205,41.293617533557047],[2.032936137939326,41.294442501593664],[2.032903719891949,41.29466444784326],[2.032905559884561,41.294709681497473],[2.033285751806451,41.294817369670803],[2.033291554883279,41.294798542062374]]]]}},
{"type":"Feature","properties":{"Campanya":2024,"Provincia":"Barcelona","Comarca":"Baix Llobregat","Municipi":"VILADECANS","ID_MUN":"08302","Grup":"HORTÍCOLES","Cultiu":"HORTA","Seca_Regad":"R","Sist_Regad":"ASPERSIÓ FIXA","Varietat":"NO ESPECIFICADA","Producte2n":null,"HA":0.394,"Shape_Leng":337.12245869700001,"Shape_Le_1":337.19449468900001,"Shape_Area":3936.0437367999998,"rendiment_":19845,"area_m2":3938.55,"area_ha":0.0039,"rend_sup":null},"geometry":{"type":"MultiPolygon","coordinates":[[[[2.024273615477718,41.300311913282947],[2.024357793813996,41.300211633640828],[2.024387024969874,41.300222701935354],[2.024409369356122,41.300194293330748],[2.024544833599179,41.300012495361351],[2.025138500833458,41.299249570658027],[2.024859544453873,41.299125444524037],[2.024852639148175,41.299134141449208],[2.024663347184838,41.299371061668403],[2.024550458795237,41.299510657227025],[2.024141014548796,41.30001087671512],[2.024020026801394,41.300153053708136],[2.024002560234253,41.300173579012551],[2.02398397281792,41.300195597256213],[2.024262509908998,41.300327587841387],[2.024273615477718,41.300311913282947]]]]}},
{"type":"Feature","properties":{"Campanya":2024,"Provincia":"Barcelona","Comarca":"Baix Llobregat","Municipi":"VILADECANS","ID_MUN":"08302","Grup":"HORTÍCOLES","Cultiu":"HORTA","Seca_Regad":"R","Sist_Regad":"ASPERSIÓ FIXA","Varietat":"NO ESPECIFICADA","Producte2n":null,"HA":0.2939,"Shape_Leng":253.20810893800001,"Shape_Le_1":253.22377169800001,"Shape_Area":2941.7794840299998,"rendiment_":19845,"area_m2":2943.65,"area_ha":0.0029,"rend_sup":null},"geometry":{"type":"MultiPolygon","coordinates":[[[[2.02421426486607,41.300395685237987],[2.023929176367724,41.300261468330447],[2.023464366147119,41.300817788511104],[2.023315673925627,41.300997708797496],[2.023633424971637,41.301150992778197],[2.02404000338094,41.300640828615528],[2.02421426486607,41.300395685237987]]]]}},
{"type":"Feature","properties":{"Campanya":2024,"Provincia":"Barcelona","Comarca":"Baix Llobregat","Municipi":"VILADECANS","ID_MUN":"08302","Grup":"HORTÍCOLES","Cultiu":"HORTA","Seca_Regad":"R","Sist_Regad":"ASPERSIÓ FIXA","Varietat":"NO ESPECIFICADA","Producte2n":null,"HA":0.4463,"Shape_Leng":299.88199540199997,"Shape_Le_1":299.88199540099998,"Shape_Area":4459.8187088599998,"rendiment_":19845,"area_m2":4462.66,"area_ha":0.0045,"rend_sup":null},"geometry":{"type":"MultiPolygon","coordinates":[[[[2.025506544127923,41.300672349125186],[2.025037121870453,41.300565146005731],[2.024357472781925,41.301396637860677],[2.024837870965217,41.301504893344969],[2.024856083099651,41.301492709032473],[2.024974608379308,41.301343088085289],[2.025477960169469,41.300740580174271],[2.025506544127923,41.300672349125186]]]]}},
{"type":"Feature","properties":{"Campanya":2024,"Provincia":"Barcelona","Comarca":"Baix Llobregat","Municipi":"VILADECANS","ID_MUN":"08302","Grup":"HORTÍCOLES","Cultiu":"HORTA","Seca_Regad":"R","Sist_Regad":"ASPERSIÓ FIXA","Varietat":"NO ESPECIFICADA","Producte2n":null,"HA":0.1008,"Shape_Leng":129.80653464,"Shape_Le_1":129.80653463799999,"Shape_Area":1006.86347611,"rendiment_":19845,"area_m2":1007.5,"area_ha":0.001,"rend_sup":null},"geometry":{"type":"MultiPolygon","coordinates":[[[[2.023579403443074,41.30119522391395],[2.02325513935468,41.301097164284513],[2.023180277265345,41.301271093494975],[2.023165768401709,41.301322854114105],[2.023409819509648,41.301545582253055],[2.023436992431852,41.301514853692453],[2.023479712511189,41.301427125453216],[2.023560035468238,41.301276554032761],[2.023589834290409,41.301201741118362],[2.023579403443074,41.30119522391395]]]]}},
{"type":"Feature","properties":{"Campanya":2024,"Provincia":"Barcelona","Comarca":"Baix Llobregat","Municipi":"VILADECANS","ID_MUN":"08302","Grup":"HORTÍCOLES","Cultiu":"HORTA","Seca_Regad":"R","Sist_Regad":"ASPERSIÓ FIXA","Varietat":"NO ESPECIFICADA","Producte2n":null,"HA":0.2146,"Shape_Leng":187.715180363,"Shape_Le_1":184.78222370899999,"Shape_Area":2141.4682194400002,"rendiment_":19845,"area_m2":2142.83,"area_ha":0.0021,"rend_sup":null},"geometry":{"type":"MultiPolygon","coordinates":[[[[2.02381971394172,41.301335190082781],[2.023616986436528,41.301711793214572],[2.023631612693053,41.301733984988601],[2.023854038698072,41.30184840067664],[2.023947879024492,41.301884007206638],[2.023984046333979,41.301903743271808],[2.024011806696694,41.301906669229041],[2.024008979426196,41.30189464804095],[2.024161284760264,41.301678455498859],[2.024299621914499,41.301446487339803],[2.024292635201732,41.301433360797013],[2.024114682140512,41.301397400849318],[2.023905966705877,41.301345347112964],[2.02381971394172,41.301335190082781]]]]}},
{"type":"Feature","properties":{"Campanya":2024,"Provincia":"Barcelona","Comarca":"Baix Llobregat","Municipi":"VILADECANS","ID_MUN":"08302","Grup":"HORTÍCOLES","Cultiu":"HORTA","Seca_Regad":"R","Sist_Regad":"ASPERSIÓ FIXA","Varietat":"NO ESPECIFICADA","Producte2n":null,"HA":0.2317,"Shape_Leng":193.3049894,"Shape_Le_1":193.304989401,"Shape_Area":2315.3408899800002,"rendiment_":19845,"area_m2":2316.81,"area_ha":0.0023,"rend_sup":null},"geometry":{"type":"MultiPolygon","coordinates":[[[[2.024334792181926,41.301466031089355],[2.024325828068268,41.301463117713354],[2.024035231311422,41.301939141158677],[2.024133352623363,41.301987344926196],[2.024229360518771,41.302018436081354],[2.02438267505842,41.3020629180808],[2.024466231442063,41.302066466366682],[2.024727583068118,41.301655658547112],[2.02475239512465,41.301601761052559],[2.024334792181926,41.301466031089355]]]]}},
{"type":"Feature","properties":{"Campanya":2024,"Provincia":"Barcelona","Comarca":"Baix Llobregat","Municipi":"VILADECANS","ID_MUN":"08302","Grup":"HORTÍCOLES","Cultiu":"HORTA","Seca_Regad":"R","Sist_Regad":"ASPERSIÓ FIXA","Varietat":"NO ESPECIFICADA","Producte2n":null,"HA":0.2133,"Shape_Leng":218.158449999,"Shape_Le_1":218.15844999699999,"Shape_Area":2132.1234761000001,"rendiment_":19845,"area_m2":2133.49,"area_ha":0.0021,"rend_sup":null},"geometry":{"type":"MultiPolygon","coordinates":[[[[2.041588773342853,41.301644222334119],[2.0415663444539,41.30163795094456],[2.041191470046617,41.302316988875859],[2.041469774634998,41.302415770983558],[2.041475518528948,41.302425180414161],[2.041846137182742,41.301716188292666],[2.041588773342853,41.301644222334119]]]]}},
{"type":"Feature","properties":{"Campanya":2024,"Provincia":"Barcelona","Comarca":"Baix Llobregat","Municipi":"VILADECANS","ID_MUN":"08302","Grup":"HORTÍCOLES","Cultiu":"HORTA","Seca_Regad":"R","Sist_Regad":"ASPERSIÓ FIXA","Varietat":"NO ESPECIFICADA","Producte2n":null,"HA":1.3095,"Shape_Leng":467.87803653600002,"Shape_Le_1":467.87803654099997,"Shape_Area":13086.992200500001,"rendiment_":19845,"area_m2":13095.37,"area_ha":0.0131,"rend_sup":null},"geometry":{"type":"MultiPolygon","coordinates":[[[[2.035946530607067,41.301141063845627],[2.035901687126118,41.301122619907865],[2.035612830820291,41.301530428726259],[2.03560732213347,41.30157435406791],[2.035449468906489,41.301837675552058],[2.036052789543934,41.302084619729847],[2.036036527930809,41.302099372204147],[2.036539539763659,41.30231328687838],[2.036788069868308,41.302399205113652],[2.036933080656014,41.30241353896762],[2.037479826608448,41.301741110127459],[2.035946530607067,41.301141063845627]]]]}},
{"type":"Feature","properties":{"Campanya":2024,"Provincia":"Barcelona","Comarca":"Baix Llobregat","Municipi":"VILADECANS","ID_MUN":"08302","Grup":"HORTÍCOLES","Cultiu":"HORTA","Seca_Regad":"R","Sist_Regad":"ASPERSIÓ FIXA","Varietat":"NO ESPECIFICADA","Producte2n":null,"HA":0.278,"Shape_Leng":252.79969429100001,"Shape_Le_1":252.79969429799999,"Shape_Area":2778.1100637099998,"rendiment_":19845,"area_m2":2779.89,"area_ha":0.0028,"rend_sup":null},"geometry":{"type":"MultiPolygon","coordinates":[[[[2.035653270426384,41.301968934073031],[2.035359853236463,41.301849968459194],[2.035123004553925,41.302184348620948],[2.035006572800808,41.30237054503219],[2.034908967084352,41.302550566826071],[2.034843960493484,41.302680971503968],[2.034851049964582,41.30269619253702],[2.035037394841647,41.302707404732729],[2.035118623162687,41.302717045531502],[2.03512858230674,41.302731833017226],[2.035150358421525,41.302734804308166],[2.035653270426384,41.301968934073031]]]]}},
{"type":"Feature","properties":{"Campanya":2024,"Provincia":"Barcelona","Comarca":"Baix Llobregat","Municipi":"VILADECANS","ID_MUN":"08302","Grup":"HORTÍCOLES","Cultiu":"HORTA","Seca_Regad":"R","Sist_Regad":"ASPERSIÓ FIXA","Varietat":"NO ESPECIFICADA","Producte2n":null,"HA":0.2636,"Shape_Leng":254.80786205199999,"Shape_Le_1":254.807862051,"Shape_Area":2634.2765578799999,"rendiment_":19845,"area_m2":2635.96,"area_ha":0.0026,"rend_sup":null},"geometry":{"type":"MultiPolygon","coordinates":[[[[2.032284024112675,41.30612557361637],[2.031980008679557,41.305988176281488],[2.0313980768835,41.306766917636473],[2.031603596746135,41.306900469412284],[2.032284024112675,41.30612557361637]]]]}},
{"type":"Feature","properties":{"Campanya":2024,"Provincia":"Barcelona","Comarca":"Baix Llobregat","Municipi":"VILADECANS","ID_MUN":"08302","Grup":"HORTÍCOLES","Cultiu":"HORTA","Seca_Regad":"R","Sist_Regad":"ASPERSIÓ FIXA","Varietat":"NO ESPECIFICADA","Producte2n":null,"HA":0.274,"Shape_Leng":214.93039277899999,"Shape_Le_1":214.89861602900001,"Shape_Area":2738.0759859899999,"rendiment_":19845,"area_m2":2739.83,"area_ha":0.0027,"rend_sup":null},"geometry":{"type":"MultiPolygon","coordinates":[[[[2.034789708445551,41.308818524228435],[2.03450333351145,41.308633874571072],[2.034395475486009,41.30856310641159],[2.034278097207247,41.308661827145301],[2.033853438450834,41.30900019499569],[2.033875982982249,41.309012001835463],[2.033981001553838,41.309066479711042],[2.034067908345153,41.309119181948397],[2.034137084976963,41.309126788380979],[2.034170849678571,41.309137790740138],[2.034298872395869,41.30921344594946],[2.034789708445551,41.308818524228435]]]]}},
{"type":"Feature","properties":{"Campanya":2024,"Provincia":"Barcelona","Comarca":"Baix Llobregat","Municipi":"VILADECANS","ID_MUN":"08302","Grup":"HORTÍCOLES","Cultiu":"HORTA","Seca_Regad":"R","Sist_Regad":"ASPERSIÓ FIXA","Varietat":"NO ESPECIFICADA","Producte2n":null,"HA":0.4983,"Shape_Leng":306.29440564100003,"Shape_Le_1":306.294427052,"Shape_Area":4979.6721561300001,"rendiment_":19845,"area_m2":4982.85,"area_ha":0.005,"rend_sup":null},"geometry":{"type":"MultiPolygon","coordinates":[[[[2.032233718771607,41.309699458042417],[2.032123513877393,41.309620267174957],[2.032082780667809,41.309656294570651],[2.03202943409948,41.309622090922723],[2.032044810969035,41.309609515038787],[2.031869471051551,41.309487835925829],[2.031435875043121,41.309789811964684],[2.0318213578142,41.310037199282299],[2.032316763991944,41.310380978356513],[2.03277160885478,41.310052158589464],[2.032542682816154,41.309907426554169],[2.032330395156936,41.309762061995777],[2.032233718771607,41.309699458042417]]]]}},
{"type":"Feature","properties":{"Campanya":2024,"Provincia":"Barcelona","Comarca":"Baix Llobregat","Municipi":"VILADECANS","ID_MUN":"08302","Grup":"HORTÍCOLES","Cultiu":"HORTA","Seca_Regad":"R","Sist_Regad":"ASPERSIÓ FIXA","Varietat":"NO ESPECIFICADA","Producte2n":null,"HA":0.5348,"Shape_Leng":327.63210433900002,"Shape_Le_1":327.63210433500001,"Shape_Area":5344.4483937200002,"rendiment_":19845,"area_m2":5347.88,"area_ha":0.0053,"rend_sup":null},"geometry":{"type":"MultiPolygon","coordinates":[[[[2.041192965411909,41.314309122965106],[2.040687740471085,41.314140434717309],[2.04066772440169,41.314164548723831],[2.040415657764224,41.31435890734776],[2.040265479018946,41.314465025559592],[2.040018954814441,41.314647895306827],[2.039796067712642,41.314807906810266],[2.039772984839632,41.31483401637324],[2.039780827715254,41.314853177873871],[2.03985762763814,41.314887146609287],[2.040038531777954,41.314975123831012],[2.040265092148652,41.315127079497664],[2.040354090051991,41.315038106069913],[2.040500280651896,41.314902589797022],[2.041192965411909,41.314309122965106]]]]}},
{"type":"Feature","properties":{"Campanya":2024,"Provincia":"Barcelona","Comarca":"Baix Llobregat","Municipi":"VILADECANS","ID_MUN":"08302","Grup":"ALTRES PRODUCTES","Cultiu":"PAULÒNIA ROT. CURTA","Seca_Regad":"R","Sist_Regad":"ASPERSIÓ FIXA","Varietat":"NO ESPECIFICADA","Producte2n":null,"HA":0.3844,"Shape_Leng":323.56110573500001,"Shape_Le_1":323.35783062199999,"Shape_Area":3838.4288265800001,"rendiment_":0,"area_m2":3840.88,"area_ha":0.0038,"rend_sup":0.0},"geometry":{"type":"MultiPolygon","coordinates":[[[[2.030376444030809,41.285505593955797],[2.030478348891927,41.285139570035909],[2.030566787346586,41.28469083359051],[2.030309484097596,41.284882486186028],[2.030270328151544,41.284911406165001],[2.029484800909508,41.285494946521091],[2.029476210100107,41.285501344842338],[2.029553643195978,41.285594686086014],[2.030376444030809,41.285505593955797]],[[2.030311389016575,41.285047263295446],[2.030319269069157,41.285017925192697],[2.0304073654817,41.285027061464753],[2.030394791616936,41.285057740005001],[2.030311389016575,41.285047263295446]]]]}},
{"type":"Feature","properties":{"Campanya":2024,"Provincia":"Barcelona","Comarca":"Baix Llobregat","Municipi":"VILADECANS","ID_MUN":"08302","Grup":"ALTRES PRODUCTES","Cultiu":"JULIVERT","Seca_Regad":"R","Sist_Regad":"ASPERSIÓ FIXA","Varietat":"NO ESPECIFICADA","Producte2n":null,"HA":0.2672,"Shape_Leng":243.30112838299999,"Shape_Le_1":242.796963156,"Shape_Area":2671.92161528,"rendiment_":11800,"area_m2":2673.63,"area_ha":0.0027,"rend_sup":31.86},"geometry":{"type":"MultiPolygon","coordinates":[[[[2.035517607054709,41.302780078940955],[2.035607926448134,41.302658785680762],[2.035880443955485,41.302229711889275],[2.035843486579143,41.302214375850618],[2.035939630790893,41.302085038471326],[2.035653270426407,41.301968934073031],[2.035150358421547,41.302734804308166],[2.035395374735784,41.302768234944033],[2.035496140889475,41.302796731773554],[2.035517607054709,41.302780078940955]]]]}},
{"type":"Feature","properties":{"Campanya":2024,"Provincia":"Barcelona","Comarca":"Baix Llobregat","Municipi":"VILADECANS","ID_MUN":"08302","Grup":"GUARET","Cultiu":"GUARET / SUP. LLIURE SEMBRA","Seca_Regad":"R","Sist_Regad":"DEGOTEIG","Varietat":"NO ESPECIFICADA","Producte2n":null,"HA":0.5187,"Shape_Leng":319.59336449300002,"Shape_Le_1":319.59336449900002,"Shape_Area":5183.3480974100003,"rendiment_":0,"area_m2":5186.68,"area_ha":0.0052,"rend_sup":0.0},"geometry":{"type":"MultiPolygon","coordinates":[[[[2.044475841250946,41.275553043149216],[2.044610490253381,41.275244025792269],[2.044657671110492,41.275242795971245],[2.044742734556982,41.275009932792877],[2.044825984031681,41.274712920070534],[2.044620665468109,41.274775172359753],[2.044428096366059,41.274798345964889],[2.044240179955321,41.274797057087511],[2.04401596650116,41.274780203935038],[2.043989543597287,41.274856871042886],[2.043986021759151,41.274893418229212],[2.043886105516311,41.275152091390197],[2.04386196390502,41.275241612399583],[2.043835307161218,41.275438425953787],[2.043837654122524,41.275484108786451],[2.04381041031617,41.275499752160862],[2.043805158900823,41.275495102033624],[2.043777997718929,41.275508519397576],[2.04395467691435,41.275510796627842],[2.043967474726313,41.275468295865856],[2.044171177678987,41.275492506505195],[2.044475841250946,41.275553043149216]]]]}},
{"type":"Feature","properties":{"Campanya":2024,"Provincia":"Barcelona","Comarca":"Baix Llobregat","Municipi":"VILADECANS","ID_MUN":"08302","Grup":"GUARET","Cultiu":"GUARET / SUP. LLIURE SEMBRA","Seca_Regad":"R","Sist_Regad":"DEGOTEIG","Varietat":"NO ESPECIFICADA","Producte2n":null,"HA":0.295,"Shape_Leng":235.11356509800001,"Shape_Le_1":235.14472276500001,"Shape_Area":2949.5445413399998,"rendiment_":0,"area_m2":2951.44,"area_ha":0.003,"rend_sup":0.0},"geometry":{"type":"MultiPolygon","coordinates":[[[[2.040240112959492,41.277830375421047],[2.040210425920508,41.27782186737474],[2.03932850343856,41.277564337408954],[2.039323264309466,41.277568956940911],[2.039347906577209,41.277588766805032],[2.039334158915005,41.27762170920623],[2.03931840068689,41.27765414841442],[2.039252851617038,41.277730341030342],[2.039208677060451,41.277792117833776],[2.039186045375171,41.277842578882087],[2.039185709774636,41.277862611766835],[2.039217309900852,41.277885998114058],[2.039354441585017,41.277916677696481],[2.03963884834924,41.278010809706103],[2.039779583368598,41.278063618178386],[2.040031832797724,41.278133739552175],[2.040085812678108,41.278101439719158],[2.040133012228937,41.278019134178855],[2.040240112959492,41.277830375421047]]]]}},
{"type":"Feature","properties":{"Campanya":2024,"Provincia":"Barcelona","Comarca":"Baix Llobregat","Municipi":"VILADECANS","ID_MUN":"08302","Grup":"GUARET","Cultiu":"GUARET / SUP. LLIURE SEMBRA","Seca_Regad":"R","Sist_Regad":"DEGOTEIG","Varietat":"NO ESPECIFICADA","Producte2n":null,"HA":0.4525,"Shape_Leng":561.92609520300005,"Shape_Le_1":561.92609520600001,"Shape_Area":4522.3271368200003,"rendiment_":0,"area_m2":4525.23,"area_ha":0.0045,"rend_sup":0.0},"geometry":{"type":"MultiPolygon","coordinates":[[[[2.045739561344935,41.27968019500797],[2.04304723821235,41.279510495713986],[2.042994948277761,41.279656976448109],[2.045955848265868,41.279874029626775],[2.046042351172877,41.279715040219607],[2.045931220658109,41.279704211734995],[2.045739561344935,41.27968019500797]],[[2.043741564942527,41.279574687250957],[2.04383117007192,41.279573514734601],[2.043830330771123,41.279627579697845],[2.043760005061448,41.279622214287009],[2.043741564942527,41.279574687250957]]]]}},
{"type":"Feature","properties":{"Campanya":2024,"Provincia":"Barcelona","Comarca":"Baix Llobregat","Municipi":"VILADECANS","ID_MUN":"08302","Grup":"GUARET","Cultiu":"GUARET / SUP. LLIURE SEMBRA","Seca_Regad":"R","Sist_Regad":"DEGOTEIG","Varietat":"NO ESPECIFICADA","Producte2n":null,"HA":0.4533,"Shape_Leng":273.20007035499998,"Shape_Le_1":273.200070353,"Shape_Area":4529.9330264,"rendiment_":0,"area_m2":4532.85,"area_ha":0.0045,"rend_sup":0.0},"geometry":{"type":"MultiPolygon","coordinates":[[[[2.04739006321435,41.281443907219341],[2.047545647353396,41.281214222668325],[2.047689203228456,41.28098167394694],[2.046812643676277,41.280701089647728],[2.046510026998796,41.281146625029479],[2.04739006321435,41.281443907219341]]]]}},
{"type":"Feature","properties":{"Campanya":2024,"Provincia":"Barcelona","Comarca":"Baix Llobregat","Municipi":"VILADECANS","ID_MUN":"08302","Grup":"GUARET","Cultiu":"GUARET / SUP. LLIURE SEMBRA","Seca_Regad":"R","Sist_Regad":"DEGOTEIG","Varietat":"NO ESPECIFICADA","Producte2n":null,"HA":0.4815,"Shape_Leng":292.73678039599997,"Shape_Le_1":292.73678040300001,"Shape_Area":4812.2986262499999,"rendiment_":0,"area_m2":4815.38,"area_ha":0.0048,"rend_sup":0.0},"geometry":{"type":"MultiPolygon","coordinates":[[[[2.036065419252602,41.282592081007408],[2.036065053332122,41.282580918392767],[2.035849830434,41.282628444445017],[2.035523764220271,41.28267345520922],[2.035421507549672,41.282691258613731],[2.035448086013816,41.283148807573212],[2.035321220004295,41.2831602659802],[2.035358871320628,41.283429862703208],[2.035591211163081,41.283387808098567],[2.03574584039346,41.283356224721778],[2.035780413312316,41.283343812663333],[2.036161493611379,41.283244495454049],[2.036192793054505,41.283211159068081],[2.036179937766163,41.283127190424196],[2.036066153216716,41.28261442426966],[2.036065419252602,41.282592081007408]]]]}},
{"type":"Feature","properties":{"Campanya":2024,"Provincia":"Barcelona","Comarca":"Baix Llobregat","Municipi":"VILADECANS","ID_MUN":"08302","Grup":"GUARET","Cultiu":"GUARET / SUP. LLIURE SEMBRA","Seca_Regad":"R","Sist_Regad":"DEGOTEIG","Varietat":"NO ESPECIFICADA","Producte2n":null,"HA":0.749,"Shape_Leng":367.54594799,"Shape_Le_1":366.98869871900001,"Shape_Area":7481.0052562299998,"rendiment_":0,"area_m2":7485.79,"area_ha":0.0075,"rend_sup":0.0},"geometry":{"type":"MultiPolygon","coordinates":[[[[2.033482353739808,41.285672752628237],[2.033538118938038,41.28537282742429],[2.033549767553049,41.285373922366993],[2.03360473631356,41.285024421475136],[2.033674294231341,41.284737120848767],[2.033731773951306,41.284539976077724],[2.033574617501903,41.284524065335411],[2.033197688928393,41.284543601248266],[2.033076340147189,41.284561228692041],[2.032996637288528,41.284621360640259],[2.032934711668342,41.284723077850977],[2.032907075048938,41.284839855604822],[2.032890659322229,41.284892142060094],[2.032871093938148,41.285052673683381],[2.032863500251984,41.285219340988789],[2.032868552601693,41.285281626111647],[2.032792953121141,41.285646204989042],[2.032802130238061,41.285648645247157],[2.033177159081681,41.285672165091441],[2.033482353739808,41.285672752628237]]]]}},
{"type":"Feature","properties":{"Campanya":2024,"Provincia":"Barcelona","Comarca":"Baix Llobregat","Municipi":"VILADECANS","ID_MUN":"08302","Grup":"GUARET","Cultiu":"GUARET / SUP. LLIURE SEMBRA","Seca_Regad":"R","Sist_Regad":"DEGOTEIG","Varietat":"NO ESPECIFICADA","Producte2n":null,"HA":0.0831,"Shape_Leng":216.13287368799999,"Shape_Le_1":215.917072284,"Shape_Area":829.27873961700004,"rendiment_":0,"area_m2":829.81,"area_ha":0.0008,"rend_sup":0.0},"geometry":{"type":"MultiPolygon","coordinates":[[[[2.032202944303982,41.285678876298526],[2.031012536160616,41.285664428341953],[2.031014681069251,41.285741823668744],[2.032203485056884,41.285751461560992],[2.032202944303982,41.285678876298526]]]]}},
{"type":"Feature","properties":{"Campanya":2024,"Provincia":"Barcelona","Comarca":"Baix Llobregat","Municipi":"VILADECANS","ID_MUN":"08302","Grup":"GUARET","Cultiu":"GUARET / SUP. LLIURE SEMBRA","Seca_Regad":"R","Sist_Regad":"DEGOTEIG","Varietat":"NO ESPECIFICADA","Producte2n":null,"HA":0.8878,"Shape_Leng":371.45518477100001,"Shape_Le_1":371.06937495099999,"Shape_Area":8870.7297366099992,"rendiment_":0,"area_m2":8876.42,"area_ha":0.0089,"rend_sup":0.0},"geometry":{"type":"MultiPolygon","coordinates":[[[[2.042363844895205,41.285248939106523],[2.042364223467112,41.285126429529583],[2.042344764174778,41.285104961004457],[2.042318360411009,41.285101891328402],[2.042285515771614,41.2850765732681],[2.042228059850004,41.285069092704205],[2.042142629077908,41.285069782550345],[2.04149174449002,41.285134377359547],[2.041377742137458,41.285136180772405],[2.041359788686679,41.28514737006028],[2.041359364239409,41.28524857260841],[2.041349020016966,41.285300150601998],[2.041376537112348,41.285736102025773],[2.04140289646247,41.286058052280922],[2.041410636675359,41.286108186519733],[2.041446576453969,41.286133449530716],[2.041613289501404,41.286118214076588],[2.042250235966966,41.286061350091842],[2.042271870216148,41.286033325413932],[2.042314448528921,41.285825939496647],[2.042346944607798,41.285535374331424],[2.042363844895205,41.285248939106523]]]]}},
{"type":"Feature","properties":{"Campanya":2024,"Provincia":"Barcelona","Comarca":"Baix Llobregat","Municipi":"VILADECANS","ID_MUN":"08302","Grup":"GUARET","Cultiu":"GUARET / SUP. LLIURE SEMBRA","Seca_Regad":"R","Sist_Regad":"DEGOTEIG","Varietat":"NO ESPECIFICADA","Producte2n":null,"HA":0.6735,"Shape_Leng":339.93584533199999,"Shape_Le_1":339.93584533299997,"Shape_Area":6731.0763002800004,"rendiment_":0,"area_m2":6735.39,"area_ha":0.0067,"rend_sup":0.0},"geometry":{"type":"MultiPolygon","coordinates":[[[[2.041326948288144,41.285786365052338],[2.041283499290053,41.285152135682594],[2.041078558166438,41.285166801811542],[2.040637456292999,41.285209906671284],[2.040580805826587,41.285265570049575],[2.04059457974374,41.2852946569759],[2.040578956812192,41.285322499947007],[2.040611499867239,41.285704160335754],[2.040608246859788,41.28602266805607],[2.040613466016122,41.286148420159044],[2.040618350471463,41.286200662752591],[2.040640352575269,41.286241329088277],[2.040660811560834,41.286248504823412],[2.040701562420224,41.286234806049187],[2.040925365062632,41.286206894406838],[2.04130157529315,41.286152990161085],[2.041321496454245,41.286119163096572],[2.041336912639696,41.28603086903783],[2.0413237783354,41.285904127761697],[2.041326948288144,41.285786365052338]]]]}},
{"type":"Feature","properties":{"Campanya":2024,"Provincia":"Barcelona","Comarca":"Baix Llobregat","Municipi":"VILADECANS","ID_MUN":"08302","Grup":"GUARET","Cultiu":"GUARET / SUP. LLIURE SEMBRA","Seca_Regad":"R","Sist_Regad":"DEGOTEIG","Varietat":"NO ESPECIFICADA","Producte2n":null,"HA":0.4818,"Shape_Leng":345.442290544,"Shape_Le_1":315.72070326099998,"Shape_Area":4805.16082912,"rendiment_":0,"area_m2":4808.24,"area_ha":0.0048,"rend_sup":0.0},"geometry":{"type":"MultiPolygon","coordinates":[[[[2.040562376577346,41.285972214162896],[2.040549004060646,41.28534249133368],[2.040546944785948,41.285290273178262],[2.040534967873496,41.285218407796293],[2.04019025250019,41.285245941119939],[2.040124674729495,41.285275801355574],[2.040100864145546,41.285383425118575],[2.040088599660852,41.28573004601617],[2.040097628268705,41.285731149975135],[2.040088968512507,41.286086520426565],[2.040095849033368,41.286195241276104],[2.040105976237673,41.286275225151265],[2.040143387787122,41.286324543089123],[2.040208918689998,41.286382617586504],[2.040269238900383,41.286410818956192],[2.040298807341679,41.286415748538495],[2.040456274359461,41.286369764917346],[2.040529830504946,41.286325384055004],[2.040545486165944,41.286257583548334],[2.04056152762413,41.286126681540829],[2.040562376577346,41.285972214162896]]]]}},
{"type":"Feature","properties":{"Campanya":2024,"Provincia":"Barcelona","Comarca":"Baix Llobregat","Municipi":"VILADECANS","ID_MUN":"08302","Grup":"GUARET","Cultiu":"GUARET / SUP. LLIURE SEMBRA","Seca_Regad":"R","Sist_Regad":"DEGOTEIG","Varietat":"NO ESPECIFICADA","Producte2n":null,"HA":0.9275,"Shape_Leng":414.75882139599997,"Shape_Le_1":414.75882139700002,"Shape_Area":9269.2654677600003,"rendiment_":0,"area_m2":9275.21,"area_ha":0.0093,"rend_sup":0.0},"geometry":{"type":"MultiPolygon","coordinates":[[[[2.042262700628687,41.286141402775414],[2.042246150303595,41.286129803773285],[2.041967652397214,41.286151556463345],[2.041544377838495,41.286198466637195],[2.041455904655519,41.286219507685949],[2.041309724208431,41.286236629867105],[2.041215439235282,41.286239282804821],[2.040982555831044,41.28626026815936],[2.040752527729174,41.286293883005825],[2.040593533113017,41.28635560052961],[2.040529142486008,41.286392888660345],[2.040525514762749,41.2864329756773],[2.04052874571362,41.28654093826087],[2.040604788466489,41.286546438878787],[2.040578507225832,41.286873107391614],[2.040614299330596,41.286892805419825],[2.041143565735364,41.28683639222875],[2.041734061956958,41.28679743958164],[2.042149756995606,41.286780008860049],[2.042173729893891,41.28676675635112],[2.042244585282865,41.286340693476085],[2.042262700628687,41.286141402775414]]]]}},
{"type":"Feature","properties":{"Campanya":2024,"Provincia":"Barcelona","Comarca":"Baix Llobregat","Municipi":"VILADECANS","ID_MUN":"08302","Grup":"GUARET","Cultiu":"GUARET / SUP. LLIURE SEMBRA","Seca_Regad":"R","Sist_Regad":"DEGOTEIG","Varietat":"NO ESPECIFICADA","Producte2n":null,"HA":0.291,"Shape_Leng":220.69759944699999,"Shape_Le_1":220.58881115099999,"Shape_Area":2908.87589149,"rendiment_":0,"area_m2":2910.74,"area_ha":0.0029,"rend_sup":0.0},"geometry":{"type":"MultiPolygon","coordinates":[[[[2.043192804241928,41.286653514944874],[2.043117825534448,41.28729344095138],[2.043198319382786,41.287295975517772],[2.043220951608745,41.287302473473297],[2.043223265823218,41.287295455952979],[2.043424738211204,41.287314377254653],[2.043550312595257,41.287231792125972],[2.043677197212287,41.287064283956965],[2.043816460525786,41.286821023460654],[2.043817871188597,41.286813886727629],[2.043786815362526,41.286784307138255],[2.043722061810683,41.286753472981211],[2.043518519005966,41.286724010490644],[2.043395486110615,41.286714545732707],[2.043333555614192,41.286702821523114],[2.043259193888533,41.286660126182596],[2.043192804241928,41.286653514944874]]]]}},
{"type":"Feature","properties":{"Campanya":2024,"Provincia":"Barcelona","Comarca":"Baix Llobregat","Municipi":"VILADECANS","ID_MUN":"08302","Grup":"GUARET","Cultiu":"GUARET / SUP. LLIURE SEMBRA","Seca_Regad":"R","Sist_Regad":"DEGOTEIG","Varietat":"NO ESPECIFICADA","Producte2n":null,"HA":0.3475,"Shape_Leng":230.94677171199999,"Shape_Le_1":230.862458565,"Shape_Area":3473.1298410600002,"rendiment_":0,"area_m2":3475.36,"area_ha":0.0035,"rend_sup":0.0},"geometry":{"type":"MultiPolygon","coordinates":[[[[2.04056645631276,41.286989685394673],[2.040524965015768,41.286889315316408],[2.040492557006077,41.28688056180691],[2.040353869188363,41.286869601804106],[2.040272886635275,41.286883428026236],[2.040256259859779,41.286907127175631],[2.039959943181942,41.286904656259381],[2.039934707751287,41.286929133884577],[2.03992668037642,41.286998531919437],[2.039898650967618,41.287145325512043],[2.039869959517568,41.287277804063045],[2.039852561519353,41.287416321383176],[2.03989162422335,41.287436782837368],[2.040430910574309,41.287454931535294],[2.040546280644091,41.287454931186495],[2.040575792635401,41.287388385644896],[2.040583712925158,41.287328862632513],[2.040572055242365,41.287328028645717],[2.040579555362447,41.287085486153224],[2.04056645631276,41.286989685394673]]]]}},
{"type":"Feature","properties":{"Campanya":2024,"Provincia":"Barcelona","Comarca":"Baix Llobregat","Municipi":"VILADECANS","ID_MUN":"08302","Grup":"GUARET","Cultiu":"GUARET / SUP. LLIURE SEMBRA","Seca_Regad":"R","Sist_Regad":"DEGOTEIG","Varietat":"NO ESPECIFICADA","Producte2n":null,"HA":0.8828,"Shape_Leng":390.93234459899998,"Shape_Le_1":390.32599186200002,"Shape_Area":8824.0669384600005,"rendiment_":0,"area_m2":8829.73,"area_ha":0.0088,"rend_sup":0.0},"geometry":{"type":"MultiPolygon","coordinates":[[[[2.042108246766455,41.287345794378702],[2.042113815470714,41.2872714908966],[2.042171034715139,41.286829455811407],[2.042128814436743,41.286815589456658],[2.041630926924517,41.286842540571818],[2.04103206077761,41.286885600696579],[2.040638658586336,41.286928692135398],[2.04062453530397,41.287101554118372],[2.040608033361075,41.287330602933494],[2.040587237501477,41.287452005489243],[2.040866887731307,41.287473314089134],[2.041512154482397,41.287497511998694],[2.042075589579038,41.287525743535177],[2.042100160402128,41.287437340918906],[2.042108246766455,41.287345794378702]]]]}},
{"type":"Feature","properties":{"Campanya":2024,"Provincia":"Barcelona","Comarca":"Baix Llobregat","Municipi":"VILADECANS","ID_MUN":"08302","Grup":"GUARET","Cultiu":"GUARET / SUP. LLIURE SEMBRA","Seca_Regad":"R","Sist_Regad":"DEGOTEIG","Varietat":"NO ESPECIFICADA","Producte2n":null,"HA":1.4052,"Shape_Leng":1277.3673559900001,"Shape_Le_1":1277.36735598,"Shape_Area":14043.165721,"rendiment_":0,"area_m2":14052.18,"area_ha":0.0141,"rend_sup":0.0},"geometry":{"type":"MultiPolygon","coordinates":[[[[2.042413774831526,41.28781514203245],[2.042414991858769,41.287805333848233],[2.043169285489962,41.287855879528401],[2.043212060079291,41.287840694220328],[2.043249886553625,41.287812785037445],[2.043274276966051,41.287778157981151],[2.043302403498304,41.287727303211334],[2.042643145381849,41.287703461962657],[2.042664493806268,41.287639954717463],[2.042689343176511,41.287598456083217],[2.039799513048439,41.287438478116265],[2.039776624645238,41.287566106247262],[2.039794123224533,41.287586249133859],[2.039847312161782,41.287599482720509],[2.042424834215889,41.287736596587713],[2.04241987527579,41.287765380628507],[2.039765624399899,41.287624114547711],[2.039744153820172,41.287923889239757],[2.041779990852169,41.28801995185254],[2.043140264788272,41.288098613507977],[2.043285926392152,41.287872020551227],[2.042413774831526,41.28781514203245]]]]}},
{"type":"Feature","properties":{"Campanya":2024,"Provincia":"Barcelona","Comarca":"Baix Llobregat","Municipi":"VILADECANS","ID_MUN":"08302","Grup":"GUARET","Cultiu":"GUARET / SUP. LLIURE SEMBRA","Seca_Regad":"R","Sist_Regad":"DEGOTEIG","Varietat":"NO ESPECIFICADA","Producte2n":null,"HA":0.6208,"Shape_Leng":396.78991167700002,"Shape_Le_1":396.79016152000003,"Shape_Area":6204.7506095400004,"rendiment_":0,"area_m2":6208.71,"area_ha":0.0062,"rend_sup":0.0},"geometry":{"type":"MultiPolygon","coordinates":[[[[2.02977071397463,41.291823938842541],[2.029780665211706,41.291795378575856],[2.02981958590731,41.291677076306243],[2.029994025839655,41.291228524290354],[2.030000095408396,41.291221819727639],[2.030022959538502,41.291160175122513],[2.03020049264965,41.290681518354745],[2.030042872243463,41.290639476782204],[2.029895146468739,41.290622919853689],[2.029797840976878,41.290621019743412],[2.029584594227255,41.291206250151369],[2.029423458839627,41.291199938321959],[2.02926412192374,41.291612226080218],[2.029233903666748,41.291677006199073],[2.029186577679885,41.291813675897551],[2.029195680570641,41.291814566056956],[2.029201963709726,41.291849047940609],[2.029252925917794,41.291881739391911],[2.029564491122791,41.291963801009018],[2.029573785868897,41.291991153515731],[2.02973577367794,41.292030099694585],[2.029764294729032,41.291838116762747],[2.02977071397463,41.291823938842541]]]]}},
{"type":"Feature","properties":{"Campanya":2024,"Provincia":"Barcelona","Comarca":"Baix Llobregat","Municipi":"VILADECANS","ID_MUN":"08302","Grup":"GUARET","Cultiu":"GUARET / SUP. LLIURE SEMBRA","Seca_Regad":"R","Sist_Regad":"DEGOTEIG","Varietat":"NO ESPECIFICADA","Producte2n":null,"HA":0.8792,"Shape_Leng":464.395209771,"Shape_Le_1":464.39559868100002,"Shape_Area":8786.2382911799996,"rendiment_":0,"area_m2":8791.86,"area_ha":0.0088,"rend_sup":0.0},"geometry":{"type":"MultiPolygon","coordinates":[[[[2.035820487490322,41.301089262893775],[2.035446978027236,41.300946364442417],[2.035043035653295,41.300811622753763],[2.034135703749637,41.300480555237371],[2.034085724700322,41.30053256007681],[2.034034397526833,41.300627430656967],[2.03400420971093,41.300665729842848],[2.034002062415658,41.30067363850992],[2.03400624446959,41.30069790405058],[2.034003696347368,41.300708691785744],[2.033991698329519,41.300728497889381],[2.03395992366234,41.300752912041716],[2.033938277243229,41.300762729704118],[2.033909787275181,41.30076699438721],[2.03388771238345,41.300765457967536],[2.033871646083151,41.300769556688451],[2.033784926057661,41.30087764147703],[2.033948542691682,41.300956958455117],[2.034087167475771,41.301019222171334],[2.034186531620674,41.30093219853056],[2.034755296263745,41.301189998357039],[2.034685541989838,41.301270560149177],[2.034673115869222,41.301281091210214],[2.035457670704424,41.301615222953977],[2.035461215431527,41.301610201534686],[2.035820487490322,41.301089262893775]]]]}},
{"type":"Feature","properties":{"Campanya":2024,"Provincia":"Barcelona","Comarca":"Baix Llobregat","Municipi":"VILADECANS","ID_MUN":"08302","Grup":"GUARET","Cultiu":"GUARET / SUP. LLIURE SEMBRA","Seca_Regad":"R","Sist_Regad":"DEGOTEIG","Varietat":"NO ESPECIFICADA","Producte2n":null,"HA":0.8668,"Shape_Leng":410.82494470799998,"Shape_Le_1":410.26025940800002,"Shape_Area":8659.2775390799998,"rendiment_":0,"area_m2":8664.81,"area_ha":0.0087,"rend_sup":0.0},"geometry":{"type":"MultiPolygon","coordinates":[[[[2.031948746231205,41.3020564552628],[2.03259620614295,41.300970517426165],[2.031989911831731,41.300690220029146],[2.031243356222235,41.301859549646814],[2.031215383990606,41.301894887021597],[2.031604438376209,41.302014235474999],[2.031745804998557,41.302053168369355],[2.031781543104576,41.30199896582436],[2.031948746231205,41.3020564552628]]]]}},
{"type":"Feature","properties":{"Campanya":2024,"Provincia":"Barcelona","Comarca":"Baix Llobregat","Municipi":"VILADECANS","ID_MUN":"08302","Grup":"GUARET","Cultiu":"GUARET / SUP. LLIURE SEMBRA","Seca_Regad":"R","Sist_Regad":"DEGOTEIG","Varietat":"NO ESPECIFICADA","Producte2n":null,"HA":0.3985,"Shape_Leng":271.21640340499999,"Shape_Le_1":271.24332088400001,"Shape_Area":3985.5343110700001,"rendiment_":0,"area_m2":3988.08,"area_ha":0.004,"rend_sup":0.0},"geometry":{"type":"MultiPolygon","coordinates":[[[[2.028521718174606,41.302196984340959],[2.028838157089619,41.301817867757137],[2.029032714676011,41.301558416422353],[2.028524838019362,41.301426191992114],[2.028536614717992,41.301410794716773],[2.028522556513638,41.30140712166903],[2.028497462789463,41.301445121903001],[2.028002109599595,41.30206068599248],[2.028025600623123,41.302079005809631],[2.028029594956527,41.302073782737978],[2.028084062135078,41.302098968664836],[2.028459092777714,41.302272389086582],[2.028521718174606,41.302196984340959]]]]}},
{"type":"Feature","properties":{"Campanya":2024,"Provincia":"Barcelona","Comarca":"Baix Llobregat","Municipi":"VILADECANS","ID_MUN":"08302","Grup":"GUARET","Cultiu":"GUARET / SUP. LLIURE SEMBRA","Seca_Regad":"R","Sist_Regad":"DEGOTEIG","Varietat":"NO ESPECIFICADA","Producte2n":null,"HA":0.7116,"Shape_Leng":391.92102237900002,"Shape_Le_1":391.92102237500001,"Shape_Area":7111.7886219499997,"rendiment_":0,"area_m2":7116.33,"area_ha":0.0071,"rend_sup":0.0},"geometry":{"type":"MultiPolygon","coordinates":[[[[2.032777092837831,41.301052713216237],[2.032623941037676,41.300983410702734],[2.031981105459815,41.302080161571098],[2.032076670755621,41.302160348281973],[2.032192893153411,41.302246071725179],[2.032314640885166,41.302319318240791],[2.032275715478543,41.302365324261956],[2.032317142188488,41.302390416413424],[2.032351143418881,41.302415545209605],[2.033214810939983,41.301255272903802],[2.032777092837831,41.301052713216237]]]]}},
{"type":"Feature","properties":{"Campanya":2024,"Provincia":"Barcelona","Comarca":"Baix Llobregat","Municipi":"VILADECANS","ID_MUN":"08302","Grup":"GUARET","Cultiu":"GUARET / SUP. LLIURE SEMBRA","Seca_Regad":"R","Sist_Regad":"DEGOTEIG","Varietat":"NO ESPECIFICADA","Producte2n":null,"HA":1.0116,"Shape_Leng":455.01481046700002,"Shape_Le_1":454.17196606099998,"Shape_Area":10109.171088700001,"rendiment_":0,"area_m2":10115.64,"area_ha":0.0101,"rend_sup":0.0},"geometry":{"type":"MultiPolygon","coordinates":[[[[2.034962564895648,41.302300897741823],[2.034490100260228,41.302052562181423],[2.034410690853467,41.302013326873286],[2.034360434371498,41.302015208061469],[2.034270619019596,41.302023841358924],[2.034198741549113,41.301984529029646],[2.034097820893819,41.30190389198971],[2.034137709488646,41.301867383832338],[2.033344602806337,41.301420077884273],[2.03313821813127,41.301758563249173],[2.033064431306169,41.301918189489697],[2.034199352580206,41.302642731767328],[2.034299729053216,41.302706811028294],[2.034665399462879,41.302712577934294],[2.034962564895648,41.302300897741823]]]]}},
{"type":"Feature","properties":{"Campanya":2024,"Provincia":"Barcelona","Comarca":"Baix Llobregat","Municipi":"VILADECANS","ID_MUN":"08302","Grup":"PROTEAGINOSES","Cultiu":"PÈSOL","Seca_Regad":"R","Sist_Regad":"DEGOTEIG","Varietat":"UTRILLO","Producte2n":null,"HA":0.166,"Shape_Leng":173.90633830499999,"Shape_Le_1":173.906338307,"Shape_Area":1658.9056446100001,"rendiment_":7000,"area_m2":1659.96,"area_ha":0.0017,"rend_sup":11.9},"geometry":{"type":"MultiPolygon","coordinates":[[[[2.029795573170861,41.307121237892957],[2.029434939925366,41.307467154172755],[2.029668228110021,41.307580994426822],[2.029643308459053,41.307601817963487],[2.029831550446469,41.307729776729609],[2.029860973875486,41.307690245422357],[2.029906167430357,41.307587748869082],[2.030013602523449,41.307290599515085],[2.02988414283281,41.307195054882662],[2.029844055150974,41.307156775238077],[2.029795573170861,41.307121237892957]]]]}},
{"type":"Feature","properties":{"Campanya":2024,"Provincia":"Barcelona","Comarca":"Baix Llobregat","Municipi":"VILADECANS","ID_MUN":"08302","Grup":"PROTEAGINOSES","Cultiu":"FAVA","Seca_Regad":"R","Sist_Regad":"DEGOTEIG","Varietat":"REINA MORA","Producte2n":null,"HA":0.357,"Shape_Leng":268.16084441100003,"Shape_Le_1":268.16084440700001,"Shape_Area":3567.43268,"rendiment_":10000,"area_m2":3569.71,"area_ha":0.0036,"rend_sup":36.0},"geometry":{"type":"MultiPolygon","coordinates":[[[[2.027288584574305,41.300559326215165],[2.027606724793324,41.300203223625921],[2.027314780513785,41.300085445272025],[2.027283538166189,41.300093664612973],[2.027262990982339,41.300109998297984],[2.027161023883607,41.300244728818839],[2.027102574079512,41.300289039493677],[2.027047702906825,41.300302723928667],[2.026997743560467,41.300301123430124],[2.026970722454954,41.300292455794079],[2.026899911446651,41.300321393991609],[2.026563952254187,41.30073069321142],[2.026576105595261,41.300779309107924],[2.026599157707697,41.300786767780544],[2.026604856539742,41.300802026201964],[2.026922879241323,41.300902598914973],[2.026959582794466,41.30092758730931],[2.027288584574305,41.300559326215165]]]]}},
{"type":"Feature","properties":{"Campanya":2024,"Provincia":"Barcelona","Comarca":"Baix Llobregat","Municipi":"VILADECANS","ID_MUN":"08302","Grup":"PROTEAGINOSES","Cultiu":"FAVA","Seca_Regad":"R","Sist_Regad":"DEGOTEIG","Varietat":"REINA MORA","Producte2n":null,"HA":0.0288,"Shape_Leng":85.880061527199999,"Shape_Le_1":85.8800615225,"Shape_Area":287.729430745,"rendiment_":10000,"area_m2":287.91,"area_ha":0.0003,"rend_sup":3.0},"geometry":{"type":"MultiPolygon","coordinates":[[[[2.026056379889475,41.304175125517261],[2.026045322649914,41.304169474271696],[2.025998131807332,41.304229993294349],[2.026327381060067,41.304409959163984],[2.026393014264108,41.304347177467207],[2.026056379889475,41.304175125517261]]]]}},
{"type":"Feature","properties":{"Campanya":2024,"Provincia":"Barcelona","Comarca":"Baix Llobregat","Municipi":"VILADECANS","ID_MUN":"08302","Grup":"PROTEAGINOSES","Cultiu":"FAVA","Seca_Regad":"R","Sist_Regad":"DEGOTEIG","Varietat":"REINA MORA","Producte2n":null,"HA":0.224,"Shape_Leng":187.83155335800001,"Shape_Le_1":187.83155335800001,"Shape_Area":2238.3797883399998,"rendiment_":10000,"area_m2":2239.81,"area_ha":0.0022,"rend_sup":22.0},"geometry":{"type":"MultiPolygon","coordinates":[[[[2.030492822113748,41.307543564420939],[2.030508292500274,41.307533371131456],[2.030497119924073,41.307526813179585],[2.030846648342498,41.307172152773845],[2.030549871086939,41.306981395821303],[2.030487617349209,41.306966369249892],[2.030444404471055,41.306980418298302],[2.030352506355139,41.307031168468804],[2.030191888129314,41.307180873426844],[2.030071870860385,41.307234809327362],[2.030071624892128,41.307283565330899],[2.030158476918932,41.307359260129012],[2.030492822113748,41.307543564420939]]]]}},
{"type":"Feature","properties":{"Campanya":2024,"Provincia":"Barcelona","Comarca":"Baix Llobregat","Municipi":"VILADECANS","ID_MUN":"08302","Grup":"PROTEAGINOSES","Cultiu":"FAVA","Seca_Regad":"R","Sist_Regad":"DEGOTEIG","Varietat":"REINA MORA","Producte2n":null,"HA":0.2511,"Shape_Leng":211.790067018,"Shape_Le_1":210.98482736099999,"Shape_Area":2509.3251739900002,"rendiment_":10000,"area_m2":2510.93,"area_ha":0.0025,"rend_sup":25.0},"geometry":{"type":"MultiPolygon","coordinates":[[[[2.030539521122045,41.307808619686043],[2.030540346655744,41.307795704279357],[2.030676069013997,41.307651657638196],[2.030514098585761,41.307575356663818],[2.03017498837819,41.307398038203814],[2.030063283308297,41.307320871125476],[2.029966037306618,41.307613408037689],[2.029915155282916,41.307681809791276],[2.029932231168186,41.307702411740678],[2.02997269936743,41.307736886150757],[2.030020041010779,41.307765414913483],[2.030002679039302,41.307783292782283],[2.029994799672715,41.307778849592964],[2.02997749471999,41.307818831230023],[2.030132340619387,41.307900649196803],[2.030327843237792,41.308003060509684],[2.030539521122045,41.307808619686043]]]]}},
{"type":"Feature","properties":{"Campanya":2024,"Provincia":"Barcelona","Comarca":"Baix Llobregat","Municipi":"VILADECANS","ID_MUN":"08302","Grup":"PROTEAGINOSES","Cultiu":"FAVA","Seca_Regad":"R","Sist_Regad":"DEGOTEIG","Varietat":"REINA MORA","Producte2n":"CARBASSÓ","HA":0.1055,"Shape_Leng":159.77740223399999,"Shape_Le_1":158.93266743000001,"Shape_Area":1053.66391419,"rendiment_":10000,"area_m2":1054.34,"area_ha":0.0011,"rend_sup":11.0},"geometry":{"type":"MultiPolygon","coordinates":[[[[2.029619897127648,41.307621381438651],[2.029197940838864,41.307974356207062],[2.029320614769865,41.308118369145575],[2.029423386255338,41.308050932170318],[2.02944395768539,41.308014451286141],[2.029409974791639,41.307994854940446],[2.029438978619424,41.307961410235229],[2.029479464167417,41.307988988754616],[2.029635288029737,41.307871303305816],[2.029802268753278,41.307751042736768],[2.029619897127648,41.307621381438651]]]]}},
{"type":"Feature","properties":{"Campanya":2024,"Provincia":"Barcelona","Comarca":"Baix Llobregat","Municipi":"VILADECANS","ID_MUN":"08302","Grup":"ALTRES PRODUCTES","Cultiu":"ESPECIES AROMÀTIQUES HERBÀCIES","Seca_Regad":"R","Sist_Regad":"DEGOTEIG","Varietat":"NO ESPECIFICADA","Producte2n":null,"HA":0.4795,"Shape_Leng":284.583154423,"Shape_Le_1":284.82480073699998,"Shape_Area":4792.9391994199996,"rendiment_":4000,"area_m2":4796.02,"area_ha":0.0048,"rend_sup":19.2},"geometry":{"type":"MultiPolygon","coordinates":[[[[2.045674379766235,41.280638789458841],[2.045636103655403,41.280628007967927],[2.045611270721158,41.280667218595106],[2.045578159782866,41.28073858899868],[2.045509808396075,41.28084397547385],[2.045442858167484,41.280990285296873],[2.0453783470331,41.281093479847833],[2.046328100411122,41.281356167759704],[2.046486379491125,41.281089409932328],[2.046618842445223,41.280898103096511],[2.045931250176393,41.280711267397166],[2.045674379766235,41.280638789458841]]]]}},
{"type":"Feature","properties":{"Campanya":2024,"Provincia":"Barcelona","Comarca":"Baix Llobregat","Municipi":"VILADECANS","ID_MUN":"08302","Grup":"ALTRES PRODUCTES","Cultiu":"ESPECIES AROMÀTIQUES HERBÀCIES","Seca_Regad":"R","Sist_Regad":"DEGOTEIG","Varietat":"NO ESPECIFICADA","Producte2n":null,"HA":0.584,"Shape_Leng":356.39646438199998,"Shape_Le_1":356.18639080700001,"Shape_Area":5836.0181826500002,"rendiment_":4000,"area_m2":5839.76,"area_ha":0.0058,"rend_sup":23.2},"geometry":{"type":"MultiPolygon","coordinates":[[[[2.039693135710379,41.280854958301809],[2.039707339186574,41.280706899437547],[2.039707010177279,41.280666541599324],[2.039679175559957,41.280668348726955],[2.039634748199299,41.280666380139614],[2.039468006142852,41.280704951308557],[2.039458723820073,41.280703241672597],[2.039397851694808,41.28072514741956],[2.039315821781229,41.280761228425575],[2.03928050950628,41.280787308971632],[2.039251218867469,41.280824474112471],[2.039083202731672,41.281677568056772],[2.03907740010554,41.281774379571097],[2.039081242535765,41.281873620785994],[2.039089997759511,41.281932394794801],[2.039624557289939,41.281953172173708],[2.039635596369163,41.28193855030564],[2.039643437627924,41.281845656075411],[2.039652738934977,41.281527012168596],[2.039681709307136,41.281003040327526],[2.039693135710379,41.280854958301809]]]]}},
{"type":"Feature","properties":{"Campanya":2024,"Provincia":"Barcelona","Comarca":"Baix Llobregat","Municipi":"VILADECANS","ID_MUN":"08302","Grup":"ALTRES PRODUCTES","Cultiu":"ESPECIES AROMÀTIQUES HERBÀCIES","Seca_Regad":"R","Sist_Regad":"DEGOTEIG","Varietat":"NO ESPECIFICADA","Producte2n":null,"HA":0.0309,"Shape_Leng":106.644670058,"Shape_Le_1":106.31433409,"Shape_Area":306.86463924700001,"rendiment_":4000,"area_m2":307.06,"area_ha":0.0003,"rend_sup":1.2},"geometry":{"type":"MultiPolygon","coordinates":[[[[2.029201436822019,41.292469161678831],[2.029205668259726,41.292369437175516],[2.02919131094806,41.292223833264025],[2.029195715482327,41.292213285567193],[2.02918501303437,41.292143062044275],[2.02909809018311,41.292139927485998],[2.029115667681591,41.292441189368866],[2.029100118335495,41.292438729109243],[2.029195300612328,41.292568987227405],[2.029185774659262,41.292504360138416],[2.029201436822019,41.292469161678831]]]]}},
{"type":"Feature","properties":{"Campanya":2024,"Provincia":"Barcelona","Comarca":"Baix Llobregat","Municipi":"VILADECANS","ID_MUN":"08302","Grup":"ALTRES PRODUCTES","Cultiu":"ESPECIES AROMÀTIQUES HERBÀCIES","Seca_Regad":"R","Sist_Regad":"DEGOTEIG","Varietat":"NO ESPECIFICADA","Producte2n":null,"HA":0.3253,"Shape_Leng":242.05841116900001,"Shape_Le_1":242.058411167,"Shape_Area":3251.2755624000001,"rendiment_":4000,"area_m2":3253.36,"area_ha":0.0033,"rend_sup":13.2},"geometry":{"type":"MultiPolygon","coordinates":[[[[2.034707576596441,41.299072127384179],[2.034844977632847,41.299059926697034],[2.03503125465585,41.299082414031581],[2.035105799079956,41.299007868691923],[2.035176933872676,41.298986767456597],[2.035286598516603,41.298822695257023],[2.035270208178244,41.298817859520931],[2.034717743780777,41.298551994753076],[2.034197462135434,41.299055525959979],[2.034198234138032,41.299061327928875],[2.034271796886491,41.299056789187127],[2.034324366291733,41.299093949719982],[2.034359134390045,41.299137637326687],[2.03438104175006,41.299152843087661],[2.034467348043858,41.299153565275965],[2.034647557016949,41.299089984231813],[2.034707576596441,41.299072127384179]]]]}},
{"type":"Feature","properties":{"Campanya":2024,"Provincia":"Barcelona","Comarca":"Baix Llobregat","Municipi":"VILADECANS","ID_MUN":"08302","Grup":"HORTÍCOLES","Cultiu":"PATATA","Seca_Regad":"R","Sist_Regad":"DEGOTEIG","Varietat":"NO ESPECIFICADA","Producte2n":null,"HA":0.0295,"Shape_Leng":85.177369671600005,"Shape_Le_1":85.177369671500003,"Shape_Area":294.50106386700003,"rendiment_":14000,"area_m2":294.69,"area_ha":0.0003,"rend_sup":4.2},"geometry":{"type":"MultiPolygon","coordinates":[[[[2.026296318900124,41.304050459228876],[2.026214812169083,41.30400828613616],[2.026159991853871,41.304071235783937],[2.026486139890458,41.304247178296585],[2.026551772675965,41.304182636419689],[2.026296318900124,41.304050459228876]]]]}},
{"type":"Feature","properties":{"Campanya":2024,"Provincia":"Barcelona","Comarca":"Baix Llobregat","Municipi":"VILADECANS","ID_MUN":"08302","Grup":"HORTÍCOLES","Cultiu":"PATATA","Seca_Regad":"R","Sist_Regad":"DEGOTEIG","Varietat":"NO ESPECIFICADA","Producte2n":null,"HA":0.0303,"Shape_Leng":85.786107529299997,"Shape_Le_1":85.635773413300001,"Shape_Area":301.728126503,"rendiment_":14000,"area_m2":301.92,"area_ha":0.0003,"rend_sup":4.2},"geometry":{"type":"MultiPolygon","coordinates":[[[[2.026134187461373,41.304088797545965],[2.026080025829892,41.304158326467942],[2.026411538508747,41.304332676100834],[2.026466441206278,41.30426402612791],[2.026134187461373,41.304088797545965]]]]}},
{"type":"Feature","properties":{"Campanya":2024,"Provincia":"Barcelona","Comarca":"Baix Llobregat","Municipi":"VILADECANS","ID_MUN":"08302","Grup":"OLIVERAR","Cultiu":"OLIVERA","Seca_Regad":"R","Sist_Regad":"DEGOTEIG","Varietat":"ARBEQUINA/ARBEQUÍ","Producte2n":null,"HA":0.8134,"Shape_Leng":368.71466301200002,"Shape_Le_1":368.71466307499998,"Shape_Area":8128.4836141300002,"rendiment_":3500,"area_m2":8133.69,"area_ha":0.0081,"rend_sup":28.35},"geometry":{"type":"MultiPolygon","coordinates":[[[[2.036920354814731,41.301206407033234],[2.037439761302144,41.300526665859728],[2.037228550749845,41.300464400773713],[2.036655779254942,41.3002449573831],[2.036032922618201,41.301044653031191],[2.036003294228493,41.301118433858463],[2.036761222008864,41.301408880481056],[2.036920354814731,41.301206407033234]]]]}},
{"type":"Feature","properties":{"Campanya":2024,"Provincia":"Barcelona","Comarca":"Baix Llobregat","Municipi":"VILADECANS","ID_MUN":"08302","Grup":"FRUITA DOLÇA","Cultiu":"PRUNERA","Seca_Regad":"R","Sist_Regad":"DEGOTEIG","Varietat":"REINA CLAUDIA D'OULLINS","Producte2n":null,"HA":0.1754,"Shape_Leng":175.421591541,"Shape_Le_1":175.42156055699999,"Shape_Area":1753.23240743,"rendiment_":8904,"area_m2":1754.35,"area_ha":0.0018,"rend_sup":16.03},"geometry":{"type":"MultiPolygon","coordinates":[[[[2.026690322590813,41.30050802484287],[2.026305238141994,41.300314053950935],[2.026012687510954,41.30068414453595],[2.025988219382373,41.300711169257333],[2.026404590236337,41.300830145796915],[2.026395134910267,41.300771598408545],[2.026448613377072,41.300725581447693],[2.026494547330148,41.30073756722792],[2.026508964396389,41.300731951321005],[2.026690322590813,41.30050802484287]]]]}},
{"type":"Feature","properties":{"Campanya":2024,"Provincia":"Barcelona","Comarca":"Baix Llobregat","Municipi":"VILADECANS","ID_MUN":"08302","Grup":"FRUITA DOLÇA","Cultiu":"ALTRES FRUITERS","Seca_Regad":"R","Sist_Regad":"DEGOTEIG","Varietat":"NO ESPECIFICADA","Producte2n":null,"HA":0.0731,"Shape_Leng":181.65929212699999,"Shape_Le_1":181.65929212399999,"Shape_Area":730.85549773399998,"rendiment_":12000,"area_m2":731.32,"area_ha":0.0007,"rend_sup":8.4},"geometry":{"type":"MultiPolygon","coordinates":[[[[2.028631717841599,41.300385148254399],[2.027861955531961,41.300087316909938],[2.027765785656947,41.300230057847095],[2.02809528305706,41.300365670126254],[2.028179530641982,41.300245372474983],[2.028607439251602,41.300418718256005],[2.028631717841599,41.300385148254399]]]]}},
{"type":"Feature","properties":{"Campanya":2024,"Provincia":"Barcelona","Comarca":"Baix Llobregat","Municipi":"VILADECANS","ID_MUN":"08302","Grup":"HORTÍCOLES","Cultiu":"ENCIAM","Seca_Regad":"R","Sist_Regad":"DEGOTEIG","Varietat":"ENCIAM CAPDELLADA","Producte2n":null,"HA":0.2382,"Shape_Leng":199.20832319,"Shape_Le_1":199.175422392,"Shape_Area":2379.2108878200002,"rendiment_":21004,"area_m2":2380.73,"area_ha":0.0024,"rend_sup":50.41},"geometry":{"type":"MultiPolygon","coordinates":[[[[2.027578947636285,41.303193475752501],[2.027199556583947,41.302999194527594],[2.02718703443177,41.302990124338088],[2.026760430942727,41.303415071422684],[2.027153736435416,41.303625801485737],[2.027578947636285,41.303193475752501]]]]}},
{"type":"Feature","properties":{"Campanya":2024,"Provincia":"Barcelona","Comarca":"Baix Llobregat","Municipi":"VILADECANS","ID_MUN":"08302","Grup":"HORTÍCOLES","Cultiu":"ENCIAM","Seca_Regad":"R","Sist_Regad":"DEGOTEIG","Varietat":"ENCIAM LLARG O ROM","Producte2n":null,"HA":1.3493,"Shape_Leng":508.31737518699998,"Shape_Le_1":507.67197613399998,"Shape_Area":13479.806164699999,"rendiment_":21004,"area_m2":13484.53,"area_ha":0.0135,"rend_sup":283.55},"geometry":{"type":"MultiPolygon","coordinates":[[[[2.046031952158203,41.281872604041524],[2.046021121221836,41.281873442970806],[2.045132466372434,41.281612206659112],[2.045122673930011,41.281605571663249],[2.044925308039431,41.281962139776844],[2.044658375814493,41.282503384046031],[2.044335629919511,41.283066714892193],[2.045135592535582,41.283311757370313],[2.045931253608801,41.282048272255182],[2.046031952158203,41.281872604041524]]]]}},
{"type":"Feature","properties":{"Campanya":2024,"Provincia":"Barcelona","Comarca":"Baix Llobregat","Municipi":"VILADECANS","ID_MUN":"08302","Grup":"HORTÍCOLES","Cultiu":"SÍNDRIA","Seca_Regad":"R","Sist_Regad":"DEGOTEIG","Varietat":"NO ESPECIFICADA","Producte2n":null,"HA":1.9709,"Shape_Leng":644.80372300099998,"Shape_Le_1":644.52322749799998,"Shape_Area":19687.943426599999,"rendiment_":28100,"area_m2":19700.58,"area_ha":0.0197,"rend_sup":553.57},"geometry":{"type":"MultiPolygon","coordinates":[[[[2.04183244809674,41.278755240467376],[2.042269641483826,41.277991199165463],[2.042031605271198,41.277889234665864],[2.042492479399666,41.277140917714817],[2.042321404794428,41.277092207241267],[2.042173636055113,41.277057835126534],[2.042137823703654,41.277065823272629],[2.042098782089949,41.277106925440656],[2.042040521214424,41.277147868562061],[2.041886292530794,41.277179727731493],[2.040718101397199,41.27745170566336],[2.040651078992592,41.277573433023349],[2.040253431929008,41.278255013222221],[2.040953160953524,41.278483651452049],[2.041041397862286,41.278340924609637],[2.041082853275927,41.278347026720404],[2.041158667397978,41.278322714279042],[2.041258312874846,41.278403047415708],[2.041222273089049,41.278495294411421],[2.041185588081471,41.278559580821536],[2.04183244809674,41.278755240467376]]]]}},
{"type":"Feature","properties":{"Campanya":2024,"Provincia":"Barcelona","Comarca":"Baix Llobregat","Municipi":"VILADECANS","ID_MUN":"08302","Grup":"HORTÍCOLES","Cultiu":"CEBA I CALÇOT","Seca_Regad":"R","Sist_Regad":"DEGOTEIG","Varietat":"CALÇOTS","Producte2n":null,"HA":0.4713,"Shape_Leng":277.29833314000001,"Shape_Le_1":276.68258261400001,"Shape_Area":4715.2647813000003,"rendiment_":29900,"area_m2":4718.29,"area_ha":0.0047,"rend_sup":140.53},"geometry":{"type":"MultiPolygon","coordinates":[[[[2.044390501863781,41.2782540907277],[2.044385863238284,41.278218628334926],[2.043959306644787,41.278067051007746],[2.0437542432997,41.278474526913648],[2.043748964390369,41.278494358405155],[2.043694062624948,41.278700586173187],[2.044323975103376,41.279017026671141],[2.044499635115321,41.278958763308403],[2.044523235078228,41.278904372915051],[2.044533633728445,41.278846359967417],[2.044499944651397,41.278757356020158],[2.044426848570593,41.278480123840403],[2.044390501863781,41.2782540907277]]]]}},
{"type":"Feature","properties":{"Campanya":2024,"Provincia":"Barcelona","Comarca":"Baix Llobregat","Municipi":"VILADECANS","ID_MUN":"08302","Grup":"HORTÍCOLES","Cultiu":"CEBA I CALÇOT","Seca_Regad":"R","Sist_Regad":"DEGOTEIG","Varietat":"CALÇOTS","Producte2n":null,"HA":0.9655,"Shape_Leng":481.55248351699998,"Shape_Le_1":475.27991906099999,"Shape_Area":9647.3300422100001,"rendiment_":29900,"area_m2":9653.53,"area_ha":0.0097,"rend_sup":290.03},"geometry":{"type":"MultiPolygon","coordinates":[[[[2.046646119460823,41.278587780249147],[2.046786484666987,41.278303846367308],[2.045931252206308,41.278537000609887],[2.044513073598843,41.278988448723808],[2.044589597720123,41.279036099223191],[2.044579857934847,41.279062446792544],[2.044616953808754,41.279116663571102],[2.044728033806152,41.27914929678839],[2.045681766764542,41.279211758387056],[2.04626156309698,41.279240512351763],[2.046295153454366,41.279188967630972],[2.046300909203857,41.2791581875791],[2.046319048466187,41.279124384468794],[2.046375502482736,41.279038282451552],[2.046415715730786,41.278964165648866],[2.046444754574071,41.27890155090018],[2.046483223562633,41.278847421082382],[2.046550374362629,41.278734516174517],[2.046559903482382,41.278711427454923],[2.046621384181103,41.278612582401742],[2.046646119460823,41.278587780249147]]]]}},
{"type":"Feature","properties":{"Campanya":2024,"Provincia":"Barcelona","Comarca":"Baix Llobregat","Municipi":"VILADECANS","ID_MUN":"08302","Grup":"HORTÍCOLES","Cultiu":"CEBA I CALÇOT","Seca_Regad":"R","Sist_Regad":"DEGOTEIG","Varietat":"CALÇOTS","Producte2n":null,"HA":0.1391,"Shape_Leng":234.085774219,"Shape_Le_1":234.08577421800001,"Shape_Area":1389.8476660700001,"rendiment_":29900,"area_m2":1390.74,"area_ha":0.0014,"rend_sup":41.86},"geometry":{"type":"MultiPolygon","coordinates":[[[[2.043435466948415,41.28209747916857],[2.042287240802867,41.282041813878067],[2.04225379537021,41.282156834196989],[2.043493963388642,41.282225868201493],[2.043513812822972,41.282101277437555],[2.043435466948415,41.28209747916857]]]]}},
{"type":"Feature","properties":{"Campanya":2024,"Provincia":"Barcelona","Comarca":"Baix Llobregat","Municipi":"VILADECANS","ID_MUN":"08302","Grup":"HORTÍCOLES","Cultiu":"CEBA I CALÇOT","Seca_Regad":"R","Sist_Regad":"DEGOTEIG","Varietat":"CALÇOTS","Producte2n":null,"HA":0.465,"Shape_Leng":272.19423554299999,"Shape_Le_1":272.01615153400002,"Shape_Area":4646.9323066799998,"rendiment_":29900,"area_m2":4649.9,"area_ha":0.0046,"rend_sup":137.54},"geometry":{"type":"MultiPolygon","coordinates":[[[[2.034860199482514,41.281803584700178],[2.034312119565882,41.281606790616721],[2.034174177678934,41.281873412137898],[2.034122888496049,41.281955405206922],[2.034011222574924,41.28211816924334],[2.033957421234107,41.282164652900299],[2.033949020464367,41.282242792031447],[2.033931992063844,41.282314457034751],[2.034296395161661,41.282400319945488],[2.034578627855848,41.282435851561608],[2.034609738341812,41.282409530059368],[2.034648075157283,41.282370036042749],[2.034679801818328,41.282323534494651],[2.034743955784423,41.282183139105818],[2.034891713355423,41.281891766974681],[2.034917675171469,41.281824222042694],[2.034860199482514,41.281803584700178]]]]}},
{"type":"Feature","properties":{"Campanya":2024,"Provincia":"Barcelona","Comarca":"Baix Llobregat","Municipi":"VILADECANS","ID_MUN":"08302","Grup":"HORTÍCOLES","Cultiu":"CEBA I CALÇOT","Seca_Regad":"R","Sist_Regad":"DEGOTEIG","Varietat":"CALÇOTS","Producte2n":null,"HA":0.1072,"Shape_Leng":150.67413463899999,"Shape_Le_1":150.34367649699999,"Shape_Area":1071.5065102599999,"rendiment_":29900,"area_m2":1072.19,"area_ha":0.0011,"rend_sup":32.89},"geometry":{"type":"MultiPolygon","coordinates":[[[[2.026534051567214,41.288153519128933],[2.026107321712879,41.288542052670969],[2.02637870835191,41.288577034953057],[2.026439361268232,41.288588292230912],[2.026442666103769,41.288599272541703],[2.026513495118689,41.288605963675131],[2.026639593786623,41.288167179755867],[2.026534051567214,41.288153519128933]]]]}},
{"type":"Feature","properties":{"Campanya":2024,"Provincia":"Barcelona","Comarca":"Baix Llobregat","Municipi":"VILADECANS","ID_MUN":"08302","Grup":"HORTÍCOLES","Cultiu":"CEBA I CALÇOT","Seca_Regad":"R","Sist_Regad":"DEGOTEIG","Varietat":"CALÇOTS","Producte2n":null,"HA":0.1501,"Shape_Leng":155.94026858199999,"Shape_Le_1":155.67266978800001,"Shape_Area":1499.16764145,"rendiment_":29900,"area_m2":1500.12,"area_ha":0.0015,"rend_sup":44.85},"geometry":{"type":"MultiPolygon","coordinates":[[[[2.027416397392396,41.288330946586207],[2.027416603653426,41.288325341087742],[2.027035117620624,41.288309303381197],[2.027024645213101,41.288310688252345],[2.026932936638544,41.288645713823165],[2.027134695454182,41.288683180643766],[2.027154762452405,41.288697560653965],[2.027185554163861,41.288691172361318],[2.027294547490577,41.288702697190445],[2.027402051706038,41.28872117959984],[2.027416397392396,41.288330946586207]]]]}},
{"type":"Feature","properties":{"Campanya":2024,"Provincia":"Barcelona","Comarca":"Baix Llobregat","Municipi":"VILADECANS","ID_MUN":"08302","Grup":"HORTÍCOLES","Cultiu":"CEBA I CALÇOT","Seca_Regad":"R","Sist_Regad":"DEGOTEIG","Varietat":"CALÇOTS","Producte2n":null,"HA":0.7902,"Shape_Leng":456.79099361499999,"Shape_Le_1":456.69341937199999,"Shape_Area":7895.6817779499997,"rendiment_":29900,"area_m2":7900.75,"area_ha":0.0079,"rend_sup":236.21},"geometry":{"type":"MultiPolygon","coordinates":[[[[2.04067167469375,41.307698457789733],[2.041688264427993,41.306661338339836],[2.041336565421424,41.306489741251731],[2.041119500833954,41.306662434334143],[2.04113653165849,41.306689046449875],[2.039896083225985,41.307680451243741],[2.040362069176306,41.308014311823214],[2.04067167469375,41.307698457789733]]]]}},
{"type":"Feature","properties":{"Campanya":2024,"Provincia":"Barcelona","Comarca":"Baix Llobregat","Municipi":"VILADECANS","ID_MUN":"08302","Grup":"HORTÍCOLES","Cultiu":"CEBA I CALÇOT","Seca_Regad":"R","Sist_Regad":"DEGOTEIG","Varietat":"CALÇOTS","Producte2n":null,"HA":0.7373,"Shape_Leng":790.42766795800003,"Shape_Le_1":790.43032065299997,"Shape_Area":7369.0326883199996,"rendiment_":29900,"area_m2":7373.76,"area_ha":0.0074,"rend_sup":221.26},"geometry":{"type":"MultiPolygon","coordinates":[[[[2.038955707049881,41.309418947091601],[2.039181500374239,41.309174023331686],[2.039458703945787,41.308896177556925],[2.039359830847242,41.308826996504223],[2.039445605354797,41.308756660488363],[2.038946966271152,41.308398710031938],[2.038896983345349,41.308436387851366],[2.038661131603328,41.308620217180874],[2.038408090355494,41.308808886004833],[2.038426293070031,41.308822189155102],[2.038346377796338,41.308878810665931],[2.038458139001634,41.308955767512828],[2.038465667129385,41.308963757080029],[2.038911786302565,41.30928184246919],[2.0389693917666,41.30924501042535],[2.039036699309306,41.30930209320524],[2.038970815654991,41.309377364504918],[2.038886240461654,41.30933813556215],[2.038865331684146,41.309331665564031],[2.037762784627578,41.310482063316364],[2.037588526177471,41.310658146801323],[2.037364550357662,41.310892454497008],[2.037483707797038,41.310921553773568],[2.037549418420546,41.310856077655544],[2.0377157220738,41.310676684100287],[2.038088649642309,41.310305353268312],[2.038597623332076,41.309780676607396],[2.038955707049881,41.309418947091601]],[[2.038431472578602,41.308809772227782],[2.038518344757056,41.308751872945301],[2.038570804679579,41.308784325924542],[2.038486602618364,41.308848068255635],[2.038431472578602,41.308809772227782]]]]}},
{"type":"Feature","properties":{"Campanya":2024,"Provincia":"Barcelona","Comarca":"Baix Llobregat","Municipi":"VILADECANS","ID_MUN":"08302","Grup":"HORTÍCOLES","Cultiu":"CEBA I CALÇOT","Seca_Regad":"R","Sist_Regad":"DEGOTEIG","Varietat":"CALÇOTS","Producte2n":"CORIANDRE","HA":0.7563,"Shape_Leng":357.56706142199999,"Shape_Le_1":357.56706142100001,"Shape_Area":7558.6406726599998,"rendiment_":29900,"area_m2":7563.48,"area_ha":0.0076,"rend_sup":227.24},"geometry":{"type":"MultiPolygon","coordinates":[[[[2.035451780086553,41.283457801028121],[2.035460113477461,41.283644845753876],[2.035488583204449,41.284283839375647],[2.036302618949607,41.284285608373239],[2.036341394027557,41.283881940055728],[2.036390600247318,41.283257276716981],[2.036253960095467,41.283254371839021],[2.036177058682079,41.283306778405453],[2.036096772642773,41.283330479897238],[2.0358562529946,41.283378648047474],[2.035670328170763,41.283407189653751],[2.035451780086553,41.283457801028121]]]]}},
{"type":"Feature","properties":{"Campanya":2024,"Provincia":"Barcelona","Comarca":"Baix Llobregat","Municipi":"VILADECANS","ID_MUN":"08302","Grup":"HORTÍCOLES","Cultiu":"CEBA I CALÇOT","Seca_Regad":"R","Sist_Regad":"DEGOTEIG","Varietat":"NO ESPECIFICADA","Producte2n":null,"HA":0.4197,"Shape_Leng":255.51437843299999,"Shape_Le_1":255.51437843799999,"Shape_Area":4194.5614740700003,"rendiment_":29900,"area_m2":4197.26,"area_ha":0.0042,"rend_sup":125.58},"geometry":{"type":"MultiPolygon","coordinates":[[[[2.045671219641362,41.282608027290493],[2.045643537551168,41.282601451017904],[2.04535541235634,41.28307273723486],[2.046070740300109,41.283304330018829],[2.046104624235602,41.283306867215643],[2.046152401335768,41.28330240169408],[2.046203067753736,41.283276567870736],[2.046304726004951,41.283114050443892],[2.046431743154253,41.282892428638334],[2.046416540316256,41.282873828050164],[2.046367871575895,41.282851059829653],[2.046130590032652,41.282763524995843],[2.045671219641362,41.282608027290493]]]]}},
{"type":"Feature","properties":{"Campanya":2024,"Provincia":"Barcelona","Comarca":"Baix Llobregat","Municipi":"VILADECANS","ID_MUN":"08302","Grup":"HORTÍCOLES","Cultiu":"API","Seca_Regad":"R","Sist_Regad":"DEGOTEIG","Varietat":"NO ESPECIFICADA","Producte2n":null,"HA":0.4499,"Shape_Leng":268.064353262,"Shape_Le_1":266.968455162,"Shape_Area":4485.0200320800004,"rendiment_":23600,"area_m2":4487.89,"area_ha":0.0045,"rend_sup":106.2},"geometry":{"type":"MultiPolygon","coordinates":[[[[2.034488178042603,41.286388713340209],[2.033689893565197,41.286398334605195],[2.033691993567817,41.286542496995565],[2.033707023293336,41.28660744470654],[2.03373979453384,41.286689122569136],[2.03377505155367,41.286737657027601],[2.033778934341234,41.286880899081623],[2.033933287676273,41.28698732117423],[2.034496031530428,41.28709406785093],[2.034515359611769,41.287068974397229],[2.034510082458641,41.286507117594567],[2.034500444743937,41.286399657801084],[2.034488178042603,41.286388713340209]]]]}},
{"type":"Feature","properties":{"Campanya":2024,"Provincia":"Barcelona","Comarca":"Baix Llobregat","Municipi":"VILADECANS","ID_MUN":"08302","Grup":"HORTÍCOLES","Cultiu":"API","Seca_Regad":"R","Sist_Regad":"DEGOTEIG","Varietat":"NO ESPECIFICADA","Producte2n":null,"HA":1.3305,"Shape_Leng":475.07484358800002,"Shape_Le_1":474.07591155699998,"Shape_Area":13287.770466100001,"rendiment_":23600,"area_m2":13296.27,"area_ha":0.0133,"rend_sup":313.88},"geometry":{"type":"MultiPolygon","coordinates":[[[[2.036251720868533,41.287269482638905],[2.036265972468896,41.286827864148449],[2.03628281133628,41.286425383784376],[2.036281932000255,41.286403661747265],[2.036254669039911,41.286380813557258],[2.036224735722675,41.286363655637388],[2.034549319957506,41.286387091350292],[2.034562499738793,41.286408924669821],[2.034558913617738,41.287075545943239],[2.034762757582952,41.287108678485531],[2.03487562290253,41.287123092124773],[2.034984411364516,41.28714495230507],[2.035161245441274,41.287171448784925],[2.035215575077674,41.287178784170919],[2.03530613197693,41.287179544019608],[2.035364101136852,41.287172439093581],[2.035429334944881,41.287184371367168],[2.035496806446371,41.28721529780735],[2.035609555908794,41.287246604450466],[2.035777507362494,41.287287861118045],[2.035890564352548,41.287298295801456],[2.035960718488101,41.287317858805281],[2.036194157001539,41.287353970472758],[2.03621429903905,41.287359951733883],[2.036254570482108,41.287309800287886],[2.036251720868533,41.287269482638905]]]]}},
{"type":"Feature","properties":{"Campanya":2024,"Provincia":"Barcelona","Comarca":"Baix Llobregat","Municipi":"VILADECANS","ID_MUN":"08302","Grup":"HORTÍCOLES","Cultiu":"API","Seca_Regad":"R","Sist_Regad":"DEGOTEIG","Varietat":"NO ESPECIFICADA","Producte2n":null,"HA":0.5275,"Shape_Leng":290.831379363,"Shape_Le_1":290.377813602,"Shape_Area":5270.2376238999996,"rendiment_":23600,"area_m2":5273.59,"area_ha":0.0053,"rend_sup":125.08},"geometry":{"type":"MultiPolygon","coordinates":[[[[2.023956192512622,41.29907914633641],[2.023998225746801,41.299013251077248],[2.024100720927486,41.298876054217807],[2.024094681637658,41.298802119983804],[2.024022338547699,41.298771692358081],[2.024018892754763,41.298760708098904],[2.023881174712027,41.298698595787727],[2.02385049619261,41.298698176188985],[2.023788636619957,41.298675209140285],[2.02376818391856,41.298663473524435],[2.023765418125703,41.298651906828603],[2.023610599270826,41.298581915231992],[2.023544967532307,41.298564898902278],[2.023475442363516,41.298527529268767],[2.022993032782316,41.299184627576651],[2.023657715917844,41.299453622623204],[2.023956192512622,41.29907914633641]]]]}},
{"type":"Feature","properties":{"Campanya":2024,"Provincia":"Barcelona","Comarca":"Baix Llobregat","Municipi":"VILADECANS","ID_MUN":"08302","Grup":"HORTÍCOLES","Cultiu":"API","Seca_Regad":"R","Sist_Regad":"DEGOTEIG","Varietat":"NO ESPECIFICADA","Producte2n":null,"HA":0.5198,"Shape_Leng":291.44741924499999,"Shape_Le_1":291.34133006000002,"Shape_Area":5193.9063340900002,"rendiment_":23600,"area_m2":5197.21,"area_ha":0.0052,"rend_sup":122.72},"geometry":{"type":"MultiPolygon","coordinates":[[[[2.024550458795237,41.299510657227025],[2.023899693906676,41.299224401777927],[2.023396841573072,41.299875270162126],[2.024020026801394,41.300153053708136],[2.024141014548796,41.30001087671512],[2.024550458795237,41.299510657227025]]]]}},
{"type":"Feature","properties":{"Campanya":2024,"Provincia":"Barcelona","Comarca":"Baix Llobregat","Municipi":"VILADECANS","ID_MUN":"08302","Grup":"HORTÍCOLES","Cultiu":"API","Seca_Regad":"R","Sist_Regad":"DEGOTEIG","Varietat":"NO ESPECIFICADA","Producte2n":null,"HA":0.4367,"Shape_Leng":271.31022334800002,"Shape_Le_1":271.31022334900001,"Shape_Area":4363.9384841800002,"rendiment_":23600,"area_m2":4366.73,"area_ha":0.0044,"rend_sup":103.84},"geometry":{"type":"MultiPolygon","coordinates":[[[[2.038511084837774,41.305535790458478],[2.03764587907008,41.305479254988306],[2.037395745657336,41.305899562049852],[2.037383282456052,41.305920504780381],[2.037622150039632,41.305972312405366],[2.038134304111878,41.306074864463021],[2.038231224543805,41.306015051446927],[2.038606810237365,41.305542045043715],[2.038511084837774,41.305535790458478]]]]}},
{"type":"Feature","properties":{"Campanya":2024,"Provincia":"Barcelona","Comarca":"Baix Llobregat","Municipi":"VILADECANS","ID_MUN":"08302","Grup":"HORTÍCOLES","Cultiu":"API","Seca_Regad":"R","Sist_Regad":"DEGOTEIG","Varietat":"NO ESPECIFICADA","Producte2n":null,"HA":0.3605,"Shape_Leng":252.12640263200001,"Shape_Le_1":252.12640263700001,"Shape_Area":3602.3778674499999,"rendiment_":23600,"area_m2":3604.69,"area_ha":0.0036,"rend_sup":84.96},"geometry":{"type":"MultiPolygon","coordinates":[[[[2.037989245758405,41.311965569805899],[2.038000939500494,41.311946298582534],[2.037529733204432,41.311793743146382],[2.037107275124077,41.312444392693124],[2.037146081905904,41.312457131586683],[2.03758502360963,41.312631708069851],[2.037989245758405,41.311965569805899]]]]}},
{"type":"Feature","properties":{"Campanya":2024,"Provincia":"Barcelona","Comarca":"Baix Llobregat","Municipi":"VILADECANS","ID_MUN":"08302","Grup":"HORTÍCOLES","Cultiu":"COL-I-FLOR","Seca_Regad":"R","Sist_Regad":"DEGOTEIG","Varietat":"NO ESPECIFICADA","Producte2n":null,"HA":0.7804,"Shape_Leng":367.36681493100002,"Shape_Le_1":367.36681492899999,"Shape_Area":7798.6355374599998,"rendiment_":15488,"area_m2":7803.65,"area_ha":0.0078,"rend_sup":120.81},"geometry":{"type":"MultiPolygon","coordinates":[[[[2.044376039926377,41.276592936836529],[2.043761729121305,41.276582907535804],[2.043297963367241,41.277368937752755],[2.044084465543897,41.277623537315833],[2.044670643866927,41.276597744760799],[2.044376039926377,41.276592936836529]]]]}},
{"type":"Feature","properties":{"Campanya":2024,"Provincia":"Barcelona","Comarca":"Baix Llobregat","Municipi":"VILADECANS","ID_MUN":"08302","Grup":"HORTÍCOLES","Cultiu":"COL-I-FLOR","Seca_Regad":"R","Sist_Regad":"DEGOTEIG","Varietat":"NO ESPECIFICADA","Producte2n":null,"HA":0.5672,"Shape_Leng":315.39294257500001,"Shape_Le_1":312.83490995099999,"Shape_Area":5660.0596133299996,"rendiment_":15488,"area_m2":5663.68,"area_ha":0.0057,"rend_sup":88.28},"geometry":{"type":"MultiPolygon","coordinates":[[[[2.034199049947264,41.28629081791015],[2.034888643685844,41.286273564698099],[2.034821477530601,41.285738480128629],[2.033626525898591,41.285846821126405],[2.033613540802096,41.285974170870631],[2.033626707493736,41.286109846118137],[2.033682483325595,41.286303707986114],[2.034199049947264,41.28629081791015]]]]}},
{"type":"Feature","properties":{"Campanya":2024,"Provincia":"Barcelona","Comarca":"Baix Llobregat","Municipi":"VILADECANS","ID_MUN":"08302","Grup":"HORTÍCOLES","Cultiu":"CARXOFA","Seca_Regad":"R","Sist_Regad":"DEGOTEIG","Varietat":"NO ESPECIFICADA","Producte2n":null,"HA":1.1149,"Shape_Leng":467.76290157199998,"Shape_Le_1":467.761257129,"Shape_Area":11141.476170800001,"rendiment_":12000,"area_m2":11148.62,"area_ha":0.0111,"rend_sup":133.2},"geometry":{"type":"MultiPolygon","coordinates":[[[[2.040752363459401,41.278616559085613],[2.040831451400632,41.278477896692593],[2.039834934133197,41.278156939584775],[2.039485893916645,41.278541086786383],[2.038939101820615,41.278396909282485],[2.03882331605403,41.278720038191608],[2.039322898342275,41.27890021492064],[2.039843492324624,41.279097138786319],[2.039883935858826,41.279117231654453],[2.040285012115351,41.279247191922167],[2.040380708156125,41.279268166797131],[2.040752363459401,41.278616559085613]]]]}},
{"type":"Feature","properties":{"Campanya":2024,"Provincia":"Barcelona","Comarca":"Baix Llobregat","Municipi":"VILADECANS","ID_MUN":"08302","Grup":"HORTÍCOLES","Cultiu":"CARXOFA","Seca_Regad":"R","Sist_Regad":"DEGOTEIG","Varietat":"NO ESPECIFICADA","Producte2n":null,"HA":0.5586,"Shape_Leng":313.020791417,"Shape_Le_1":313.020791411,"Shape_Area":5582.3026449700001,"rendiment_":12000,"area_m2":5585.87,"area_ha":0.0056,"rend_sup":67.2},"geometry":{"type":"MultiPolygon","coordinates":[[[[2.031355321052887,41.288527539705818],[2.031303920055263,41.288517671681809],[2.031302146648418,41.288525419522706],[2.031190149636927,41.288511697868124],[2.031068021903237,41.288394179825566],[2.03097556854879,41.288257884669115],[2.030865092418126,41.288164507626462],[2.030725948789459,41.288032823798062],[2.030657503072278,41.287984870974419],[2.030565578717046,41.288098681856589],[2.030495013413871,41.288299498784923],[2.030474752214721,41.288514700266774],[2.030468540826888,41.288734278874884],[2.030503451862185,41.288763580139516],[2.03050138082341,41.288792151070723],[2.030614337402135,41.288845306013606],[2.030741796155496,41.288920955175598],[2.030846253990315,41.288991439242785],[2.030920020870248,41.289019404707858],[2.031097827851972,41.289034574132103],[2.031227800690504,41.289051826821364],[2.031249613723327,41.289025908126497],[2.031304320225674,41.288923514140727],[2.031338036656518,41.288766693321108],[2.031371410722174,41.288530629595876],[2.031355321052887,41.288527539705818]]]]}},
{"type":"Feature","properties":{"Campanya":2024,"Provincia":"Barcelona","Comarca":"Baix Llobregat","Municipi":"VILADECANS","ID_MUN":"08302","Grup":"HORTÍCOLES","Cultiu":"CARXOFA","Seca_Regad":"R","Sist_Regad":"DEGOTEIG","Varietat":"NO ESPECIFICADA","Producte2n":null,"HA":0.3326,"Shape_Leng":253.82385589899999,"Shape_Le_1":253.86694579100001,"Shape_Area":3324.6532965900001,"rendiment_":12000,"area_m2":3326.77,"area_ha":0.0033,"rend_sup":39.6},"geometry":{"type":"MultiPolygon","coordinates":[[[[2.03038369534829,41.291920650080762],[2.030337675621841,41.291910953032136],[2.03052724225424,41.291271205945435],[2.030342122613773,41.291253863546537],[2.030000095408396,41.291221819727639],[2.029994025839655,41.291228524290354],[2.02981958590731,41.291677076306243],[2.029780665211706,41.291795378575856],[2.030435729211625,41.291959249093964],[2.030447209592973,41.291934033502365],[2.03038369534829,41.291920650080762]]]]}},
{"type":"Feature","properties":{"Campanya":2024,"Provincia":"Barcelona","Comarca":"Baix Llobregat","Municipi":"VILADECANS","ID_MUN":"08302","Grup":"HORTÍCOLES","Cultiu":"CARXOFA","Seca_Regad":"R","Sist_Regad":"DEGOTEIG","Varietat":"NO ESPECIFICADA","Producte2n":null,"HA":0.5499,"Shape_Leng":319.21878406899998,"Shape_Le_1":318.43693563099998,"Shape_Area":5497.10565382,"rendiment_":12000,"area_m2":5500.63,"area_ha":0.0055,"rend_sup":66.0},"geometry":{"type":"MultiPolygon","coordinates":[[[[2.04263120610176,41.297115619111878],[2.042658638902425,41.296999643720909],[2.042647482616445,41.296896774120519],[2.042525968927663,41.296842529352176],[2.042266263610229,41.296772092025073],[2.041916596587026,41.296727748933321],[2.041753159537249,41.296694560077647],[2.041769958623517,41.296715531822457],[2.041592340791961,41.296722069843433],[2.041484210778481,41.296705640359818],[2.041433751484873,41.296702453928916],[2.041359233453506,41.296808823918283],[2.041208520556175,41.297045820921589],[2.041427015808936,41.297097058982814],[2.041519506399279,41.297106841289782],[2.042545733697761,41.297331315971057],[2.042579383619458,41.297232734665258],[2.042626496908476,41.297135526392061],[2.04263120610176,41.297115619111878]]]]}},
{"type":"Feature","properties":{"Campanya":2024,"Provincia":"Barcelona","Comarca":"Baix Llobregat","Municipi":"VILADECANS","ID_MUN":"08302","Grup":"HORTÍCOLES","Cultiu":"CARXOFA","Seca_Regad":"R","Sist_Regad":"DEGOTEIG","Varietat":"NO ESPECIFICADA","Producte2n":null,"HA":0.4822,"Shape_Leng":320.63882957599998,"Shape_Le_1":320.63882957300001,"Shape_Area":4818.4289350999998,"rendiment_":12000,"area_m2":4821.52,"area_ha":0.0048,"rend_sup":57.6},"geometry":{"type":"MultiPolygon","coordinates":[[[[2.041521938757599,41.297125076728349],[2.041195382190721,41.297058696706614],[2.040979485696885,41.297373576808731],[2.0421742629659,41.297648399096531],[2.042442930439147,41.297686122593376],[2.042494362826025,41.297557339015199],[2.042528014222329,41.297356261072821],[2.041521938757599,41.297125076728349]]]]}},
{"type":"Feature","properties":{"Campanya":2024,"Provincia":"Barcelona","Comarca":"Baix Llobregat","Municipi":"VILADECANS","ID_MUN":"08302","Grup":"HORTÍCOLES","Cultiu":"CARXOFA","Seca_Regad":"R","Sist_Regad":"DEGOTEIG","Varietat":"NO ESPECIFICADA","Producte2n":null,"HA":0.8188,"Shape_Leng":385.88007181900002,"Shape_Le_1":385.778150686,"Shape_Area":8179.0277578200003,"rendiment_":12000,"area_m2":8184.28,"area_ha":0.0082,"rend_sup":98.4},"geometry":{"type":"MultiPolygon","coordinates":[[[[2.040968097682783,41.297409940218401],[2.040665853832758,41.297865225129577],[2.040789992876462,41.297908729641641],[2.041094515327649,41.297995401547723],[2.041240532559503,41.298030942252225],[2.041360145562487,41.298068159874219],[2.041608675759234,41.298132200871592],[2.041731893683653,41.298170004792659],[2.041902554106196,41.298213676505341],[2.042077070347155,41.298263551164816],[2.042158460849563,41.298262293640413],[2.042227864684279,41.29825340866406],[2.042279139148788,41.298242107392049],[2.042347390193238,41.298012124650342],[2.0424361059098,41.297736239094093],[2.042040906967101,41.297652514648746],[2.040968097682783,41.297409940218401]]]]}},
{"type":"Feature","properties":{"Campanya":2024,"Provincia":"Barcelona","Comarca":"Baix Llobregat","Municipi":"VILADECANS","ID_MUN":"08302","Grup":"HORTÍCOLES","Cultiu":"CARXOFA","Seca_Regad":"R","Sist_Regad":"DEGOTEIG","Varietat":"NO ESPECIFICADA","Producte2n":null,"HA":1.2493,"Shape_Leng":446.04969175999997,"Shape_Le_1":445.86219220200002,"Shape_Area":12484.8991143,"rendiment_":12000,"area_m2":12492.93,"area_ha":0.0125,"rend_sup":150.0},"geometry":{"type":"MultiPolygon","coordinates":[[[[2.045170304374063,41.303299843335587],[2.045412400511166,41.302618809084947],[2.045397637912933,41.302563920440861],[2.045375662202216,41.302313585393918],[2.045328937741965,41.3021983221307],[2.045284151439682,41.302145343571055],[2.045237792314837,41.302123957819852],[2.044976770001036,41.302034334001455],[2.044467955403852,41.301894759408199],[2.044462174041305,41.301917019640484],[2.044418920040625,41.301938901228709],[2.044281902889224,41.30207455128204],[2.044271211608054,41.302104944233783],[2.044222599031559,41.302164040295132],[2.044218159881535,41.302289636949205],[2.04418442801343,41.302467266870977],[2.044144640823141,41.302506922114134],[2.043888621480495,41.302732507010475],[2.043872560894359,41.302761818546003],[2.04388784735935,41.302785502199868],[2.04391027895256,41.302794574523382],[2.043922232002411,41.302783474659442],[2.043978274829807,41.302814765958281],[2.044749188827266,41.303158947774442],[2.044987635343796,41.303254229825249],[2.045126968876285,41.303298197107154],[2.045170304374063,41.303299843335587]]]]}},
{"type":"Feature","properties":{"Campanya":2024,"Provincia":"Barcelona","Comarca":"Baix Llobregat","Municipi":"VILADECANS","ID_MUN":"08302","Grup":"HORTÍCOLES","Cultiu":"CARXOFA","Seca_Regad":"R","Sist_Regad":"DEGOTEIG","Varietat":"NO ESPECIFICADA","Producte2n":null,"HA":1.8144,"Shape_Leng":581.73457263900002,"Shape_Le_1":581.73457264199999,"Shape_Area":18132.400855700002,"rendiment_":12000,"area_m2":18144.07,"area_ha":0.0181,"rend_sup":217.2},"geometry":{"type":"MultiPolygon","coordinates":[[[[2.047449407296045,41.302860839381843],[2.047481526755498,41.302795303756511],[2.047484539373754,41.302765501816673],[2.047501154324863,41.302699790139499],[2.047479563349691,41.302697683843114],[2.046612728245285,41.302454472075787],[2.046418844847738,41.302812213449293],[2.046403276520562,41.302807485191153],[2.046366548027936,41.302824454778559],[2.046250289311687,41.30282349151944],[2.045584183845538,41.302628211632211],[2.04548666328343,41.302642094370263],[2.045313384840655,41.30309873072018],[2.045234901099053,41.303333661802682],[2.045531057581921,41.303458805098515],[2.046692713169751,41.303915436815345],[2.046696611836291,41.303928576062418],[2.046726870288715,41.303945387134604],[2.047302448228826,41.303159279877363],[2.047297658361998,41.303097476915923],[2.047316380088705,41.303079078016104],[2.047449407296045,41.302860839381843]]]]}},
{"type":"Feature","properties":{"Campanya":2024,"Provincia":"Barcelona","Comarca":"Baix Llobregat","Municipi":"VILADECANS","ID_MUN":"08302","Grup":"HORTÍCOLES","Cultiu":"CARXOFA","Seca_Regad":"R","Sist_Regad":"DEGOTEIG","Varietat":"NO ESPECIFICADA","Producte2n":null,"HA":1.093,"Shape_Leng":429.66005240800001,"Shape_Le_1":429.66005241,"Shape_Area":10923.060766000001,"rendiment_":12000,"area_m2":10930.08,"area_ha":0.0109,"rend_sup":130.8},"geometry":{"type":"MultiPolygon","coordinates":[[[[2.043828562422138,41.30284973744628],[2.043787678759481,41.302818220712346],[2.043212143322635,41.303400099420763],[2.043257726520201,41.303432743536817],[2.043254996144499,41.303439180191013],[2.043350152496652,41.30348280132614],[2.043913745791426,41.303723512000296],[2.044697785975678,41.30403978322704],[2.04509477547082,41.303417420345994],[2.044870702275928,41.303291405859198],[2.044566801243638,41.30315866532699],[2.043828562422138,41.30284973744628]]]]}},
{"type":"Feature","properties":{"Campanya":2024,"Provincia":"Barcelona","Comarca":"Baix Llobregat","Municipi":"VILADECANS","ID_MUN":"08302","Grup":"HORTÍCOLES","Cultiu":"CARXOFA","Seca_Regad":"R","Sist_Regad":"DEGOTEIG","Varietat":"NO ESPECIFICADA","Producte2n":null,"HA":1.1629,"Shape_Leng":442.655369941,"Shape_Le_1":442.655369936,"Shape_Area":11621.5837295,"rendiment_":12000,"area_m2":11629.06,"area_ha":0.0116,"rend_sup":139.2},"geometry":{"type":"MultiPolygon","coordinates":[[[[2.04550146666982,41.303497988684711],[2.045256200871061,41.303401762985814],[2.045210083643247,41.303407953296009],[2.045198127710816,41.303443741297642],[2.04477313563884,41.304077983765012],[2.04507046981972,41.304197571314411],[2.046223762357119,41.304627257875822],[2.046362192106901,41.304443454548455],[2.046704977582685,41.303975288498748],[2.04550146666982,41.303497988684711]]]]}},
{"type":"Feature","properties":{"Campanya":2024,"Provincia":"Barcelona","Comarca":"Baix Llobregat","Municipi":"VILADECANS","ID_MUN":"08302","Grup":"HORTÍCOLES","Cultiu":"CARXOFA","Seca_Regad":"R","Sist_Regad":"DEGOTEIG","Varietat":"NO ESPECIFICADA","Producte2n":null,"HA":1.1282,"Shape_Leng":439.70150763599997,"Shape_Le_1":439.70150763700002,"Shape_Area":11274.3865771,"rendiment_":12000,"area_m2":11281.63,"area_ha":0.0113,"rend_sup":135.6},"geometry":{"type":"MultiPolygon","coordinates":[[[[2.043241784851945,41.303506350835022],[2.043115842157963,41.303445830340102],[2.042962351311326,41.303598894929166],[2.042515036670314,41.304021195478356],[2.042573336488758,41.304062683014337],[2.042653674038966,41.304101729002895],[2.042680927240276,41.304108988804465],[2.042699486920859,41.304119500100448],[2.044005560000274,41.304698345429834],[2.044157665502925,41.304479346772496],[2.04414190449267,41.304472664662669],[2.044431848844965,41.304012810278728],[2.044330609919448,41.3039713824286],[2.044300140332513,41.30395107492749],[2.044078368399946,41.303856733419202],[2.043735896887761,41.303717105635016],[2.043241784851945,41.303506350835022]]]]}},
{"type":"Feature","properties":{"Campanya":2024,"Provincia":"Barcelona","Comarca":"Baix Llobregat","Municipi":"VILADECANS","ID_MUN":"08302","Grup":"HORTÍCOLES","Cultiu":"CARXOFA","Seca_Regad":"R","Sist_Regad":"DEGOTEIG","Varietat":"NO ESPECIFICADA","Producte2n":null,"HA":0.3607,"Shape_Leng":248.602282583,"Shape_Le_1":248.60225594600001,"Shape_Area":3605.1476621000002,"rendiment_":12000,"area_m2":3607.45,"area_ha":0.0036,"rend_sup":43.2},"geometry":{"type":"MultiPolygon","coordinates":[[[[2.035904344904029,41.30393545460484],[2.035892943444641,41.303924914935308],[2.035354186260237,41.304543020266358],[2.035849538881716,41.304609320316139],[2.036153920473581,41.304640782120686],[2.036204311668012,41.304642013857311],[2.03621700476687,41.304502002501422],[2.036210028906284,41.304483980244413],[2.036209443651766,41.304438792347462],[2.036238683043586,41.304150993198348],[2.036229251944137,41.304112320288084],[2.036194699018349,41.30408190866774],[2.036142702777118,41.304047584894782],[2.036020906675786,41.303999499340087],[2.035904344904029,41.30393545460484]]]]}},
{"type":"Feature","properties":{"Campanya":2024,"Provincia":"Barcelona","Comarca":"Baix Llobregat","Municipi":"VILADECANS","ID_MUN":"08302","Grup":"HORTÍCOLES","Cultiu":"CARXOFA","Seca_Regad":"R","Sist_Regad":"DEGOTEIG","Varietat":"NO ESPECIFICADA","Producte2n":null,"HA":1.1608,"Shape_Leng":441.43838962900003,"Shape_Le_1":441.438389626,"Shape_Area":11600.397327000001,"rendiment_":12000,"area_m2":11607.86,"area_ha":0.0116,"rend_sup":139.2},"geometry":{"type":"MultiPolygon","coordinates":[[[[2.045133188761046,41.304274758903325],[2.044737045407186,41.304131842436263],[2.044305329313266,41.304827553667664],[2.04428955615654,41.304829795303789],[2.0442822001376,41.304835607179101],[2.044654981139321,41.304981167791887],[2.045685209185063,41.305354814422145],[2.04593111003329,41.305015830699503],[2.046193658159855,41.304667227345085],[2.045133188761046,41.304274758903325]]]]}},
{"type":"Feature","properties":{"Campanya":2024,"Provincia":"Barcelona","Comarca":"Baix Llobregat","Municipi":"VILADECANS","ID_MUN":"08302","Grup":"HORTÍCOLES","Cultiu":"CARXOFA","Seca_Regad":"R","Sist_Regad":"DEGOTEIG","Varietat":"NO ESPECIFICADA","Producte2n":null,"HA":1.2062,"Shape_Leng":480.21864713500003,"Shape_Le_1":479.86085152700002,"Shape_Area":12039.1582671,"rendiment_":12000,"area_m2":12046.89,"area_ha":0.012,"rend_sup":144.0},"geometry":{"type":"MultiPolygon","coordinates":[[[[2.043815895949232,41.305364591417138],[2.044178050014037,41.304865514109778],[2.044154604479345,41.304848032934785],[2.043897313232595,41.304713906812061],[2.04375870595718,41.304650497578557],[2.043690937129994,41.30461218912027],[2.042516030086914,41.304094754379712],[2.042470368290173,41.304088175505306],[2.04243298154019,41.304098662791475],[2.042300772865067,41.304223478247437],[2.041969321251259,41.304514431590306],[2.041972042445952,41.304541032054324],[2.041992359138401,41.304550166413939],[2.041987251886338,41.304554615994334],[2.041999973605026,41.304560250740479],[2.041999668827859,41.304581072866583],[2.043689818482305,41.30534686102488],[2.043764436980702,41.305353979936022],[2.043776154896398,41.305346989206733],[2.043815895949232,41.305364591417138]]]]}},
{"type":"Feature","properties":{"Campanya":2024,"Provincia":"Barcelona","Comarca":"Baix Llobregat","Municipi":"VILADECANS","ID_MUN":"08302","Grup":"HORTÍCOLES","Cultiu":"CARXOFA","Seca_Regad":"R","Sist_Regad":"DEGOTEIG","Varietat":"NO ESPECIFICADA","Producte2n":null,"HA":0.74,"Shape_Leng":579.69815204300005,"Shape_Le_1":579.81178988700003,"Shape_Area":7397.5839786500001,"rendiment_":12000,"area_m2":7402.32,"area_ha":0.0074,"rend_sup":88.8},"geometry":{"type":"MultiPolygon","coordinates":[[[[2.0385960584466,41.305289717508721],[2.038583322549732,41.305140200229914],[2.038210960295346,41.304970991157425],[2.037723227988975,41.304735242036585],[2.037397507547498,41.304578760659716],[2.03738586835433,41.304606676941432],[2.036540056370248,41.304238670414534],[2.03652624235807,41.304317010939187],[2.03652068064633,41.304524499373457],[2.036543417444043,41.304716731610888],[2.03710169368115,41.304866332748233],[2.036580299686161,41.30471877608759],[2.036573738819386,41.304714264214603],[2.036573120426093,41.304707584410991],[2.036579525489384,41.30470214969472],[2.036588681596145,41.30470190656218],[2.037144456111942,41.304858919619953],[2.037151622663822,41.304867450761549],[2.037101757069911,41.304957924625768],[2.037341214069907,41.305028122677058],[2.038548694922667,41.305386925351883],[2.038555010684938,41.305391303554039],[2.038555559866317,41.305398317851143],[2.038568189316109,41.305402167974329],[2.038588711593323,41.305393395577404],[2.038603716704181,41.305374746380195],[2.038592268378506,41.305305529180742],[2.0385960584466,41.305289717508721]]]]}},
{"type":"Feature","properties":{"Campanya":2024,"Provincia":"Barcelona","Comarca":"Baix Llobregat","Municipi":"VILADECANS","ID_MUN":"08302","Grup":"HORTÍCOLES","Cultiu":"CARXOFA","Seca_Regad":"R","Sist_Regad":"DEGOTEIG","Varietat":"NO ESPECIFICADA","Producte2n":null,"HA":1.026,"Shape_Leng":1149.0027670100001,"Shape_Le_1":1147.4639539499999,"Shape_Area":10247.293912200001,"rendiment_":12000,"area_m2":10253.83,"area_ha":0.0103,"rend_sup":123.6},"geometry":{"type":"MultiPolygon","coordinates":[[[[2.028042230272307,41.305119075698798],[2.028151220338705,41.305182746472525],[2.028214867857205,41.305192893150782],[2.028307300995342,41.305139512663956],[2.028407425298989,41.30505678453676],[2.029136237824445,41.304255677417657],[2.02976179293223,41.303539350202868],[2.029963066234009,41.303315598243039],[2.030095325953015,41.303162355946668],[2.030088896246395,41.303149356052273],[2.031039232466254,41.302046614055243],[2.030952502224619,41.302010332282883],[2.030788548111495,41.301965655040398],[2.030749738091449,41.301972109160431],[2.030610090673147,41.302160288147057],[2.030521741741071,41.302240840309437],[2.030407659981733,41.30238450985081],[2.030238339089773,41.3025690011074],[2.029965497422094,41.302883078535856],[2.029913311546595,41.302928446311185],[2.029523663950313,41.303430693686792],[2.02929343601196,41.303715826139538],[2.029154992692968,41.303866621568559],[2.02918175976236,41.303883152429215],[2.028921659133735,41.304172503517016],[2.028591399808469,41.304547435746962],[2.028411181290408,41.304771825956585],[2.028182012483116,41.3049908511192],[2.028106655453539,41.305079784534875],[2.028075390254285,41.305108452017592],[2.028052015225636,41.305110156589308],[2.028376730691419,41.304750032228768],[2.028462146485749,41.304640394010015],[2.028467951100677,41.304617434011682],[2.028460693650042,41.304614742537602],[2.028046086622444,41.305062302790709],[2.027741237201012,41.305416521532116],[2.027846206338002,41.305571527119803],[2.027855880021319,41.305579715654609],[2.02786492402306,41.305582043936745],[2.027885499446227,41.30557203913478],[2.027965352826936,41.30549442044758],[2.028057744528477,41.305367537876542],[2.028082292497105,41.305328200937218],[2.028121007040267,41.30525287307939],[2.02804831764568,41.305222799969911],[2.027966352821798,41.305184192158066],[2.028020319279871,41.305132675891244],[2.028042230272307,41.305119075698798]]]]}},
{"type":"Feature","properties":{"Campanya":2024,"Provincia":"Barcelona","Comarca":"Baix Llobregat","Municipi":"VILADECANS","ID_MUN":"08302","Grup":"HORTÍCOLES","Cultiu":"CARXOFA","Seca_Regad":"R","Sist_Regad":"DEGOTEIG","Varietat":"NO ESPECIFICADA","Producte2n":null,"HA":0.8826,"Shape_Leng":395.09710379299997,"Shape_Le_1":395.09710379199998,"Shape_Area":8820.8110770500007,"rendiment_":12000,"area_m2":8826.48,"area_ha":0.0088,"rend_sup":105.6},"geometry":{"type":"MultiPolygon","coordinates":[[[[2.044314139400358,41.304906717121845],[2.04424153946269,41.30489179042943],[2.04422663551325,41.304892914225505],[2.044111541429373,41.305052911611398],[2.043873647348444,41.305414156250038],[2.045266700092588,41.305931750067344],[2.045655387487364,41.305395926447957],[2.044314139400358,41.304906717121845]]]]}},
{"type":"Feature","properties":{"Campanya":2024,"Provincia":"Barcelona","Comarca":"Baix Llobregat","Municipi":"VILADECANS","ID_MUN":"08302","Grup":"HORTÍCOLES","Cultiu":"CARXOFA","Seca_Regad":"R","Sist_Regad":"DEGOTEIG","Varietat":"NO ESPECIFICADA","Producte2n":null,"HA":1.5403,"Shape_Leng":1044.43437591,"Shape_Le_1":1044.48739501,"Shape_Area":15393.5538502,"rendiment_":12000,"area_m2":15403.37,"area_ha":0.0154,"rend_sup":184.8},"geometry":{"type":"MultiPolygon","coordinates":[[[[2.028332099950287,41.305663451258788],[2.029150395011215,41.304775355654151],[2.030990737088756,41.302689828730124],[2.031452941099187,41.302189733981862],[2.031433186799809,41.302181005135402],[2.03145316356556,41.30215589071004],[2.031303074952758,41.302098501350827],[2.031099268896247,41.302035898220403],[2.030347820040247,41.302869795304858],[2.030372220756957,41.302883782478744],[2.029985336769525,41.303326311300566],[2.029776217948057,41.303557396005885],[2.029117412189938,41.304316951309268],[2.028351080512111,41.305165131420139],[2.028332387205844,41.305185239796153],[2.028299038966314,41.30520946882897],[2.028279745898756,41.305273832732283],[2.028228446285753,41.305341644748495],[2.028125850059054,41.305378422138034],[2.028085280424179,41.30542365798668],[2.027976678067035,41.305529506973926],[2.027933344271097,41.305636816850566],[2.027934346012568,41.305670950565769],[2.028041317067197,41.305781624008546],[2.028096542894539,41.305821335508647],[2.02815346823407,41.305847841342377],[2.028332099950287,41.305663451258788]]]]}},
{"type":"Feature","properties":{"Campanya":2024,"Provincia":"Barcelona","Comarca":"Baix Llobregat","Municipi":"VILADECANS","ID_MUN":"08302","Grup":"HORTÍCOLES","Cultiu":"CARXOFA","Seca_Regad":"R","Sist_Regad":"DEGOTEIG","Varietat":"NO ESPECIFICADA","Producte2n":null,"HA":1.4616,"Shape_Leng":530.76294375299994,"Shape_Le_1":530.76294375299994,"Shape_Area":14607.0252337,"rendiment_":12000,"area_m2":14616.41,"area_ha":0.0146,"rend_sup":175.2},"geometry":{"type":"MultiPolygon","coordinates":[[[[2.042135239399464,41.304683138464554],[2.04197459249681,41.304608785001165],[2.041897615832464,41.304576696961824],[2.041342948152367,41.305062550355707],[2.041348545582079,41.305093635348065],[2.041374190013902,41.305122098550441],[2.041553670763852,41.305212025274685],[2.04183185261568,41.305346989880071],[2.042424303926449,41.305626693293277],[2.043256787542076,41.30604735014871],[2.043349131593505,41.306043768819102],[2.043731087601115,41.305472853553312],[2.043742992784306,41.305444790212007],[2.042141793137332,41.304688408401724],[2.042135239399464,41.304683138464554]]]]}},
{"type":"Feature","properties":{"Campanya":2024,"Provincia":"Barcelona","Comarca":"Baix Llobregat","Municipi":"VILADECANS","ID_MUN":"08302","Grup":"HORTÍCOLES","Cultiu":"CARXOFA","Seca_Regad":"R","Sist_Regad":"DEGOTEIG","Varietat":"NO ESPECIFICADA","Producte2n":null,"HA":1.4544,"Shape_Leng":483.11071778799999,"Shape_Le_1":482.989709597,"Shape_Area":14527.890857,"rendiment_":12000,"area_m2":14537.23,"area_ha":0.0145,"rend_sup":174.0},"geometry":{"type":"MultiPolygon","coordinates":[[[[2.043953887685613,41.305513176697374],[2.043836478623241,41.305470598050306],[2.043238329774003,41.306382985888341],[2.043937322822899,41.30664709141351],[2.04457344384594,41.306887436801738],[2.04523366927209,41.305977284211451],[2.043953887685613,41.305513176697374]]]]}},
{"type":"Feature","properties":{"Campanya":2024,"Provincia":"Barcelona","Comarca":"Baix Llobregat","Municipi":"VILADECANS","ID_MUN":"08302","Grup":"HORTÍCOLES","Cultiu":"CARXOFA","Seca_Regad":"R","Sist_Regad":"DEGOTEIG","Varietat":"NO ESPECIFICADA","Producte2n":null,"HA":0.201,"Shape_Leng":181.26905414800001,"Shape_Le_1":181.26905416899999,"Shape_Area":2008.51735149,"rendiment_":12000,"area_m2":2009.8,"area_ha":0.002,"rend_sup":24.0},"geometry":{"type":"MultiPolygon","coordinates":[[[[2.029619897127648,41.307621381438651],[2.029470767601226,41.307525656102683],[2.029290939885862,41.307396923696508],[2.029263916791943,41.307383743782765],[2.029224981962126,41.307359004845914],[2.029205111295371,41.307377403684058],[2.028916849009379,41.30764437909],[2.029197940838864,41.307974356207062],[2.029619897127648,41.307621381438651]]]]}},
{"type":"Feature","properties":{"Campanya":2024,"Provincia":"Barcelona","Comarca":"Baix Llobregat","Municipi":"VILADECANS","ID_MUN":"08302","Grup":"HORTÍCOLES","Cultiu":"CARXOFA","Seca_Regad":"R","Sist_Regad":"DEGOTEIG","Varietat":"NO ESPECIFICADA","Producte2n":null,"HA":0.1714,"Shape_Leng":185.35975893099999,"Shape_Le_1":185.35975893099999,"Shape_Area":1712.57452921,"rendiment_":12000,"area_m2":1713.67,"area_ha":0.0017,"rend_sup":20.4},"geometry":{"type":"MultiPolygon","coordinates":[[[[2.030062787587517,41.307897965090064],[2.029843925753719,41.307773898416741],[2.02963812504845,41.308000134820468],[2.029391795931519,41.308201899564615],[2.029574320509141,41.308416059971343],[2.030072816578113,41.307954198398434],[2.03008866297259,41.307932106609769],[2.030062787587517,41.307897965090064]]]]}},
{"type":"Feature","properties":{"Campanya":2024,"Provincia":"Barcelona","Comarca":"Baix Llobregat","Municipi":"VILADECANS","ID_MUN":"08302","Grup":"HORTÍCOLES","Cultiu":"COGOMBRE","Seca_Regad":"R","Sist_Regad":"DEGOTEIG","Varietat":"NO ESPECIFICADA","Producte2n":null,"HA":0.3086,"Shape_Leng":223.34993354400001,"Shape_Le_1":223.315288901,"Shape_Area":3085.1419873200002,"rendiment_":32000,"area_m2":3087.1,"area_ha":0.0031,"rend_sup":99.2},"geometry":{"type":"MultiPolygon","coordinates":[[[[2.024852639148175,41.299134141449208],[2.024199871272112,41.298852438269329],[2.024144051470074,41.298906403372875],[2.023899693906676,41.299224401777927],[2.024550458795237,41.299510657227025],[2.024663347184838,41.299371061668403],[2.024852639148175,41.299134141449208]]]]}},
{"type":"Feature","properties":{"Campanya":2024,"Provincia":"Barcelona","Comarca":"Baix Llobregat","Municipi":"VILADECANS","ID_MUN":"08302","Grup":"HORTÍCOLES","Cultiu":"COGOMBRE","Seca_Regad":"R","Sist_Regad":"DEGOTEIG","Varietat":"NO ESPECIFICADA","Producte2n":null,"HA":0.3505,"Shape_Leng":253.64322574,"Shape_Le_1":253.643225747,"Shape_Area":3502.9693701900001,"rendiment_":32000,"area_m2":3505.2,"area_ha":0.0035,"rend_sup":112.0},"geometry":{"type":"MultiPolygon","coordinates":[[[[2.022996680136671,41.30013923330494],[2.022843538840734,41.300041580886173],[2.022835156717438,41.300054908528146],[2.022223120192375,41.299777942905251],[2.021977566149489,41.300088701392454],[2.022587210569044,41.300387762548688],[2.022749907140601,41.300460185984917],[2.022780669465975,41.300479129811478],[2.02282903365797,41.30048925059404],[2.02309340962401,41.300161613981899],[2.022996680136671,41.30013923330494]]]]}},
{"type":"Feature","properties":{"Campanya":2024,"Provincia":"Barcelona","Comarca":"Baix Llobregat","Municipi":"VILADECANS","ID_MUN":"08302","Grup":"HORTÍCOLES","Cultiu":"COGOMBRE","Seca_Regad":"R","Sist_Regad":"DEGOTEIG","Varietat":"NO ESPECIFICADA","Producte2n":null,"HA":0.5501,"Shape_Leng":315.89336637999997,"Shape_Le_1":315.89336638600003,"Shape_Area":5497.4135201199997,"rendiment_":32000,"area_m2":5500.93,"area_ha":0.0055,"rend_sup":176.0},"geometry":{"type":"MultiPolygon","coordinates":[[[[2.036231061824494,41.303673924950012],[2.036337000655249,41.303450680421427],[2.036311552046645,41.303440182485488],[2.036319601864641,41.30342355069822],[2.036355532331277,41.303372142504649],[2.036374739620827,41.303272457700544],[2.036332074385649,41.303254268168061],[2.036358562993684,41.303210430173706],[2.035616095027577,41.302863451783161],[2.035621765481485,41.302853550401316],[2.035610796426723,41.302848682670344],[2.035266523075697,41.303325547683151],[2.035199991415601,41.303437934478957],[2.035669885896829,41.303637639677753],[2.0357039736056,41.303586978295144],[2.035730734633183,41.303536362713814],[2.036205511198313,41.303726566682336],[2.036231061824494,41.303673924950012]]]]}},
{"type":"Feature","properties":{"Campanya":2024,"Provincia":"Barcelona","Comarca":"Baix Llobregat","Municipi":"VILADECANS","ID_MUN":"08302","Grup":"HORTÍCOLES","Cultiu":"COGOMBRE","Seca_Regad":"R","Sist_Regad":"DEGOTEIG","Varietat":"NO ESPECIFICADA","Producte2n":null,"HA":0.316,"Shape_Leng":238.991206468,"Shape_Le_1":238.669652477,"Shape_Area":3160.02398619,"rendiment_":32000,"area_m2":3162.05,"area_ha":0.0032,"rend_sup":102.4},"geometry":{"type":"MultiPolygon","coordinates":[[[[2.036223257237969,41.305198152730547],[2.036188477150473,41.304749478785816],[2.035942008999273,41.304650997433939],[2.035944511035799,41.304644949973614],[2.035844388502399,41.304634589415485],[2.035438111882776,41.304580779035497],[2.035271915607345,41.304851191244126],[2.035276237583052,41.304857340922474],[2.035476997717396,41.304924852699784],[2.036223257237969,41.305198152730547]]]]}},
{"type":"Feature","properties":{"Campanya":2024,"Provincia":"Barcelona","Comarca":"Baix Llobregat","Municipi":"VILADECANS","ID_MUN":"08302","Grup":"HORTÍCOLES","Cultiu":"COGOMBRE","Seca_Regad":"R","Sist_Regad":"DEGOTEIG","Varietat":"NO ESPECIFICADA","Producte2n":null,"HA":0.4287,"Shape_Leng":291.03791847700001,"Shape_Le_1":291.03791848200001,"Shape_Area":4284.6128916099997,"rendiment_":32000,"area_m2":4287.35,"area_ha":0.0043,"rend_sup":137.6},"geometry":{"type":"MultiPolygon","coordinates":[[[[2.035577797252027,41.305008461797584],[2.035241961828008,41.304888437896558],[2.035015769472538,41.305256214331813],[2.036101257567312,41.305649257377112],[2.036212444316635,41.305468918726554],[2.036131809342713,41.305439916437685],[2.036162405151601,41.30537746988481],[2.036120074920508,41.30536296808863],[2.036200963436385,41.305242768928089],[2.035577797252027,41.305008461797584]]]]}},
{"type":"Feature","properties":{"Campanya":2024,"Provincia":"Barcelona","Comarca":"Baix Llobregat","Municipi":"VILADECANS","ID_MUN":"08302","Grup":"HORTÍCOLES","Cultiu":"COGOMBRE","Seca_Regad":"R","Sist_Regad":"DEGOTEIG","Varietat":"NO ESPECIFICADA","Producte2n":null,"HA":0.5491,"Shape_Leng":299.647195388,"Shape_Le_1":299.64719538600002,"Shape_Area":5487.8039877900001,"rendiment_":32000,"area_m2":5491.31,"area_ha":0.0055,"rend_sup":176.0},"geometry":{"type":"MultiPolygon","coordinates":[[[[2.034327936199507,41.306346722800569],[2.033476724802419,41.305894821203687],[2.033083360106126,41.306313940113135],[2.033030162542109,41.306364311338719],[2.033857120895445,41.306799474701265],[2.033908058095585,41.306748776965506],[2.033999021142353,41.306673111010056],[2.034074833133299,41.306593649043982],[2.034327936199507,41.306346722800569]]]]}},
{"type":"Feature","properties":{"Campanya":2024,"Provincia":"Barcelona","Comarca":"Baix Llobregat","Municipi":"VILADECANS","ID_MUN":"08302","Grup":"HORTÍCOLES","Cultiu":"COGOMBRE","Seca_Regad":"R","Sist_Regad":"DEGOTEIG","Varietat":"NO ESPECIFICADA","Producte2n":null,"HA":0.672,"Shape_Leng":346.78025473600002,"Shape_Le_1":346.71426851400003,"Shape_Area":6719.1989116000004,"rendiment_":32000,"area_m2":6723.51,"area_ha":0.0067,"rend_sup":214.4},"geometry":{"type":"MultiPolygon","coordinates":[[[[2.040039809085859,41.308345302450554],[2.040129179187112,41.308251903767506],[2.040362069176306,41.308014311823214],[2.039896083225985,41.307680451243741],[2.039635363436802,41.307889617689739],[2.039611927059332,41.307872356415025],[2.039023559383701,41.308344546132126],[2.038946966271152,41.308398710031938],[2.039445605354797,41.308756660488363],[2.039651899293247,41.308597079384789],[2.039722961661435,41.30863908556848],[2.040039809085859,41.308345302450554]]]]}},
{"type":"Feature","properties":{"Campanya":2024,"Provincia":"Barcelona","Comarca":"Baix Llobregat","Municipi":"VILADECANS","ID_MUN":"08302","Grup":"HORTÍCOLES","Cultiu":"COGOMBRE","Seca_Regad":"R","Sist_Regad":"DEGOTEIG","Varietat":"NO ESPECIFICADA","Producte2n":null,"HA":0.2557,"Shape_Leng":324.01575031800002,"Shape_Le_1":323.92577723,"Shape_Area":2552.8621477199999,"rendiment_":32000,"area_m2":2554.49,"area_ha":0.0026,"rend_sup":83.2},"geometry":{"type":"MultiPolygon","coordinates":[[[[2.034577811889518,41.309732655656667],[2.034599518030191,41.309718501253883],[2.03533021886567,41.309233797055981],[2.035323994018135,41.309219513797558],[2.035183591411699,41.309086902764271],[2.034550838541657,41.309536048723949],[2.034543904070185,41.309541040127193],[2.033919707136544,41.309990324669648],[2.034040332910492,41.310082066054584],[2.034577811889518,41.309732655656667]]]]}},
{"type":"Feature","properties":{"Campanya":2024,"Provincia":"Barcelona","Comarca":"Baix Llobregat","Municipi":"VILADECANS","ID_MUN":"08302","Grup":"HORTÍCOLES","Cultiu":"COGOMBRE","Seca_Regad":"R","Sist_Regad":"DEGOTEIG","Varietat":"NO ESPECIFICADA","Producte2n":null,"HA":0.7624,"Shape_Leng":366.58549100200003,"Shape_Le_1":365.55826924500002,"Shape_Area":7620.5897945500001,"rendiment_":32000,"area_m2":7625.47,"area_ha":0.0076,"rend_sup":243.2},"geometry":{"type":"MultiPolygon","coordinates":[[[[2.037285572159749,41.31185953190078],[2.037969353336486,41.311144080313355],[2.03713957343628,41.31097604926385],[2.037094393472639,41.311007514919325],[2.037037701394483,41.310977069690111],[2.036997461750586,41.311010450217353],[2.036933318408494,41.310979942594194],[2.036768060778571,41.311150000188341],[2.036756664979873,41.311166718377706],[2.036696219684431,41.31113811514885],[2.036423517330815,41.311419273152204],[2.036344222075898,41.31150699180975],[2.036405854683094,41.311539351416435],[2.036385679368776,41.311559787358604],[2.037285572159749,41.31185953190078]]]]}},
{"type":"Feature","properties":{"Campanya":2024,"Provincia":"Barcelona","Comarca":"Baix Llobregat","Municipi":"VILADECANS","ID_MUN":"08302","Grup":"HORTÍCOLES","Cultiu":"COGOMBRE","Seca_Regad":"R","Sist_Regad":"DEGOTEIG","Varietat":"NO ESPECIFICADA","Producte2n":null,"HA":0.7053,"Shape_Leng":356.76742327,"Shape_Le_1":356.610434274,"Shape_Area":7046.9851438699998,"rendiment_":32000,"area_m2":7051.5,"area_ha":0.0071,"rend_sup":227.2},"geometry":{"type":"MultiPolygon","coordinates":[[[[2.03885671664082,41.311858148645776],[2.039092495039062,41.311475857320431],[2.03899843084615,41.311437974247774],[2.038989067447879,41.31145674173905],[2.038638749461782,41.311328748644897],[2.038617949474372,41.311352561211024],[2.038405518259594,41.311273690736783],[2.038387040537482,41.311294094375562],[2.038251428161318,41.311244991410661],[2.03823749429626,41.311265433893603],[2.038169713369735,41.31123916796038],[2.038153531498929,41.311257879305664],[2.038074417224524,41.311229805364292],[2.03797420468536,41.311400292977893],[2.037904150562735,41.311374008789592],[2.037736362557551,41.31165871766985],[2.037731163054574,41.311664670549312],[2.037664099607294,41.311641674666468],[2.037610513541172,41.311737243870766],[2.037675830166141,41.311757579652365],[2.03766186821485,41.311775200652939],[2.038478485467769,41.312057653019188],[2.038588150886838,41.3120806944248],[2.038717739881016,41.312051693266952],[2.03885671664082,41.311858148645776]]]]}},
{"type":"Feature","properties":{"Campanya":2024,"Provincia":"Barcelona","Comarca":"Baix Llobregat","Municipi":"VILADECANS","ID_MUN":"08302","Grup":"HORTÍCOLES","Cultiu":"COGOMBRE","Seca_Regad":"R","Sist_Regad":"DEGOTEIG","Varietat":"NO ESPECIFICADA","Producte2n":null,"HA":0.2841,"Shape_Leng":247.135861869,"Shape_Le_1":247.13586187600001,"Shape_Area":2839.25222803,"rendiment_":32000,"area_m2":2841.07,"area_ha":0.0028,"rend_sup":89.6},"geometry":{"type":"MultiPolygon","coordinates":[[[[2.036635270579956,41.312307006504376],[2.036671778610456,41.312254424943298],[2.036748327994228,41.312280507521258],[2.036786894550593,41.312227911624205],[2.03682990047852,41.312240483995275],[2.036903028841475,41.312132205951876],[2.036959440612752,41.312150995787917],[2.036990000290303,41.312092227486666],[2.036049932586498,41.311770919615064],[2.036004677863538,41.311819387825118],[2.035948658185745,41.311865731038758],[2.035898005288841,41.311914153991388],[2.035851355543528,41.31196566492585],[2.03580730040325,41.312024319871945],[2.036615666164393,41.312303667243008],[2.036635270579956,41.312307006504376]]]]}},
{"type":"Feature","properties":{"Campanya":2024,"Provincia":"Barcelona","Comarca":"Baix Llobregat","Municipi":"VILADECANS","ID_MUN":"08302","Grup":"HORTÍCOLES","Cultiu":"COGOMBRE","Seca_Regad":"R","Sist_Regad":"DEGOTEIG","Varietat":"NO ESPECIFICADA","Producte2n":null,"HA":0.5624,"Shape_Leng":305.06813085099998,"Shape_Le_1":305.06813085300001,"Shape_Area":5620.4671093099996,"rendiment_":32000,"area_m2":5624.07,"area_ha":0.0056,"rend_sup":179.2},"geometry":{"type":"MultiPolygon","coordinates":[[[[2.040048523088668,41.312608576706531],[2.04015559158895,41.312427528148071],[2.040217488592507,41.312446041461797],[2.040536289016709,41.311910049467159],[2.039833518218378,41.311667494935527],[2.039577329632398,41.312062760435147],[2.039393422391086,41.31237742614011],[2.040048523088668,41.312608576706531]]]]}},
{"type":"Feature","properties":{"Campanya":2024,"Provincia":"Barcelona","Comarca":"Baix Llobregat","Municipi":"VILADECANS","ID_MUN":"08302","Grup":"HORTÍCOLES","Cultiu":"COGOMBRE","Seca_Regad":"R","Sist_Regad":"DEGOTEIG","Varietat":"NO ESPECIFICADA","Producte2n":"MONGETA","HA":0.3687,"Shape_Leng":269.76748858799999,"Shape_Le_1":269.769079686,"Shape_Area":3685.0877190299998,"rendiment_":32000,"area_m2":3687.45,"area_ha":0.0037,"rend_sup":118.4},"geometry":{"type":"MultiPolygon","coordinates":[[[[2.037291137921737,41.306372017061499],[2.037103475084339,41.306249290557659],[2.036480581324522,41.306766813896594],[2.03632928139643,41.306898245294931],[2.03667445805758,41.307126492933961],[2.037440003947395,41.306467825580562],[2.037291137921737,41.306372017061499]]]]}},
{"type":"Feature","properties":{"Campanya":2024,"Provincia":"Barcelona","Comarca":"Baix Llobregat","Municipi":"VILADECANS","ID_MUN":"08302","Grup":"HORTÍCOLES","Cultiu":"COGOMBRE","Seca_Regad":"R","Sist_Regad":"DEGOTEIG","Varietat":"NO ESPECIFICADA","Producte2n":"MONGETA","HA":0.2303,"Shape_Leng":245.233887178,"Shape_Le_1":245.233887181,"Shape_Area":2301.5607039900001,"rendiment_":32000,"area_m2":2303.03,"area_ha":0.0023,"rend_sup":73.6},"geometry":{"type":"MultiPolygon","coordinates":[[[[2.037716649721126,41.306586555570632],[2.037514269670698,41.306461119841181],[2.036747131194185,41.307155243554384],[2.036808068401303,41.307223307734048],[2.036884932470558,41.307261949443728],[2.036980234525218,41.307273347880418],[2.037716649721126,41.306586555570632]]]]}},
{"type":"Feature","properties":{"Campanya":2024,"Provincia":"Barcelona","Comarca":"Baix Llobregat","Municipi":"VILADECANS","ID_MUN":"08302","Grup":"HORTÍCOLES","Cultiu":"BLEDA","Seca_Regad":"R","Sist_Regad":"DEGOTEIG","Varietat":"NO ESPECIFICADA","Producte2n":null,"HA":0.4994,"Shape_Leng":297.98250919200001,"Shape_Le_1":297.982509198,"Shape_Area":4990.9972934899997,"rendiment_":10428,"area_m2":4994.18,"area_ha":0.005,"rend_sup":52.14},"geometry":{"type":"MultiPolygon","coordinates":[[[[2.031358333208616,41.292968839431289],[2.031508799281346,41.292259041971249],[2.03126639061735,41.292232323110817],[2.031056538303224,41.292192815853689],[2.030933616332557,41.29216241716486],[2.030896030071243,41.292176152606324],[2.030685514032731,41.292948495974862],[2.030719709410224,41.292954009239303],[2.030782142889601,41.292980205736903],[2.030800906906547,41.293060081081073],[2.030774943444384,41.293127779850863],[2.031358333208616,41.292968839431289]]]]}},
{"type":"Feature","properties":{"Campanya":2024,"Provincia":"Barcelona","Comarca":"Baix Llobregat","Municipi":"VILADECANS","ID_MUN":"08302","Grup":"HORTÍCOLES","Cultiu":"BLEDA","Seca_Regad":"R","Sist_Regad":"DEGOTEIG","Varietat":"NO ESPECIFICADA","Producte2n":null,"HA":0.1399,"Shape_Leng":158.55872897099999,"Shape_Le_1":158.57415493299999,"Shape_Area":1399.4712391800001,"rendiment_":10428,"area_m2":1400.36,"area_ha":0.0014,"rend_sup":14.6},"geometry":{"type":"MultiPolygon","coordinates":[[[[2.03201031820095,41.292895773180057],[2.031457094669346,41.292912920719253],[2.031358333208638,41.292968839431289],[2.031378970112271,41.293007715288944],[2.031438159760741,41.293119217633773],[2.031525571997616,41.293127472810994],[2.031575951964518,41.293128131725645],[2.031675006370542,41.293134539758242],[2.032050503097704,41.293183003506549],[2.03201031820095,41.292895773180057]]]]}},
{"type":"Feature","properties":{"Campanya":2024,"Provincia":"Barcelona","Comarca":"Baix Llobregat","Municipi":"VILADECANS","ID_MUN":"08302","Grup":"HORTÍCOLES","Cultiu":"BLEDA","Seca_Regad":"R","Sist_Regad":"DEGOTEIG","Varietat":"NO ESPECIFICADA","Producte2n":null,"HA":0.1949,"Shape_Leng":179.66527968899999,"Shape_Le_1":179.360833947,"Shape_Area":1948.5213332599999,"rendiment_":10428,"area_m2":1949.77,"area_ha":0.0019,"rend_sup":19.81},"geometry":{"type":"MultiPolygon","coordinates":[[[[2.037078179509832,41.302820812494545],[2.037477065348417,41.302946287503836],[2.037677338878768,41.302674103613285],[2.037768528547615,41.302566937374785],[2.037448917658874,41.302413794059078],[2.037397682878929,41.302400674794136],[2.037035652495644,41.302807434662064],[2.037078179509832,41.302820812494545]]]]}},
{"type":"Feature","properties":{"Campanya":2024,"Provincia":"Barcelona","Comarca":"Baix Llobregat","Municipi":"VILADECANS","ID_MUN":"08302","Grup":"HORTÍCOLES","Cultiu":"BLEDA","Seca_Regad":"R","Sist_Regad":"DEGOTEIG","Varietat":"NO ESPECIFICADA","Producte2n":null,"HA":0.5217,"Shape_Leng":307.96603804199998,"Shape_Le_1":307.96603804699998,"Shape_Area":5213.6594845400004,"rendiment_":10428,"area_m2":5216.99,"area_ha":0.0052,"rend_sup":54.23},"geometry":{"type":"MultiPolygon","coordinates":[[[[2.03519905730426,41.303297580194226],[2.035536660883413,41.302828012396972],[2.035067378461838,41.302754770330438],[2.034837456378173,41.302730795634012],[2.034696971570602,41.302727945751883],[2.034524970131297,41.302736661923035],[2.034398902405119,41.302749150939555],[2.034297897766839,41.30274236125944],[2.034191107237887,41.302898269496744],[2.034232598530925,41.302978235778603],[2.034293369136463,41.303046550335047],[2.034273399244227,41.303065991424496],[2.034424424924136,41.303131523136507],[2.034452081570502,41.303100088933292],[2.03460635501425,41.303162081543327],[2.034596641894149,41.303171353565219],[2.034584555084575,41.303193920706015],[2.035029069451699,41.303372418038109],[2.035122582008598,41.303412670547424],[2.03519905730426,41.303297580194226]]]]}},
{"type":"Feature","properties":{"Campanya":2024,"Provincia":"Barcelona","Comarca":"Baix Llobregat","Municipi":"VILADECANS","ID_MUN":"08302","Grup":"HORTÍCOLES","Cultiu":"BLEDA","Seca_Regad":"R","Sist_Regad":"DEGOTEIG","Varietat":"NO ESPECIFICADA","Producte2n":null,"HA":0.4373,"Shape_Leng":759.50464263499998,"Shape_Le_1":759.34707213000002,"Shape_Area":4370.0313418300002,"rendiment_":10428,"area_m2":4372.82,"area_ha":0.0044,"rend_sup":45.88},"geometry":{"type":"MultiPolygon","coordinates":[[[[2.031953920737286,41.302233435624657],[2.03193864423097,41.302232376943977],[2.031833961107393,41.302195015710687],[2.030873254033675,41.303275325957983],[2.030356933724392,41.303843684921937],[2.029444246060233,41.304888536212282],[2.029395177090591,41.304951265665913],[2.029492116953399,41.305003425444937],[2.031175925497854,41.303131138414045],[2.031940406859396,41.30227472747282],[2.031953920737286,41.302233435624657]]]]}},
{"type":"Feature","properties":{"Campanya":2024,"Provincia":"Barcelona","Comarca":"Baix Llobregat","Municipi":"VILADECANS","ID_MUN":"08302","Grup":"HORTÍCOLES","Cultiu":"BLEDA","Seca_Regad":"R","Sist_Regad":"DEGOTEIG","Varietat":"NO ESPECIFICADA","Producte2n":null,"HA":0.4666,"Shape_Leng":284.541951434,"Shape_Le_1":284.54195143800001,"Shape_Area":4663.0148367100001,"rendiment_":10428,"area_m2":4666.0,"area_ha":0.0047,"rend_sup":49.01},"geometry":{"type":"MultiPolygon","coordinates":[[[[2.034829563894808,41.305260013509006],[2.034187087384854,41.305047844240171],[2.033908215615548,41.305345090155555],[2.034850223118339,41.30584788352391],[2.035185547553232,41.305503700696782],[2.035108851686164,41.305428010127677],[2.03490307057696,41.305314346643726],[2.034846480611021,41.305272517380523],[2.03485212174499,41.305267461880739],[2.034829563894808,41.305260013509006]]]]}},
{"type":"Feature","properties":{"Campanya":2024,"Provincia":"Barcelona","Comarca":"Baix Llobregat","Municipi":"VILADECANS","ID_MUN":"08302","Grup":"HORTÍCOLES","Cultiu":"BLEDA","Seca_Regad":"R","Sist_Regad":"DEGOTEIG","Varietat":"NO ESPECIFICADA","Producte2n":null,"HA":1.0537,"Shape_Leng":585.56731538999998,"Shape_Le_1":582.63051897299999,"Shape_Area":10525.8779629,"rendiment_":10428,"area_m2":10532.62,"area_ha":0.0105,"rend_sup":109.49},"geometry":{"type":"MultiPolygon","coordinates":[[[[2.036482286854284,41.305753567731536],[2.036531881315264,41.305618021980926],[2.036474430079733,41.305752120197702],[2.036482286854284,41.305753567731536]]],[[[2.037395745657336,41.305899562049852],[2.03764587907008,41.305479254988306],[2.038511084837774,41.305535790458478],[2.038584738619938,41.305407213370124],[2.038568189316109,41.305402167974329],[2.038555559866317,41.305398317851143],[2.038548874842894,41.30540362603368],[2.038539935165692,41.305403685573381],[2.037331628656893,41.305044627454251],[2.037341214069907,41.305028122677058],[2.037103947884397,41.304964894689157],[2.037101757069911,41.304957924625768],[2.037087872060074,41.304937106890286],[2.037111787025,41.30488650321918],[2.03710169368115,41.304866332748233],[2.036543417444043,41.304716731610888],[2.036584539012743,41.305307524503284],[2.036568655707218,41.305469619218385],[2.036536477665202,41.305604472814949],[2.036581606602549,41.305646470111149],[2.036617608818491,41.305714583311044],[2.036644010105859,41.305733298671413],[2.036724297033017,41.305745326482594],[2.036735716449558,41.305752260614277],[2.036806505296537,41.305769660275828],[2.036832312906312,41.305749337121291],[2.036854756591098,41.305726419549146],[2.036904879123352,41.305729406114217],[2.036929912471326,41.305736368565583],[2.036876961169511,41.305827547139096],[2.036921058803019,41.305836110326858],[2.036918135931112,41.305826923347119],[2.036954850543833,41.305762632585605],[2.037010989162532,41.305778021552648],[2.037063594082527,41.305781735012516],[2.037123262279583,41.305799179260617],[2.037161927034757,41.305818707789626],[2.037164940319539,41.305882893180453],[2.037340294197374,41.305911227738122],[2.037383282456052,41.305920504780381],[2.037395745657336,41.305899562049852]]]]}},
{"type":"Feature","properties":{"Campanya":2024,"Provincia":"Barcelona","Comarca":"Baix Llobregat","Municipi":"VILADECANS","ID_MUN":"08302","Grup":"HORTÍCOLES","Cultiu":"BLEDA","Seca_Regad":"R","Sist_Regad":"DEGOTEIG","Varietat":"NO ESPECIFICADA","Producte2n":null,"HA":0.4413,"Shape_Leng":388.31640979899998,"Shape_Le_1":388.26597893600001,"Shape_Area":4409.9776593200004,"rendiment_":10428,"area_m2":4412.79,"area_ha":0.0044,"rend_sup":45.88},"geometry":{"type":"MultiPolygon","coordinates":[[[[2.028332099950287,41.305663451258788],[2.02815346823407,41.305847841342377],[2.028263151571605,41.305926535763327],[2.028322398265835,41.30596361034997],[2.0284375915957,41.306051740179818],[2.02848767070846,41.306083794833846],[2.029058078427487,41.305643557299284],[2.029050565475502,41.305596884146176],[2.02904620860923,41.305529995757887],[2.029080322706522,41.305482719842686],[2.029137406039684,41.305461177782838],[2.029220975771811,41.305466794484396],[2.029267446807051,41.305481968771808],[2.029306891997301,41.305451525196318],[2.029321807079657,41.305468764500844],[2.029460732675243,41.305347882242259],[2.029678016109226,41.305146681253468],[2.029344508012224,41.304968764394744],[2.029263935221887,41.305069510380136],[2.029149931555398,41.305137007449886],[2.029059753557657,41.305200832123788],[2.028968280100348,41.305279417345702],[2.028517561715534,41.305771665706267],[2.028332099950287,41.305663451258788]]]]}},
{"type":"Feature","properties":{"Campanya":2024,"Provincia":"Barcelona","Comarca":"Baix Llobregat","Municipi":"VILADECANS","ID_MUN":"08302","Grup":"HORTÍCOLES","Cultiu":"BLEDA","Seca_Regad":"R","Sist_Regad":"DEGOTEIG","Varietat":"NO ESPECIFICADA","Producte2n":null,"HA":0.175,"Shape_Leng":175.11266248499999,"Shape_Le_1":174.89299988900001,"Shape_Area":1743.90391965,"rendiment_":10428,"area_m2":1745.02,"area_ha":0.0017,"rend_sup":17.73},"geometry":{"type":"MultiPolygon","coordinates":[[[[2.037306812866849,41.306343685074133],[2.037372276808219,41.306318875311298],[2.037470599190095,41.306349972983611],[2.037510499268519,41.306356930820691],[2.037550398263293,41.306350560100476],[2.03754451595541,41.306356101926809],[2.037553829224946,41.306356315816416],[2.037691889096775,41.306227929255442],[2.037790632274716,41.306128601130759],[2.037818314168518,41.306063577030699],[2.037439410745721,41.305971780603429],[2.037345662238012,41.305960544167299],[2.037055095829346,41.306240554773062],[2.037062814128857,41.30624401706411],[2.037076220495636,41.306231447430861],[2.037103475084339,41.306249290557659],[2.037291137921737,41.306372017061499],[2.037319050072859,41.306351313266831],[2.037306812866849,41.306343685074133]]]]}},
{"type":"Feature","properties":{"Campanya":2024,"Provincia":"Barcelona","Comarca":"Baix Llobregat","Municipi":"VILADECANS","ID_MUN":"08302","Grup":"HORTÍCOLES","Cultiu":"BLEDA","Seca_Regad":"R","Sist_Regad":"DEGOTEIG","Varietat":"NO ESPECIFICADA","Producte2n":null,"HA":0.0788,"Shape_Leng":115.908593213,"Shape_Le_1":115.908593208,"Shape_Area":787.65983525499996,"rendiment_":10428,"area_m2":788.16,"area_ha":0.0008,"rend_sup":8.34},"geometry":{"type":"MultiPolygon","coordinates":[[[[2.037886422390323,41.306104830046785],[2.037848416138003,41.306100205824379],[2.037668754800064,41.306307895306517],[2.037725166396763,41.306332791019209],[2.037893542426485,41.306421544275558],[2.038175559918187,41.30615847180156],[2.037886422390323,41.306104830046785]]]]}},
{"type":"Feature","properties":{"Campanya":2024,"Provincia":"Barcelona","Comarca":"Baix Llobregat","Municipi":"VILADECANS","ID_MUN":"08302","Grup":"HORTÍCOLES","Cultiu":"BLEDA","Seca_Regad":"R","Sist_Regad":"DEGOTEIG","Varietat":"NO ESPECIFICADA","Producte2n":null,"HA":0.4982,"Shape_Leng":317.76126352099999,"Shape_Le_1":317.76126352199998,"Shape_Area":4978.9671187100002,"rendiment_":10428,"area_m2":4982.14,"area_ha":0.005,"rend_sup":52.14},"geometry":{"type":"MultiPolygon","coordinates":[[[[2.027582051836927,41.305315296130033],[2.027573712567592,41.305307105334229],[2.027249817571735,41.305664585628854],[2.027937390770898,41.30645873592178],[2.027948987296047,41.306458516789618],[2.027961299328743,41.306454922249884],[2.027999110252486,41.306432528922869],[2.028176541328198,41.306301177811051],[2.028343803841173,41.306170533249229],[2.028345505582474,41.306150211179983],[2.028339140668564,41.306140173436908],[2.028203079713307,41.306023554672073],[2.028156141629222,41.305976674701213],[2.02812292807678,41.305948926519292],[2.028115731347384,41.305939723949777],[2.028125431976439,41.305929774105635],[2.028059567846815,41.305876433480464],[2.028008835462733,41.305825652649268],[2.027909384443026,41.305709246303337],[2.027841762396728,41.305621481711768],[2.027801612397692,41.305563336385838],[2.027673722948548,41.305418022970969],[2.027625517821706,41.305357986400033],[2.027582051836927,41.305315296130033]]]]}},
{"type":"Feature","properties":{"Campanya":2024,"Provincia":"Barcelona","Comarca":"Baix Llobregat","Municipi":"VILADECANS","ID_MUN":"08302","Grup":"HORTÍCOLES","Cultiu":"BLEDA","Seca_Regad":"R","Sist_Regad":"DEGOTEIG","Varietat":"NO ESPECIFICADA","Producte2n":null,"HA":0.3786,"Shape_Leng":255.47175128800001,"Shape_Le_1":255.418301531,"Shape_Area":3782.79186261,"rendiment_":10428,"area_m2":3785.21,"area_ha":0.0038,"rend_sup":39.63},"geometry":{"type":"MultiPolygon","coordinates":[[[[2.032318768100416,41.308173675862584],[2.03198486642349,41.307930436299507],[2.031256210117877,41.308500615842661],[2.031552827201612,41.308678578826125],[2.031603551543254,41.308705937388972],[2.031663415113243,41.308729230228508],[2.031689404887246,41.308732871759375],[2.031723340042775,41.308724238829953],[2.032329374445002,41.308222383937647],[2.032318768100416,41.308173675862584]]]]}},
{"type":"Feature","properties":{"Campanya":2024,"Provincia":"Barcelona","Comarca":"Baix Llobregat","Municipi":"VILADECANS","ID_MUN":"08302","Grup":"HORTÍCOLES","Cultiu":"BLEDA","Seca_Regad":"R","Sist_Regad":"DEGOTEIG","Varietat":"NO ESPECIFICADA","Producte2n":null,"HA":0.3008,"Shape_Leng":235.07237848099999,"Shape_Le_1":235.07237848099999,"Shape_Area":3006.0092971499998,"rendiment_":10428,"area_m2":3007.93,"area_ha":0.003,"rend_sup":31.28},"geometry":{"type":"MultiPolygon","coordinates":[[[[2.032489549478802,41.308315494340931],[2.032403875397264,41.308241385733183],[2.032298821472142,41.308301304666713],[2.031728723458779,41.308764007575022],[2.032014927466599,41.308983947195351],[2.032115126152447,41.308905162748289],[2.032401473945568,41.308719218957052],[2.032725181905058,41.308519176273897],[2.032489549478802,41.308315494340931]]]]}},
{"type":"Feature","properties":{"Campanya":2024,"Provincia":"Barcelona","Comarca":"Baix Llobregat","Municipi":"VILADECANS","ID_MUN":"08302","Grup":"HORTÍCOLES","Cultiu":"ALL","Seca_Regad":"R","Sist_Regad":"DEGOTEIG","Varietat":"NO ESPECIFICADA","Producte2n":null,"HA":0.5014,"Shape_Leng":293.40205435600001,"Shape_Le_1":293.40205436000002,"Shape_Area":5010.52242845,"rendiment_":3570,"area_m2":5013.74,"area_ha":0.005,"rend_sup":17.85},"geometry":{"type":"MultiPolygon","coordinates":[[[[2.042928505242336,41.278212858495081],[2.042326165946259,41.278013129210954],[2.041894174650886,41.278778459778984],[2.042473069849463,41.278974723834416],[2.042928505242336,41.278212858495081]]]]}},
{"type":"Feature","properties":{"Campanya":2024,"Provincia":"Barcelona","Comarca":"Baix Llobregat","Municipi":"VILADECANS","ID_MUN":"08302","Grup":"HORTÍCOLES","Cultiu":"ESPINAC","Seca_Regad":"R","Sist_Regad":"DEGOTEIG","Varietat":"NO ESPECIFICADA","Producte2n":null,"HA":0.0744,"Shape_Leng":340.90096833299998,"Shape_Le_1":340.90096833400003,"Shape_Area":743.99932644900002,"rendiment_":7420,"area_m2":744.48,"area_ha":0.0007,"rend_sup":5.19},"geometry":{"type":"MultiPolygon","coordinates":[[[[2.037575869650185,41.284531202953403],[2.038366892878045,41.284463142311139],[2.038452810191617,41.28442860867078],[2.038502098039249,41.28443715875482],[2.039000165835666,41.284371444795156],[2.039330438794335,41.284369940932187],[2.039340929009271,41.28434278310894],[2.039139655943897,41.284338492830656],[2.038765804665012,41.284351948388711],[2.038431300982452,41.284410138115319],[2.037980118835835,41.284444472455263],[2.037563953478569,41.284493060518898],[2.037346772774319,41.284513132142436],[2.037364471230664,41.284530782864927],[2.037477882299879,41.284533801163754],[2.037575869650185,41.284531202953403]]]]}},
{"type":"Feature","properties":{"Campanya":2024,"Provincia":"Barcelona","Comarca":"Baix Llobregat","Municipi":"VILADECANS","ID_MUN":"08302","Grup":"HORTÍCOLES","Cultiu":"CREIXEN","Seca_Regad":"R","Sist_Regad":"DEGOTEIG","Varietat":"NO ESPECIFICADA","Producte2n":null,"HA":0.2096,"Shape_Leng":206.82717072,"Shape_Le_1":206.82717072400001,"Shape_Area":2094.22315824,"rendiment_":10000,"area_m2":2095.56,"area_ha":0.0021,"rend_sup":21.0},"geometry":{"type":"MultiPolygon","coordinates":[[[[2.033818053255724,41.293521738152613],[2.033796226348464,41.293597689069344],[2.03377478496052,41.293602594788261],[2.033676466155444,41.293849262555256],[2.034321567035206,41.293997768505683],[2.034373801691699,41.293856278295287],[2.034240827860871,41.293822589400186],[2.03426963671399,41.293752448337216],[2.034362650850564,41.293775331539933],[2.034408619324918,41.293640187747613],[2.034181227632473,41.293574296277399],[2.033818053255724,41.293521738152613]]]]}},
{"type":"Feature","properties":{"Campanya":2024,"Provincia":"Barcelona","Comarca":"Baix Llobregat","Municipi":"VILADECANS","ID_MUN":"08302","Grup":"HORTÍCOLES","Cultiu":"HORTA","Seca_Regad":"R","Sist_Regad":"DEGOTEIG","Varietat":"NO ESPECIFICADA","Producte2n":null,"HA":0.3359,"Shape_Leng":242.287164058,"Shape_Le_1":242.16177802199999,"Shape_Area":3354.18413113,"rendiment_":19845,"area_m2":3356.33,"area_ha":0.0034,"rend_sup":null},"geometry":{"type":"MultiPolygon","coordinates":[[[[2.039598511681302,41.277274217320851],[2.03932850343856,41.277564337408954],[2.040210425920508,41.27782186737474],[2.040240112959492,41.277830375421047],[2.040278561112256,41.277769211189344],[2.040378066872031,41.277550986694649],[2.040431783082612,41.277443384250368],[2.040424286209345,41.277428188027322],[2.040428052486316,41.277408848497117],[2.039598511681302,41.277274217320851]]]]}},
{"type":"Feature","properties":{"Campanya":2024,"Provincia":"Barcelona","Comarca":"Baix Llobregat","Municipi":"VILADECANS","ID_MUN":"08302","Grup":"HORTÍCOLES","Cultiu":"HORTA","Seca_Regad":"R","Sist_Regad":"DEGOTEIG","Varietat":"NO ESPECIFICADA","Producte2n":null,"HA":1.545,"Shape_Leng":523.536291646,"Shape_Le_1":523.07019999700003,"Shape_Area":15439.266434,"rendiment_":19845,"area_m2":15449.3,"area_ha":0.0154,"rend_sup":null},"geometry":{"type":"MultiPolygon","coordinates":[[[[2.038926651148074,41.278309431270479],[2.038901021479308,41.278306860895327],[2.038927703990507,41.278244502212829],[2.039003145413215,41.277993959501011],[2.039125359735232,41.277640567922575],[2.039110603952872,41.277609116302813],[2.038971031597071,41.277590879813822],[2.038970228172036,41.277598926834628],[2.038800383894285,41.277597566445415],[2.038716312010565,41.277588009925559],[2.038436263721187,41.277575184346503],[2.038351792830125,41.277560522302259],[2.038241120111616,41.277557074685348],[2.038222522375775,41.277549874433809],[2.038135089384267,41.277545118402188],[2.038079617596843,41.277547170723608],[2.038083240163189,41.277573366376451],[2.037982053014481,41.277868408149978],[2.037948841789618,41.277946630347962],[2.037921778584056,41.277970055521678],[2.037900369620392,41.277972392428403],[2.037867659522218,41.278016401483534],[2.037815374976564,41.278074336663956],[2.037788120744993,41.278110841998036],[2.037712585469639,41.27818763753659],[2.03766780050563,41.278183144867832],[2.037530182801406,41.27860444432784],[2.037476248883831,41.278753047215048],[2.03760345494049,41.278796025082002],[2.037876664177538,41.27886805467449],[2.037932842058738,41.27888146484478],[2.038062497209632,41.278978632784515],[2.038104633253954,41.27900434046601],[2.038212124900125,41.279042605873812],[2.038615031585028,41.279154819687896],[2.038926651148074,41.278309431270479]]]]}},
{"type":"Feature","properties":{"Campanya":2024,"Provincia":"Barcelona","Comarca":"Baix Llobregat","Municipi":"VILADECANS","ID_MUN":"08302","Grup":"HORTÍCOLES","Cultiu":"HORTA","Seca_Regad":"R","Sist_Regad":"DEGOTEIG","Varietat":"NO ESPECIFICADA","Producte2n":null,"HA":0.7341,"Shape_Leng":342.81236079199999,"Shape_Le_1":342.79524335399998,"Shape_Area":7333.5890016699996,"rendiment_":19845,"area_m2":7338.39,"area_ha":0.0073,"rend_sup":null},"geometry":{"type":"MultiPolygon","coordinates":[[[[2.041710589940736,41.278760828715491],[2.041621960052769,41.278732305023347],[2.040831451400622,41.278477896692593],[2.04075236345939,41.278616559085613],[2.040380708156118,41.279268166797131],[2.040684080164575,41.2793610328631],[2.040703594252448,41.279365904182093],[2.041263903304781,41.279489942135662],[2.041676736108969,41.278809461958865],[2.041710589940736,41.278760828715491]]]]}},
{"type":"Feature","properties":{"Campanya":2024,"Provincia":"Barcelona","Comarca":"Baix Llobregat","Municipi":"VILADECANS","ID_MUN":"08302","Grup":"HORTÍCOLES","Cultiu":"HORTA","Seca_Regad":"R","Sist_Regad":"DEGOTEIG","Varietat":"NO ESPECIFICADA","Producte2n":null,"HA":1.0657,"Shape_Leng":444.60710187699999,"Shape_Le_1":444.60710188199999,"Shape_Area":10650.0794372,"rendiment_":19845,"area_m2":10656.92,"area_ha":0.0107,"rend_sup":null},"geometry":{"type":"MultiPolygon","coordinates":[[[[2.041861762052115,41.278803752776128],[2.041826648619486,41.278791808235631],[2.041747783215065,41.278812049484813],[2.041289748933591,41.279578842584371],[2.041309781991429,41.279980840887838],[2.04316101927629,41.279364165775],[2.043049342772167,41.279259920790402],[2.042883816212373,41.279163785233969],[2.042655271947408,41.279073700953461],[2.041861762052115,41.278803752776128]]]]}},
{"type":"Feature","properties":{"Campanya":2024,"Provincia":"Barcelona","Comarca":"Baix Llobregat","Municipi":"VILADECANS","ID_MUN":"08302","Grup":"HORTÍCOLES","Cultiu":"HORTA","Seca_Regad":"R","Sist_Regad":"DEGOTEIG","Varietat":"NO ESPECIFICADA","Producte2n":null,"HA":0.1943,"Shape_Leng":350.27252441399997,"Shape_Le_1":350.27252441000002,"Shape_Area":1942.16085561,"rendiment_":19845,"area_m2":1943.41,"area_ha":0.0019,"rend_sup":null},"geometry":{"type":"MultiPolygon","coordinates":[[[[2.047814844296503,41.281245860498629],[2.04768802568891,41.281224888350742],[2.047618991535871,41.281335710138926],[2.049525016170166,41.281626669229908],[2.049557605135258,41.281590350194527],[2.049586237429903,41.281538925107128],[2.047814844296503,41.281245860498629]]]]}},
{"type":"Feature","properties":{"Campanya":2024,"Provincia":"Barcelona","Comarca":"Baix Llobregat","Municipi":"VILADECANS","ID_MUN":"08302","Grup":"HORTÍCOLES","Cultiu":"HORTA","Seca_Regad":"R","Sist_Regad":"DEGOTEIG","Varietat":"NO ESPECIFICADA","Producte2n":null,"HA":0.7152,"Shape_Leng":416.22247193200002,"Shape_Le_1":416.22247192999998,"Shape_Area":7147.8052539600003,"rendiment_":19845,"area_m2":7152.38,"area_ha":0.0072,"rend_sup":null},"geometry":{"type":"MultiPolygon","coordinates":[[[[2.03696901185053,41.280868727858753],[2.036957826287964,41.280736041950661],[2.035397948338308,41.281196175824249],[2.035362417069188,41.281256952518781],[2.035283959166944,41.281413615987788],[2.035235510027905,41.281521074513222],[2.035142457096242,41.28168592059076],[2.036580716893063,41.281313791276737],[2.037015408524344,41.281197534216901],[2.036990653937742,41.281095894904702],[2.03696901185053,41.280868727858753]]]]}},
{"type":"Feature","properties":{"Campanya":2024,"Provincia":"Barcelona","Comarca":"Baix Llobregat","Municipi":"VILADECANS","ID_MUN":"08302","Grup":"HORTÍCOLES","Cultiu":"HORTA","Seca_Regad":"R","Sist_Regad":"DEGOTEIG","Varietat":"NO ESPECIFICADA","Producte2n":null,"HA":0.5005,"Shape_Leng":289.35572938000001,"Shape_Le_1":288.68003353,"Shape_Area":5004.5494882800003,"rendiment_":19845,"area_m2":5011.87,"area_ha":0.005,"rend_sup":null},"geometry":{"type":"MultiPolygon","coordinates":[[[[2.046328100411115,41.281356167759704],[2.045378347033111,41.281093479847826],[2.045369757396027,41.281138684285096],[2.045358665423681,41.281167602285272],[2.04532931612998,41.281204428003861],[2.045319992495168,41.281258342435578],[2.045278542403457,41.281320049554793],[2.045259721358842,41.281366631364925],[2.045197692224914,41.2814491195277],[2.0451504009929,41.281545429612663],[2.045146790060196,41.281573604360837],[2.04512617308482,41.281598277979235],[2.046036501511467,41.281864667285191],[2.046328100411115,41.281356167759704]]]]}},
{"type":"Feature","properties":{"Campanya":2024,"Provincia":"Barcelona","Comarca":"Baix Llobregat","Municipi":"VILADECANS","ID_MUN":"08302","Grup":"HORTÍCOLES","Cultiu":"HORTA","Seca_Regad":"R","Sist_Regad":"DEGOTEIG","Varietat":"NO ESPECIFICADA","Producte2n":null,"HA":0.6074,"Shape_Leng":365.598311158,"Shape_Le_1":365.59831116200002,"Shape_Area":6070.5644694100001,"rendiment_":19845,"area_m2":6074.45,"area_ha":0.0061,"rend_sup":null},"geometry":{"type":"MultiPolygon","coordinates":[[[[2.03903098040453,41.281655353470832],[2.039042389042493,41.281656407120721],[2.039164141193626,41.280727216141109],[2.038736656283457,41.280836517371924],[2.038551491846634,41.28128202876664],[2.038413518138368,41.281671044540602],[2.038276970584818,41.281962323937869],[2.038276719677957,41.281976322400759],[2.0385018632181,41.281964169254458],[2.038896076127431,41.281960483048223],[2.038973946399925,41.281939695010102],[2.03903098040453,41.281655353470832]]]]}},
{"type":"Feature","properties":{"Campanya":2024,"Provincia":"Barcelona","Comarca":"Baix Llobregat","Municipi":"VILADECANS","ID_MUN":"08302","Grup":"HORTÍCOLES","Cultiu":"HORTA","Seca_Regad":"R","Sist_Regad":"DEGOTEIG","Varietat":"NO ESPECIFICADA","Producte2n":null,"HA":0.2691,"Shape_Leng":323.72376768700002,"Shape_Le_1":323.72376768700002,"Shape_Area":2689.4713119399999,"rendiment_":19845,"area_m2":2691.21,"area_ha":0.0027,"rend_sup":null},"geometry":{"type":"MultiPolygon","coordinates":[[[[2.04987056771667,41.281697725850833],[2.04980210376175,41.28167915718722],[2.049786911320698,41.281697987448077],[2.04981031179741,41.281704285978975],[2.049765718176032,41.28176136767236],[2.049706958898438,41.281844853585355],[2.049704913847178,41.281852146398052],[2.051331703045876,41.282260071726007],[2.051367735767747,41.282103826798121],[2.04987056771667,41.281697725850833]]]]}},
{"type":"Feature","properties":{"Campanya":2024,"Provincia":"Barcelona","Comarca":"Baix Llobregat","Municipi":"VILADECANS","ID_MUN":"08302","Grup":"HORTÍCOLES","Cultiu":"HORTA","Seca_Regad":"R","Sist_Regad":"DEGOTEIG","Varietat":"NO ESPECIFICADA","Producte2n":null,"HA":0.7164,"Shape_Leng":422.78047394100003,"Shape_Le_1":422.78047394200001,"Shape_Area":7159.26785733,"rendiment_":19845,"area_m2":7163.88,"area_ha":0.0072,"rend_sup":null},"geometry":{"type":"MultiPolygon","coordinates":[[[[2.04898258917918,41.282313205371096],[2.049280368809095,41.281985014684849],[2.047328961142329,41.28170421759625],[2.047083006420348,41.282096178422876],[2.048195147377067,41.282250403131421],[2.048229015008254,41.282210392914031],[2.04898258917918,41.282313205371096]]]]}},
{"type":"Feature","properties":{"Campanya":2024,"Provincia":"Barcelona","Comarca":"Baix Llobregat","Municipi":"VILADECANS","ID_MUN":"08302","Grup":"HORTÍCOLES","Cultiu":"HORTA","Seca_Regad":"R","Sist_Regad":"DEGOTEIG","Varietat":"NO ESPECIFICADA","Producte2n":null,"HA":1.1856,"Shape_Leng":462.44616661700002,"Shape_Le_1":461.964289468,"Shape_Area":11843.6651508,"rendiment_":19845,"area_m2":11851.25,"area_ha":0.0119,"rend_sup":null},"geometry":{"type":"MultiPolygon","coordinates":[[[[2.037301968171483,41.284019780884073],[2.037416039690715,41.283771575753114],[2.037510718188358,41.283585073633226],[2.037767657920767,41.282979059980981],[2.037796044190872,41.282877747958622],[2.037721060048663,41.282868935931809],[2.037632543775864,41.282940436235947],[2.037508655811985,41.282961139459331],[2.037320225067574,41.282959546681816],[2.037293066456745,41.282912689767201],[2.037199857272419,41.282900150755154],[2.036641705485057,41.283103537465827],[2.036541302597058,41.283202952069367],[2.036437955554577,41.283341916948821],[2.036412721724444,41.283423273391797],[2.036385163673673,41.283880866140528],[2.036414906491238,41.283880135984944],[2.036398224550549,41.284245041197359],[2.036405286099512,41.28425677869545],[2.036426791456113,41.284270192715134],[2.036447447204822,41.284271144775104],[2.036583045307172,41.284256709134191],[2.036769093359646,41.284220900641948],[2.036955485978379,41.284122173760373],[2.037064341016017,41.284092998924955],[2.037193470686497,41.284089798612548],[2.03726617466809,41.284048690565932],[2.037301968171483,41.284019780884073]]]]}},
{"type":"Feature","properties":{"Campanya":2024,"Provincia":"Barcelona","Comarca":"Baix Llobregat","Municipi":"VILADECANS","ID_MUN":"08302","Grup":"HORTÍCOLES","Cultiu":"HORTA","Seca_Regad":"R","Sist_Regad":"DEGOTEIG","Varietat":"NO ESPECIFICADA","Producte2n":null,"HA":0.6186,"Shape_Leng":320.480369177,"Shape_Le_1":320.27606241000001,"Shape_Area":6182.6300862899998,"rendiment_":19845,"area_m2":6186.58,"area_ha":0.0062,"rend_sup":null},"geometry":{"type":"MultiPolygon","coordinates":[[[[2.033821081081268,41.284945852595762],[2.034513279365017,41.28488097753177],[2.034848146158251,41.284846193255795],[2.034901541345902,41.284836134436738],[2.034894584883447,41.28471970661424],[2.034899850998896,41.284657640942001],[2.034908888856457,41.284658749438648],[2.034920879306797,41.284308088548009],[2.034763380836704,41.284307219295592],[2.033902897199087,41.284272713129035],[2.033738664146255,41.28484214962814],[2.033720548645258,41.284928831959114],[2.033753605652171,41.284924226408577],[2.033776488378122,41.284945517939747],[2.033821081081268,41.284945852595762]]]]}},
{"type":"Feature","properties":{"Campanya":2024,"Provincia":"Barcelona","Comarca":"Baix Llobregat","Municipi":"VILADECANS","ID_MUN":"08302","Grup":"HORTÍCOLES","Cultiu":"HORTA","Seca_Regad":"R","Sist_Regad":"DEGOTEIG","Varietat":"NO ESPECIFICADA","Producte2n":null,"HA":0.7869,"Shape_Leng":414.06231951699999,"Shape_Le_1":414.06231951400002,"Shape_Area":7863.7362590499997,"rendiment_":19845,"area_m2":7868.77,"area_ha":0.0079,"rend_sup":null},"geometry":{"type":"MultiPolygon","coordinates":[[[[2.039076620915563,41.285026995097624],[2.039330438794335,41.284369940932187],[2.039000165835666,41.284371444795156],[2.038502098039249,41.28443715875482],[2.038452810191617,41.28442860867078],[2.038366892878045,41.284463142311139],[2.037575869650185,41.284531202953403],[2.037467066047736,41.284904543851127],[2.037969523362547,41.284948751490127],[2.038026423246866,41.284933639308754],[2.038087892532868,41.284912556295382],[2.038111163288434,41.28488971554895],[2.038272259043323,41.284852188251257],[2.038333306616927,41.284859897160096],[2.038365075045482,41.284909114493296],[2.03837254998597,41.284958036099106],[2.039076620915563,41.285026995097624]]]]}},
{"type":"Feature","properties":{"Campanya":2024,"Provincia":"Barcelona","Comarca":"Baix Llobregat","Municipi":"VILADECANS","ID_MUN":"08302","Grup":"HORTÍCOLES","Cultiu":"HORTA","Seca_Regad":"R","Sist_Regad":"DEGOTEIG","Varietat":"NO ESPECIFICADA","Producte2n":null,"HA":0.4258,"Shape_Leng":359.73045822900002,"Shape_Le_1":359.730458226,"Shape_Area":4255.0371171400002,"rendiment_":19845,"area_m2":4257.76,"area_ha":0.0043,"rend_sup":null},"geometry":{"type":"MultiPolygon","coordinates":[[[[2.037254185754823,41.284119177660394],[2.037148339052739,41.284114058782507],[2.037023140979288,41.284141836814307],[2.036897888219641,41.28421393177193],[2.036421244388937,41.285460385901125],[2.036733038582081,41.28543002482369],[2.036773523374342,41.285394813204867],[2.036921302728817,41.285026250666895],[2.037103114976671,41.284653412034416],[2.037246703674115,41.284238077001014],[2.037297408240127,41.284128041440326],[2.037254185754823,41.284119177660394]]]]}},
{"type":"Feature","properties":{"Campanya":2024,"Provincia":"Barcelona","Comarca":"Baix Llobregat","Municipi":"VILADECANS","ID_MUN":"08302","Grup":"HORTÍCOLES","Cultiu":"HORTA","Seca_Regad":"R","Sist_Regad":"DEGOTEIG","Varietat":"NO ESPECIFICADA","Producte2n":null,"HA":0.8567,"Shape_Leng":467.27441246299998,"Shape_Le_1":466.43789146900002,"Shape_Area":8563.7301983899997,"rendiment_":19845,"area_m2":8569.21,"area_ha":0.0086,"rend_sup":null},"geometry":{"type":"MultiPolygon","coordinates":[[[[2.036130128472932,41.285464452178907],[2.036202962760996,41.284306122107409],[2.035849628355074,41.284312984250271],[2.035847767140921,41.284325849565718],[2.03493211889244,41.284323316488255],[2.034921366721785,41.284680469647391],[2.034930938636753,41.284719732161534],[2.03494483571549,41.284724802862691],[2.035048188845285,41.284737199942654],[2.035068171443235,41.284766910654987],[2.035078563993555,41.284912549720353],[2.035103299313763,41.284936637621975],[2.035238083571385,41.28494116500508],[2.035522826483729,41.284907972771315],[2.035682590489002,41.28489741127607],[2.03578963036441,41.28487452868697],[2.035789797279381,41.285141782246761],[2.035780905013232,41.285140958778854],[2.035787870003065,41.285402031039311],[2.035799633940804,41.285406002854579],[2.035825502305062,41.285433422552693],[2.035830532637215,41.285450022500179],[2.035840162502724,41.285447996725608],[2.035857102775878,41.285485421617494],[2.035923315686111,41.285480056364484],[2.036002532259185,41.285479301982157],[2.036130128472932,41.285464452178907]]]]}},
{"type":"Feature","properties":{"Campanya":2024,"Provincia":"Barcelona","Comarca":"Baix Llobregat","Municipi":"VILADECANS","ID_MUN":"08302","Grup":"HORTÍCOLES","Cultiu":"HORTA","Seca_Regad":"R","Sist_Regad":"DEGOTEIG","Varietat":"NO ESPECIFICADA","Producte2n":null,"HA":0.9903,"Shape_Leng":684.15120245599996,"Shape_Le_1":684.15120246100003,"Shape_Area":9896.1972034699993,"rendiment_":19845,"area_m2":9902.53,"area_ha":0.0099,"rend_sup":null},"geometry":{"type":"MultiPolygon","coordinates":[[[[2.035749895104319,41.285389613004732],[2.035740516805547,41.284929576334108],[2.035048947414977,41.284976694712242],[2.035051071160769,41.284983306996516],[2.03501724652229,41.284993656051391],[2.03479863424581,41.285011034692651],[2.034796552219075,41.284966992472583],[2.034767517249644,41.284888542120058],[2.033708224937226,41.284987097912598],[2.033667185576652,41.285182260273785],[2.033676523798046,41.285182439550063],[2.03368067841073,41.285211734789932],[2.034078411276513,41.285181728471542],[2.034584191464574,41.285137975187936],[2.034802965487054,41.28510260378161],[2.034873458772986,41.285099862011101],[2.034891771501405,41.285206752286378],[2.034798943873182,41.285158814565143],[2.03473176940761,41.285149789537037],[2.03457439087165,41.28516073812817],[2.033746479999284,41.285239665817137],[2.033683659371845,41.285271852370933],[2.033653776415726,41.285320318342961],[2.033634993841325,41.285430341010233],[2.033628875171114,41.285494256377547],[2.033690911799917,41.285515223562328],[2.033790180041576,41.28552628407931],[2.033830968009331,41.285554901358729],[2.034034654027239,41.285557752033903],[2.034732720808256,41.285480806061599],[2.035749895104319,41.285389613004732]]]]}},
{"type":"Feature","properties":{"Campanya":2024,"Provincia":"Barcelona","Comarca":"Baix Llobregat","Municipi":"VILADECANS","ID_MUN":"08302","Grup":"HORTÍCOLES","Cultiu":"HORTA","Seca_Regad":"R","Sist_Regad":"DEGOTEIG","Varietat":"NO ESPECIFICADA","Producte2n":null,"HA":0.6725,"Shape_Leng":351.32419439,"Shape_Le_1":351.32527292999998,"Shape_Area":6718.3798367999998,"rendiment_":19845,"area_m2":6722.66,"area_ha":0.0067,"rend_sup":null},"geometry":{"type":"MultiPolygon","coordinates":[[[[2.028720653150997,41.287333223919262],[2.028737196729844,41.287104893558002],[2.028771024996497,41.286662881170514],[2.028331868130949,41.28651234686216],[2.027511648825721,41.287262252961192],[2.02748660208864,41.287285094784906],[2.027400845164887,41.28736341872289],[2.027906454027971,41.287369082179225],[2.02871834244725,41.287365121908884],[2.028720653150997,41.287333223919262]]]]}},
{"type":"Feature","properties":{"Campanya":2024,"Provincia":"Barcelona","Comarca":"Baix Llobregat","Municipi":"VILADECANS","ID_MUN":"08302","Grup":"HORTÍCOLES","Cultiu":"HORTA","Seca_Regad":"R","Sist_Regad":"DEGOTEIG","Varietat":"NO ESPECIFICADA","Producte2n":null,"HA":0.2913,"Shape_Leng":285.31358823400001,"Shape_Le_1":285.31358823599999,"Shape_Area":2911.0465600399998,"rendiment_":19845,"area_m2":2912.91,"area_ha":0.0029,"rend_sup":null},"geometry":{"type":"MultiPolygon","coordinates":[[[[2.0379154529857,41.2876873763649],[2.037943741847326,41.287375775252428],[2.038013191705129,41.287379999247946],[2.038070579442471,41.287011233884655],[2.038069102413878,41.286819015096697],[2.037672288764657,41.286801267334852],[2.037606897234818,41.287640591288223],[2.0379154529857,41.2876873763649]],[[2.038000994477928,41.286969324507467],[2.038064280045313,41.28696773117678],[2.038056986249874,41.287055996265792],[2.037994205028385,41.287048451971515],[2.038000994477928,41.286969324507467]]]]}},
{"type":"Feature","properties":{"Campanya":2024,"Provincia":"Barcelona","Comarca":"Baix Llobregat","Municipi":"VILADECANS","ID_MUN":"08302","Grup":"HORTÍCOLES","Cultiu":"HORTA","Seca_Regad":"R","Sist_Regad":"DEGOTEIG","Varietat":"NO ESPECIFICADA","Producte2n":null,"HA":0.5572,"Shape_Leng":341.310543704,"Shape_Le_1":341.18339576400001,"Shape_Area":5573.6393840500004,"rendiment_":19845,"area_m2":5577.2,"area_ha":0.0056,"rend_sup":null},"geometry":{"type":"MultiPolygon","coordinates":[[[[2.033690447982007,41.288090813752056],[2.034381599629666,41.288016252576483],[2.034418204039618,41.288014062266704],[2.03449205447328,41.28753158595967],[2.034334049883031,41.287552204937491],[2.034283185042423,41.287397802866032],[2.034273422520929,41.28739892167971],[2.034261972424543,41.287271934370921],[2.03422879800036,41.287221663753414],[2.034018025464606,41.287204943458221],[2.033997675208134,41.28707165536526],[2.033855357050418,41.287040744821844],[2.033774131820399,41.287034489145881],[2.033751855254256,41.287041269552986],[2.033736331448401,41.287091306286804],[2.033745026487998,41.287584557283864],[2.033710278049528,41.287585457305447],[2.033709895325309,41.287845949945385],[2.033690447982007,41.288090813752056]]]]}},
{"type":"Feature","properties":{"Campanya":2024,"Provincia":"Barcelona","Comarca":"Baix Llobregat","Municipi":"VILADECANS","ID_MUN":"08302","Grup":"HORTÍCOLES","Cultiu":"HORTA","Seca_Regad":"R","Sist_Regad":"DEGOTEIG","Varietat":"NO ESPECIFICADA","Producte2n":null,"HA":0.0687,"Shape_Leng":111.64824782,"Shape_Le_1":111.57443031299999,"Shape_Area":687.07842217999996,"rendiment_":19845,"area_m2":687.52,"area_ha":0.0007,"rend_sup":null},"geometry":{"type":"MultiPolygon","coordinates":[[[[2.030464557819466,41.287801083172667],[2.030270375823234,41.287770408733245],[2.030237608567789,41.287784527762724],[2.030176288212723,41.28787648786043],[2.030172127933318,41.287885491954285],[2.030163052145848,41.287891919890114],[2.03015949543335,41.287904116864667],[2.030098996046591,41.287971351619312],[2.030041294947703,41.28804751395036],[2.030307108850097,41.288095044668886],[2.030433203336935,41.287843758398424],[2.030464557819466,41.287801083172667]]]]}},
{"type":"Feature","properties":{"Campanya":2024,"Provincia":"Barcelona","Comarca":"Baix Llobregat","Municipi":"VILADECANS","ID_MUN":"08302","Grup":"HORTÍCOLES","Cultiu":"HORTA","Seca_Regad":"R","Sist_Regad":"DEGOTEIG","Varietat":"NO ESPECIFICADA","Producte2n":null,"HA":0.6581,"Shape_Leng":399.274937884,"Shape_Le_1":399.27481367500002,"Shape_Area":6576.39614463,"rendiment_":19846,"area_m2":6580.59,"area_ha":0.0066,"rend_sup":null},"geometry":{"type":"MultiPolygon","coordinates":[[[[2.030188739651729,41.287782027186346],[2.030202653813126,41.2877412056881],[2.030213468629642,41.287543470584673],[2.030225539939531,41.287400638488066],[2.030239839364576,41.287307984984494],[2.030249437505437,41.287307809126752],[2.030245032266122,41.287284486419189],[2.030224282628644,41.287242155054727],[2.030183279925369,41.287204608146908],[2.030173514417731,41.28734801724196],[2.030165622281538,41.287347824932993],[2.030025240514562,41.287344454766696],[2.029858931702245,41.287346687371269],[2.029490486289545,41.287351633959133],[2.029450686585931,41.287546963688627],[2.029460751123394,41.287546988195182],[2.02947022136152,41.287734581429952],[2.029261086317258,41.28773659216602],[2.028926725260003,41.287724397769608],[2.028926345188442,41.287786271493012],[2.028903498774048,41.287877416002452],[2.028858045732334,41.287995122409612],[2.029916086237564,41.288142616054785],[2.029949470147726,41.288147269688743],[2.029983615503756,41.288067299556367],[2.030005833525272,41.288034608975984],[2.030060311502441,41.287968681883314],[2.030092628956401,41.287937529312707],[2.030083956042186,41.28793320373947],[2.030100809486367,41.287910189860327],[2.030137691261692,41.287875487099377],[2.030151438915297,41.287844138417903],[2.03018312253833,41.287804490800625],[2.030188739651729,41.287782027186346]]]]}},
{"type":"Feature","properties":{"Campanya":2024,"Provincia":"Barcelona","Comarca":"Baix Llobregat","Municipi":"VILADECANS","ID_MUN":"08302","Grup":"HORTÍCOLES","Cultiu":"HORTA","Seca_Regad":"R","Sist_Regad":"DEGOTEIG","Varietat":"NO ESPECIFICADA","Producte2n":null,"HA":0.8441,"Shape_Leng":499.227027373,"Shape_Le_1":499.22779875700002,"Shape_Area":8435.1940718900005,"rendiment_":19846,"area_m2":8440.58,"area_ha":0.0084,"rend_sup":null},"geometry":{"type":"MultiPolygon","coordinates":[[[[2.033440994948346,41.288494617133438],[2.03346057260864,41.288475244897398],[2.033489595717598,41.288380280765061],[2.03354203194465,41.287822104533042],[2.033537113601295,41.28715711894386],[2.033495047359463,41.287155178610661],[2.033491423715887,41.287115474121897],[2.033436145121149,41.287102097550971],[2.033437987447339,41.287088770032426],[2.033050702006209,41.287084051909289],[2.033065018661207,41.287392593079232],[2.032978183091161,41.287393666053859],[2.032967003333097,41.287082989397987],[2.032923422610027,41.287082443123325],[2.032930986853767,41.287427679569049],[2.03289439116492,41.287612490352878],[2.032944036787756,41.287613639813877],[2.032902126505236,41.287678349750699],[2.032753140484259,41.288502794833491],[2.032834005933587,41.288489215236673],[2.032892351479288,41.288494889327147],[2.032952225220366,41.288513532784229],[2.033022236588564,41.288543924434634],[2.033205877500174,41.288526678855014],[2.033341780835679,41.288497631167601],[2.033440994948346,41.288494617133438]]]]}},
{"type":"Feature","properties":{"Campanya":2024,"Provincia":"Barcelona","Comarca":"Baix Llobregat","Municipi":"VILADECANS","ID_MUN":"08302","Grup":"HORTÍCOLES","Cultiu":"HORTA","Seca_Regad":"R","Sist_Regad":"DEGOTEIG","Varietat":"NO ESPECIFICADA","Producte2n":null,"HA":0.3362,"Shape_Leng":306.623967843,"Shape_Le_1":303.41901446000003,"Shape_Area":3357.7695363100001,"rendiment_":19846,"area_m2":3359.91,"area_ha":0.0034,"rend_sup":null},"geometry":{"type":"MultiPolygon","coordinates":[[[[2.026932936638544,41.288645713823165],[2.027024645213101,41.288310688252345],[2.027035117620624,41.288309303381197],[2.027050794014897,41.28812886703011],[2.027068732545241,41.288095590484041],[2.027121625422173,41.287881091470872],[2.027167812429006,41.287613449359156],[2.027183095126393,41.287562263553106],[2.026561988673839,41.288127521544482],[2.026534051567214,41.288153519128933],[2.026639593786623,41.288167179755867],[2.026513495118689,41.288605963675131],[2.026782453369253,41.288647682914984],[2.026929832701423,41.288655053134583],[2.026932936638544,41.288645713823165]]]]}},
{"type":"Feature","properties":{"Campanya":2024,"Provincia":"Barcelona","Comarca":"Baix Llobregat","Municipi":"VILADECANS","ID_MUN":"08302","Grup":"HORTÍCOLES","Cultiu":"HORTA","Seca_Regad":"R","Sist_Regad":"DEGOTEIG","Varietat":"NO ESPECIFICADA","Producte2n":null,"HA":0.3671,"Shape_Leng":424.7345485,"Shape_Le_1":424.54542374599998,"Shape_Area":3669.40176961,"rendiment_":19846,"area_m2":3671.74,"area_ha":0.0037,"rend_sup":null},"geometry":{"type":"MultiPolygon","coordinates":[[[[2.027869394713488,41.28875838869363],[2.027890292207091,41.288643705460295],[2.027572133564598,41.288636516166697],[2.02757734992738,41.288544606492145],[2.027606448033161,41.288030232249632],[2.027636123523326,41.287390400733941],[2.027373188598621,41.287388544231895],[2.027234307436077,41.287511001032065],[2.027230630327198,41.287517897776468],[2.027226057957155,41.287525675947236],[2.027213495330334,41.287565754566508],[2.027136728851334,41.287943230255891],[2.027481312649347,41.287976133756295],[2.027449563138357,41.288331226802121],[2.027416397392396,41.288330946586207],[2.027402051706038,41.28872117959984],[2.027400771916792,41.288756402804232],[2.027547653267916,41.288748995535883],[2.02771532168933,41.288757346835631],[2.027869394713488,41.28875838869363]]]]}},
{"type":"Feature","properties":{"Campanya":2024,"Provincia":"Barcelona","Comarca":"Baix Llobregat","Municipi":"VILADECANS","ID_MUN":"08302","Grup":"HORTÍCOLES","Cultiu":"HORTA","Seca_Regad":"R","Sist_Regad":"DEGOTEIG","Varietat":"NO ESPECIFICADA","Producte2n":null,"HA":0.2773,"Shape_Leng":211.13185328,"Shape_Le_1":210.769331177,"Shape_Area":2770.2549461399999,"rendiment_":19846,"area_m2":2772.02,"area_ha":0.0028,"rend_sup":null},"geometry":{"type":"MultiPolygon","coordinates":[[[[2.029727306202848,41.28981949968221],[2.029832177738855,41.289810813914272],[2.029960302584425,41.289811893700083],[2.03002806646648,41.289798415552568],[2.030063529982254,41.289763591886249],[2.030118213041896,41.289532241660723],[2.030169932479299,41.28934034230651],[2.030159860617353,41.289337648843023],[2.030153566093226,41.289343105768168],[2.030160898695025,41.289345049238619],[2.030128879794275,41.289359465482391],[2.029641709365189,41.289284946331264],[2.029541291240381,41.289239933641554],[2.02952964055171,41.289260050309053],[2.029487309268436,41.289366001295328],[2.029493595490256,41.289399949051578],[2.029464340843651,41.289477316517512],[2.029499712303541,41.289629620049922],[2.029521793643217,41.289660438413307],[2.029511899951198,41.289664739006881],[2.029618256207772,41.289791093252681],[2.029727306202848,41.28981949968221]]]]}},
{"type":"Feature","properties":{"Campanya":2024,"Provincia":"Barcelona","Comarca":"Baix Llobregat","Municipi":"VILADECANS","ID_MUN":"08302","Grup":"HORTÍCOLES","Cultiu":"HORTA","Seca_Regad":"R","Sist_Regad":"DEGOTEIG","Varietat":"NO ESPECIFICADA","Producte2n":null,"HA":0.2163,"Shape_Leng":221.660720596,"Shape_Le_1":221.660720596,"Shape_Area":2161.9528400999998,"rendiment_":19846,"area_m2":2163.33,"area_ha":0.0022,"rend_sup":null},"geometry":{"type":"MultiPolygon","coordinates":[[[[2.029384544032207,41.289836035825822],[2.029329923900994,41.289806661710308],[2.029264113400143,41.289823220309955],[2.029177303961187,41.289822309853804],[2.029125825565746,41.290032203480713],[2.028981982215412,41.290043871960812],[2.028933658099323,41.290548612198947],[2.029264023979522,41.29057896018687],[2.029384544032207,41.289836035825822]]]]}},
{"type":"Feature","properties":{"Campanya":2024,"Provincia":"Barcelona","Comarca":"Baix Llobregat","Municipi":"VILADECANS","ID_MUN":"08302","Grup":"HORTÍCOLES","Cultiu":"HORTA","Seca_Regad":"R","Sist_Regad":"DEGOTEIG","Varietat":"NO ESPECIFICADA","Producte2n":null,"HA":0.4216,"Shape_Leng":403.05685814200001,"Shape_Le_1":402.64204462100003,"Shape_Area":4214.4662871800001,"rendiment_":19846,"area_m2":4217.16,"area_ha":0.0042,"rend_sup":null},"geometry":{"type":"MultiPolygon","coordinates":[[[[2.030171456801078,41.289933727306931],[2.030203057425655,41.289884189540992],[2.030326274603214,41.289894583782498],[2.030469190637411,41.289912438176721],[2.030540272087383,41.289927442726437],[2.030588048773954,41.28992509596835],[2.030627110518461,41.289912690858721],[2.030645719182706,41.289896177172288],[2.030660806953334,41.289871366644334],[2.03066726183702,41.289783353546362],[2.030681512263412,41.289709256200929],[2.030652846101001,41.289664662208232],[2.030653180579681,41.289638678054125],[2.030640440423165,41.289610346305821],[2.030640775560524,41.289583188464739],[2.030521917086239,41.289574385984999],[2.030564078923207,41.289458964385283],[2.030494424373854,41.289449575506083],[2.030465254482444,41.289434906827651],[2.0302795065076,41.289431636145459],[2.030275565730444,41.289446053865106],[2.030231559996545,41.289445635398948],[2.03019493072049,41.289437587459837],[2.030180428296576,41.289425852657921],[2.030086175745964,41.289807685816633],[2.030057909427046,41.289828521858539],[2.030005887176798,41.289840947271742],[2.029842146881702,41.289825442531296],[2.029783436552182,41.289835541557053],[2.029769018018603,41.289860138725032],[2.029775390266879,41.289904333350485],[2.029816580737513,41.289970010051263],[2.029850143554961,41.290076230579238],[2.029846572586329,41.290159185833915],[2.02974265660661,41.290532625886541],[2.029759973268366,41.290588667693534],[2.029898704863256,41.290592323955686],[2.030027461576535,41.290607529331062],[2.029930389760008,41.29058894319607],[2.029959886080703,41.290580662158],[2.029980003878975,41.29055920350892],[2.029986206226702,41.290539339040272],[2.030058126276065,41.290392064375276],[2.030081429382301,41.290310840904986],[2.0300971884427,41.290235569148699],[2.030105487457444,41.290171948935246],[2.030151254336106,41.290059376359217],[2.030171456801078,41.289933727306931]]]]}},
{"type":"Feature","properties":{"Campanya":2024,"Provincia":"Barcelona","Comarca":"Baix Llobregat","Municipi":"VILADECANS","ID_MUN":"08302","Grup":"HORTÍCOLES","Cultiu":"HORTA","Seca_Regad":"R","Sist_Regad":"DEGOTEIG","Varietat":"NO ESPECIFICADA","Producte2n":null,"HA":0.2019,"Shape_Leng":188.44244232,"Shape_Le_1":188.44244231600001,"Shape_Area":2017.88680202,"rendiment_":19846,"area_m2":2019.18,"area_ha":0.002,"rend_sup":null},"geometry":{"type":"MultiPolygon","coordinates":[[[[2.032671493309891,41.29017240822111],[2.032357282582371,41.290169468267671],[2.03224013617743,41.290702276505719],[2.032657032887846,41.290728386224963],[2.032732947910147,41.290172983188313],[2.032671493309891,41.29017240822111]]]]}},
{"type":"Feature","properties":{"Campanya":2024,"Provincia":"Barcelona","Comarca":"Baix Llobregat","Municipi":"VILADECANS","ID_MUN":"08302","Grup":"HORTÍCOLES","Cultiu":"HORTA","Seca_Regad":"R","Sist_Regad":"DEGOTEIG","Varietat":"NO ESPECIFICADA","Producte2n":null,"HA":0.412,"Shape_Leng":261.87915633199998,"Shape_Le_1":261.87915633300003,"Shape_Area":4117.3145458899999,"rendiment_":19846,"area_m2":4119.94,"area_ha":0.0041,"rend_sup":null},"geometry":{"type":"MultiPolygon","coordinates":[[[[2.026937342394759,41.290369088189394],[2.026578292554708,41.290324258937027],[2.02638370092666,41.290785425254825],[2.026831155725079,41.290844513969503],[2.027316253722721,41.290918330318561],[2.027431175938729,41.290417305297197],[2.027112936700366,41.290382730889597],[2.026983564644271,41.290376864254384],[2.026937342394759,41.290369088189394]]]]}},
{"type":"Feature","properties":{"Campanya":2024,"Provincia":"Barcelona","Comarca":"Baix Llobregat","Municipi":"VILADECANS","ID_MUN":"08302","Grup":"HORTÍCOLES","Cultiu":"HORTA","Seca_Regad":"R","Sist_Regad":"DEGOTEIG","Varietat":"NO ESPECIFICADA","Producte2n":null,"HA":0.8675,"Shape_Leng":451.441114465,"Shape_Le_1":451.26599046699999,"Shape_Area":8670.88884856,"rendiment_":19846,"area_m2":8676.42,"area_ha":0.0087,"rend_sup":null},"geometry":{"type":"MultiPolygon","coordinates":[[[[2.030448108668373,41.290719092449137],[2.03020049264965,41.290681518354745],[2.030022959538502,41.291160175122513],[2.030048895022424,41.291192003192364],[2.030107516675204,41.291215788127715],[2.030465677664626,41.29123580634046],[2.030568301151216,41.291257787210085],[2.030538183242993,41.291386712636012],[2.030481720877482,41.291596903532387],[2.030430636688129,41.291775193296118],[2.03038369534829,41.291920650080762],[2.030447209592973,41.291934033502365],[2.030435729211625,41.291959249093964],[2.030711535447327,41.292061547363886],[2.030768494399754,41.292069198839307],[2.030809996508875,41.292048298426998],[2.03084475213415,41.292043686410771],[2.030864358990105,41.292037313763295],[2.030902404562053,41.291992539265358],[2.031079541452701,41.291367903179371],[2.031215726334115,41.290855165070674],[2.031181260358606,41.290840163758723],[2.030895580806797,41.290778442049501],[2.030741772289353,41.290765659629166],[2.03059812295662,41.290741584592482],[2.030604568576037,41.290729195306177],[2.030448108668373,41.290719092449137]]]]}},
{"type":"Feature","properties":{"Campanya":2024,"Provincia":"Barcelona","Comarca":"Baix Llobregat","Municipi":"VILADECANS","ID_MUN":"08302","Grup":"HORTÍCOLES","Cultiu":"HORTA","Seca_Regad":"R","Sist_Regad":"DEGOTEIG","Varietat":"NO ESPECIFICADA","Producte2n":null,"HA":1.9347,"Shape_Leng":692.923726547,"Shape_Le_1":692.38593773699995,"Shape_Area":19335.119991899999,"rendiment_":19846,"area_m2":19347.47,"area_ha":0.0193,"rend_sup":null},"geometry":{"type":"MultiPolygon","coordinates":[[[[2.032395288589993,41.29226607204086],[2.032559037482808,41.291307889010248],[2.032582131333757,41.291146710799367],[2.032596918613154,41.291130084516595],[2.032638307775578,41.290794433929996],[2.032231928646842,41.290764851857624],[2.03210305477629,41.291363814998583],[2.032069857915867,41.291359878767324],[2.032139031210699,41.291037654558771],[2.032145645991958,41.290935547620435],[2.032176331406653,41.290759431131733],[2.031917542179251,41.290763753077798],[2.031841497161747,41.290778650022773],[2.031797337183877,41.290783183060412],[2.031359703904587,41.290804807231247],[2.031268218219315,41.290814989707251],[2.031008866649734,41.291677178246992],[2.03089326550577,41.292128929445738],[2.030956981724715,41.292149102450651],[2.031272356269852,41.292208503145091],[2.031586343788188,41.292240597342392],[2.031937823737836,41.29225715440402],[2.031942733124385,41.292230605221036],[2.032395288589993,41.29226607204086]]]]}},
{"type":"Feature","properties":{"Campanya":2024,"Provincia":"Barcelona","Comarca":"Baix Llobregat","Municipi":"VILADECANS","ID_MUN":"08302","Grup":"HORTÍCOLES","Cultiu":"HORTA","Seca_Regad":"R","Sist_Regad":"DEGOTEIG","Varietat":"NO ESPECIFICADA","Producte2n":null,"HA":0.8608,"Shape_Leng":444.06675489200001,"Shape_Le_1":444.06675488799999,"Shape_Area":8602.4389781499995,"rendiment_":19846,"area_m2":8607.94,"area_ha":0.0086,"rend_sup":null},"geometry":{"type":"MultiPolygon","coordinates":[[[[2.033255680937395,41.290844973004312],[2.032678981866375,41.290802891601018],[2.032499420705512,41.292084019835414],[2.032807340612659,41.292102406864934],[2.032776575549414,41.292295221126793],[2.033264350245498,41.29232134952219],[2.033217176386986,41.291746627936362],[2.033230980522191,41.291677114122791],[2.033238537516691,41.29126201667939],[2.033255680937395,41.290844973004312]]]]}},
{"type":"Feature","properties":{"Campanya":2024,"Provincia":"Barcelona","Comarca":"Baix Llobregat","Municipi":"VILADECANS","ID_MUN":"08302","Grup":"HORTÍCOLES","Cultiu":"HORTA","Seca_Regad":"R","Sist_Regad":"DEGOTEIG","Varietat":"NO ESPECIFICADA","Producte2n":null,"HA":0.1966,"Shape_Leng":227.584369288,"Shape_Le_1":227.42687479400001,"Shape_Area":1964.80979581,"rendiment_":19846,"area_m2":1966.07,"area_ha":0.002,"rend_sup":null},"geometry":{"type":"MultiPolygon","coordinates":[[[[2.032632100754369,41.2923119880572],[2.032425074423036,41.292307547554557],[2.032717685520002,41.292321649130166],[2.032683904578821,41.292430700553581],[2.032625335857374,41.292448788809004],[2.032634444437539,41.292452617477785],[2.032584420691587,41.292688736054764],[2.033171745355964,41.292726048502132],[2.033209124702906,41.292343559662527],[2.032632100754369,41.2923119880572]]]]}},
{"type":"Feature","properties":{"Campanya":2024,"Provincia":"Barcelona","Comarca":"Baix Llobregat","Municipi":"VILADECANS","ID_MUN":"08302","Grup":"HORTÍCOLES","Cultiu":"HORTA","Seca_Regad":"R","Sist_Regad":"DEGOTEIG","Varietat":"NO ESPECIFICADA","Producte2n":null,"HA":1.151,"Shape_Leng":481.465401219,"Shape_Le_1":481.36050884100001,"Shape_Area":11503.762483799999,"rendiment_":19846,"area_m2":11511.1,"area_ha":0.0115,"rend_sup":null},"geometry":{"type":"MultiPolygon","coordinates":[[[[2.029150193629115,41.29276904773171],[2.029183822743859,41.292728803420594],[2.02920599141707,41.292626113568062],[2.029195300612328,41.292568987227405],[2.029100118335495,41.292438729109243],[2.028856645398992,41.292400210379682],[2.028890115447381,41.292125242682637],[2.028883979513463,41.292114102547792],[2.028892647872841,41.292115143095437],[2.028886262600707,41.291840495798802],[2.028848990820862,41.291822223775675],[2.028820407571248,41.291814176625358],[2.02880288951732,41.291802022578189],[2.028775983635051,41.291758268083733],[2.028761984803136,41.291705962569232],[2.028756536649654,41.291664722089358],[2.028751147697312,41.291657092210428],[2.027835826490484,41.291518030853496],[2.027791428090005,41.291677090599173],[2.027669589149789,41.291968179217491],[2.02789683927079,41.291995485633585],[2.027843885141072,41.2922328627645],[2.027857965967125,41.292234957953418],[2.027812143294967,41.292388606709473],[2.027765041045419,41.292546684060078],[2.028901283542365,41.292773402958652],[2.028955237994847,41.292767283470695],[2.028993974260226,41.29277151147852],[2.029092928334113,41.292782273925908],[2.029150193629115,41.29276904773171]]]]}},
{"type":"Feature","properties":{"Campanya":2024,"Provincia":"Barcelona","Comarca":"Baix Llobregat","Municipi":"VILADECANS","ID_MUN":"08302","Grup":"HORTÍCOLES","Cultiu":"HORTA","Seca_Regad":"R","Sist_Regad":"DEGOTEIG","Varietat":"NO ESPECIFICADA","Producte2n":null,"HA":0.3076,"Shape_Leng":239.44511554499999,"Shape_Le_1":239.44511555099999,"Shape_Area":3073.9687863,"rendiment_":19846,"area_m2":3075.93,"area_ha":0.0031,"rend_sup":null},"geometry":{"type":"MultiPolygon","coordinates":[[[[2.032010318200941,41.292895773180042],[2.031964544367427,41.292695779579226],[2.031919160418715,41.292283479823872],[2.031583241551286,41.292264622467613],[2.031508799281359,41.292259041971256],[2.031358333208629,41.292968839431282],[2.031457094669334,41.29291292071926],[2.032010318200941,41.292895773180042]]]]}},
{"type":"Feature","properties":{"Campanya":2024,"Provincia":"Barcelona","Comarca":"Baix Llobregat","Municipi":"VILADECANS","ID_MUN":"08302","Grup":"HORTÍCOLES","Cultiu":"HORTA","Seca_Regad":"R","Sist_Regad":"DEGOTEIG","Varietat":"NO ESPECIFICADA","Producte2n":null,"HA":0.5359,"Shape_Leng":315.04523058699999,"Shape_Le_1":315.04523058699999,"Shape_Area":5355.561309,"rendiment_":19846,"area_m2":5358.98,"area_ha":0.0054,"rend_sup":null},"geometry":{"type":"MultiPolygon","coordinates":[[[[2.033081970990005,41.293286514547844],[2.03311416727979,41.293030641865037],[2.033173291546306,41.292749454256473],[2.032580268647743,41.292708338653341],[2.031998212712542,41.29269646715818],[2.032009977439151,41.29280144080947],[2.032040320162893,41.292962379138707],[2.032042163097426,41.29301577373824],[2.03206898532907,41.293116024299387],[2.032088933802665,41.293217197081766],[2.032395469140591,41.293235555565367],[2.032446647712918,41.293241420053491],[2.032427320073261,41.293232116668719],[2.032537324363622,41.293226072095337],[2.032569520627749,41.293218013355919],[2.032636596241094,41.293242189624465],[2.032612959823465,41.293251291341441],[2.03264479627505,41.293250125783828],[2.033116217825755,41.293292531959274],[2.033081970990005,41.293286514547844]]]]}},
{"type":"Feature","properties":{"Campanya":2024,"Provincia":"Barcelona","Comarca":"Baix Llobregat","Municipi":"VILADECANS","ID_MUN":"08302","Grup":"HORTÍCOLES","Cultiu":"HORTA","Seca_Regad":"R","Sist_Regad":"DEGOTEIG","Varietat":"NO ESPECIFICADA","Producte2n":null,"HA":0.459,"Shape_Leng":273.77501165199999,"Shape_Le_1":273.23741481399998,"Shape_Area":4589.3003968399998,"rendiment_":19846,"area_m2":4592.23,"area_ha":0.0046,"rend_sup":null},"geometry":{"type":"MultiPolygon","coordinates":[[[[2.032140824054597,41.293869192568714],[2.032144729691941,41.293864091971507],[2.032886491717828,41.293965011771419],[2.033038082164415,41.293424056894317],[2.033015417105373,41.293342963739867],[2.032800562467332,41.293310695785401],[2.032720071616061,41.293302636795083],[2.032561192212738,41.293362270041513],[2.032569520267097,41.293371133725664],[2.032537323927308,41.293379192464052],[2.032448784016,41.293361059979325],[2.032342929671455,41.293345615668706],[2.032299241188302,41.293350139526524],[2.032257581473159,41.293332872098489],[2.032120283384171,41.293339457060199],[2.032109362525263,41.29349861527821],[2.032128142211565,41.293774769056682],[2.032140824054597,41.293869192568714]]]]}},
{"type":"Feature","properties":{"Campanya":2024,"Provincia":"Barcelona","Comarca":"Baix Llobregat","Municipi":"VILADECANS","ID_MUN":"08302","Grup":"HORTÍCOLES","Cultiu":"HORTA","Seca_Regad":"R","Sist_Regad":"DEGOTEIG","Varietat":"NO ESPECIFICADA","Producte2n":null,"HA":0.4645,"Shape_Leng":268.53526482699999,"Shape_Le_1":268.09513971400003,"Shape_Area":4639.4896405299996,"rendiment_":19846,"area_m2":4642.45,"area_ha":0.0046,"rend_sup":null},"geometry":{"type":"MultiPolygon","coordinates":[[[[2.032261420365903,41.293888955849397],[2.032140824054597,41.293869192568714],[2.032091359245661,41.293952982481279],[2.032057746662619,41.294053988604325],[2.03201004960094,41.294363624909401],[2.032009126965544,41.294427161326411],[2.032029629752067,41.294452041611713],[2.032334560136718,41.294546532591774],[2.032713307940175,41.294650060709053],[2.032766089868214,41.294578272225934],[2.032780046217893,41.294456248124114],[2.032879333091651,41.293971059686143],[2.032455850995335,41.293919449784369],[2.032261420365903,41.293888955849397]]]]}},
{"type":"Feature","properties":{"Campanya":2024,"Provincia":"Barcelona","Comarca":"Baix Llobregat","Municipi":"VILADECANS","ID_MUN":"08302","Grup":"HORTÍCOLES","Cultiu":"HORTA","Seca_Regad":"R","Sist_Regad":"DEGOTEIG","Varietat":"NO ESPECIFICADA","Producte2n":null,"HA":0.4426,"Shape_Leng":277.13244918300001,"Shape_Le_1":277.13244918100003,"Shape_Area":4422.9026324799997,"rendiment_":19846,"area_m2":4425.73,"area_ha":0.0044,"rend_sup":null},"geometry":{"type":"MultiPolygon","coordinates":[[[[2.031859388921914,41.294445437720519],[2.030980520448125,41.294177318119303],[2.03093654886556,41.294198827424324],[2.030818274761,41.294391951913674],[2.030816346878596,41.294523803462702],[2.030765614279106,41.294602078467612],[2.031728515764201,41.294912801893844],[2.031822681265031,41.294587708610045],[2.031903188782574,41.294445952924654],[2.031859388921914,41.294445437720519]]]]}},
{"type":"Feature","properties":{"Campanya":2024,"Provincia":"Barcelona","Comarca":"Baix Llobregat","Municipi":"VILADECANS","ID_MUN":"08302","Grup":"HORTÍCOLES","Cultiu":"HORTA","Seca_Regad":"R","Sist_Regad":"DEGOTEIG","Varietat":"NO ESPECIFICADA","Producte2n":null,"HA":0.7041,"Shape_Leng":468.82787034799998,"Shape_Le_1":454.35273104300001,"Shape_Area":7042.3485619700004,"rendiment_":19846,"area_m2":7046.85,"area_ha":0.007,"rend_sup":null},"geometry":{"type":"MultiPolygon","coordinates":[[[[2.031995226489613,41.295924887061403],[2.032043518241599,41.295824176477176],[2.032059882281632,41.295745212885627],[2.032149940057961,41.295540457093871],[2.032143654832397,41.295520532564105],[2.032157745245913,41.295457562660026],[2.032210837573275,41.295337794430942],[2.032263716808159,41.295232429348928],[2.032365679997375,41.295059457718807],[2.032485487814709,41.294915642282398],[2.032615043638837,41.294787412536287],[2.032663990998886,41.29472724591961],[2.03267284392928,41.294687123864129],[2.03266703780315,41.294673487994537],[2.032386599107245,41.29459526614567],[2.032051079475404,41.294494042060926],[2.032054991806591,41.294484714703081],[2.031966390833013,41.294460603884595],[2.03194957844749,41.294490703739037],[2.03192006738079,41.294524946582797],[2.031793386829058,41.294775972533635],[2.031726222458042,41.295067464845829],[2.031702002168324,41.295348570484919],[2.031740336754836,41.295736761407404],[2.031773081824796,41.295843192391558],[2.031861084369393,41.296035668501688],[2.031879864450029,41.296059838931548],[2.031920107237522,41.29601351258593],[2.031965715495166,41.295977256814538],[2.031995226489613,41.295924887061403]],[[2.031805940673008,41.294813327288836],[2.031859336250212,41.294725316281031],[2.031943995236824,41.294761526377059],[2.031885655149275,41.294842750040402],[2.031805940673008,41.294813327288836]]]]}},
{"type":"Feature","properties":{"Campanya":2024,"Provincia":"Barcelona","Comarca":"Baix Llobregat","Municipi":"VILADECANS","ID_MUN":"08302","Grup":"HORTÍCOLES","Cultiu":"HORTA","Seca_Regad":"R","Sist_Regad":"DEGOTEIG","Varietat":"NO ESPECIFICADA","Producte2n":null,"HA":0.3061,"Shape_Leng":303.159494913,"Shape_Le_1":303.089763624,"Shape_Area":3067.7982967100002,"rendiment_":19846,"area_m2":3069.77,"area_ha":0.0031,"rend_sup":null},"geometry":{"type":"MultiPolygon","coordinates":[[[[2.044634672337302,41.297377505652051],[2.044286985543865,41.297314999378649],[2.044309912980802,41.297262490725302],[2.044309495693014,41.297291648492738],[2.044441095228769,41.297331463850306],[2.044634672337302,41.297377505652051],[2.04463564477221,41.297357030871602],[2.044648726507497,41.297356331464329],[2.044659749756175,41.297321128440615],[2.044309999261062,41.29725641671039],[2.044310321645129,41.297233841815981],[2.043916133566478,41.297158186350899],[2.043907941295284,41.297154212756134],[2.043764615122079,41.29751038763164],[2.043890469490237,41.297532550520224],[2.043891559185004,41.297598685322683],[2.043925757878532,41.297600697941796],[2.044613206182375,41.297701061377261],[2.044679799960899,41.297441707658059],[2.044632376090918,41.297425345368751],[2.044634672337302,41.297377505652051]]]]}},
{"type":"Feature","properties":{"Campanya":2024,"Provincia":"Barcelona","Comarca":"Baix Llobregat","Municipi":"VILADECANS","ID_MUN":"08302","Grup":"HORTÍCOLES","Cultiu":"HORTA","Seca_Regad":"R","Sist_Regad":"DEGOTEIG","Varietat":"NO ESPECIFICADA","Producte2n":null,"HA":0.3276,"Shape_Leng":235.379937133,"Shape_Le_1":235.379937125,"Shape_Area":3273.73613286,"rendiment_":19846,"area_m2":3275.84,"area_ha":0.0033,"rend_sup":null},"geometry":{"type":"MultiPolygon","coordinates":[[[[2.043819304650639,41.297649396971401],[2.043791056603768,41.297646966258966],[2.043658197527713,41.297927768190384],[2.043608975625502,41.298048455698719],[2.044490186347898,41.298180400646842],[2.044590525791946,41.297789435928934],[2.043922405421651,41.297674124436469],[2.043819304650639,41.297649396971401]]]]}},
{"type":"Feature","properties":{"Campanya":2024,"Provincia":"Barcelona","Comarca":"Baix Llobregat","Municipi":"VILADECANS","ID_MUN":"08302","Grup":"HORTÍCOLES","Cultiu":"HORTA","Seca_Regad":"R","Sist_Regad":"DEGOTEIG","Varietat":"NO ESPECIFICADA","Producte2n":null,"HA":0.8702,"Shape_Leng":438.362612899,"Shape_Le_1":438.36261290300001,"Shape_Area":8696.2535535400002,"rendiment_":19846,"area_m2":8701.84,"area_ha":0.0087,"rend_sup":null},"geometry":{"type":"MultiPolygon","coordinates":[[[[2.04445638272637,41.298218072686694],[2.043975184631994,41.298142970110227],[2.043957438832777,41.298195747815996],[2.043283598542824,41.29808937559951],[2.042549239046424,41.2979780571115],[2.042444098852687,41.298428946406148],[2.044307019826058,41.298747169927822],[2.04445638272637,41.298218072686694]]]]}},
{"type":"Feature","properties":{"Campanya":2024,"Provincia":"Barcelona","Comarca":"Baix Llobregat","Municipi":"VILADECANS","ID_MUN":"08302","Grup":"HORTÍCOLES","Cultiu":"HORTA","Seca_Regad":"R","Sist_Regad":"DEGOTEIG","Varietat":"NO ESPECIFICADA","Producte2n":null,"HA":2.1808,"Shape_Leng":1131.98791764,"Shape_Le_1":1130.4735331,"Shape_Area":21794.792495500002,"rendiment_":19846,"area_m2":21808.73,"area_ha":0.0218,"rend_sup":null},"geometry":{"type":"MultiPolygon","coordinates":[[[[2.034364150944889,41.299214080092213],[2.034482232511916,41.299196929322804],[2.034496858935544,41.299200048839147],[2.034589105213087,41.299184653915987],[2.034717835091596,41.299136314214557],[2.034825110414115,41.299132285722337],[2.034943112399371,41.299136314288404],[2.035004453555843,41.299147831349003],[2.035045710480535,41.299129924215961],[2.035084676211903,41.299103768515543],[2.035166744041425,41.299030052751043],[2.035444198005554,41.298706481196433],[2.036159297711226,41.297886828910002],[2.034487413071442,41.297388847672259],[2.03357292028025,41.298866264088254],[2.033572200951749,41.298914989177902],[2.034364150944889,41.299214080092213]],[[2.034324366291743,41.299093949719982],[2.034271796886503,41.299056789187127],[2.034198234138042,41.299061327928875],[2.034197462135446,41.299055525959993],[2.034717743780788,41.298551994753076],[2.035270208178229,41.298817859520931],[2.035286598516613,41.298822695257023],[2.035176933872684,41.298986767456597],[2.035105799079968,41.29900786869193],[2.035031254655862,41.299082414031581],[2.034844977632833,41.299059926697041],[2.034707576596451,41.299072127384179],[2.034647557016961,41.299089984231827],[2.034467348043866,41.299153565275986],[2.034381041750066,41.299152843087683],[2.034359134390054,41.299137637326687],[2.034324366291743,41.299093949719982]],[[2.03556582012462,41.297749243892767],[2.034546017279916,41.297435518517858],[2.034627464132357,41.297450789439765],[2.034794906949976,41.297502265098821],[2.034951236027586,41.297556986456897],[2.035264214709365,41.297644731902601],[2.035466917211115,41.297706517655691],[2.03556582012462,41.297749243892767],[2.035722287633937,41.297798786441653],[2.035919664283176,41.297854062924415],[2.035918155298412,41.29787071975926],[2.035579472201756,41.297765135547984],[2.03556582012462,41.297749243892767]]]]}},
{"type":"Feature","properties":{"Campanya":2024,"Provincia":"Barcelona","Comarca":"Baix Llobregat","Municipi":"VILADECANS","ID_MUN":"08302","Grup":"HORTÍCOLES","Cultiu":"HORTA","Seca_Regad":"R","Sist_Regad":"DEGOTEIG","Varietat":"NO ESPECIFICADA","Producte2n":null,"HA":1.809,"Shape_Leng":595.62016634700001,"Shape_Le_1":595.62016635800001,"Shape_Area":18078.6374665,"rendiment_":19846,"area_m2":18090.15,"area_ha":0.0181,"rend_sup":null},"geometry":{"type":"MultiPolygon","coordinates":[[[[2.026393145721582,41.299619927760055],[2.026517104372357,41.299567835856998],[2.026712744208957,41.299390135471732],[2.026802434012506,41.2993658265721],[2.026858259501345,41.299290387911142],[2.027221708592908,41.29939768069481],[2.027245682459001,41.299381503881463],[2.028136338601132,41.298174855936658],[2.027152730484935,41.29779442758862],[2.027065476977521,41.297854272538572],[2.026641755087356,41.298420149892266],[2.026305040664808,41.298891227051804],[2.025892383315995,41.299448303708644],[2.025962289837979,41.299486861417911],[2.026297491238403,41.299611255001537],[2.026306795326288,41.299608405336322],[2.026382067314585,41.299624582859906],[2.026393145721582,41.299619927760055]]]]}},
{"type":"Feature","properties":{"Campanya":2024,"Provincia":"Barcelona","Comarca":"Baix Llobregat","Municipi":"VILADECANS","ID_MUN":"08302","Grup":"HORTÍCOLES","Cultiu":"HORTA","Seca_Regad":"R","Sist_Regad":"DEGOTEIG","Varietat":"NO ESPECIFICADA","Producte2n":null,"HA":3.5868,"Shape_Leng":1086.2617053500001,"Shape_Le_1":1074.52660879,"Shape_Area":35843.564623500002,"rendiment_":19846,"area_m2":35866.42,"area_ha":0.0359,"rend_sup":null},"geometry":{"type":"MultiPolygon","coordinates":[[[[2.026946776190328,41.299891284132364],[2.027213859451115,41.300010746308743],[2.027765785656947,41.300230057847095],[2.027861955531961,41.300087316909938],[2.028631717841622,41.300385148254399],[2.029154718189297,41.299664621874214],[2.029397206369485,41.299327113671602],[2.029540285749395,41.299121807317476],[2.029581261770378,41.299134148202747],[2.029452283696409,41.299323927306432],[2.029067970142341,41.299863077922844],[2.029381411797489,41.299991980502512],[2.02980312687917,41.300160938317873],[2.030067979198436,41.299770172434862],[2.030115314008237,41.299758955991152],[2.03005135294618,41.299737254577529],[2.03011665058431,41.299617473170073],[2.030149241837305,41.29960257808186],[2.030206772943384,41.29955180956631],[2.030321628373118,41.299406156882497],[2.030329638792255,41.299388059636904],[2.030321991740445,41.299368321716031],[2.030332325416645,41.299355782815439],[2.029739458009453,41.299103394922291],[2.029765900637656,41.299089837084082],[2.029743976798997,41.299080732957776],[2.029686655454409,41.299165945377041],[2.029502724770492,41.299095599185584],[2.029565387996218,41.299006585648399],[2.029264028921956,41.298881374536265],[2.028815365080149,41.298682396972083],[2.028753456982515,41.298523791215587],[2.028737409146177,41.298448652210837],[2.028411814044292,41.298322840727515],[2.028420107669175,41.298284560868787],[2.028181131302262,41.29819217291702],[2.027374935320132,41.299264992003003],[2.027013074532699,41.299758365068961],[2.026946776190328,41.299891284132364]]]]}},
{"type":"Feature","properties":{"Campanya":2024,"Provincia":"Barcelona","Comarca":"Baix Llobregat","Municipi":"VILADECANS","ID_MUN":"08302","Grup":"HORTÍCOLES","Cultiu":"HORTA","Seca_Regad":"R","Sist_Regad":"DEGOTEIG","Varietat":"NO ESPECIFICADA","Producte2n":null,"HA":0.4759,"Shape_Leng":326.244575032,"Shape_Le_1":326.24457503299999,"Shape_Area":4756.0916949399998,"rendiment_":19846,"area_m2":4759.12,"area_ha":0.0048,"rend_sup":null},"geometry":{"type":"MultiPolygon","coordinates":[[[[2.025932066819465,41.29953872452969],[2.025878267037905,41.29950989530483],[2.025806953203639,41.299510283498812],[2.025747146361839,41.299532116152811],[2.025708889507967,41.299574578433287],[2.025270920802943,41.300134209262801],[2.025146710427971,41.300285837037556],[2.025052256718973,41.300427376897822],[2.025015774380689,41.300470925873334],[2.024992168344659,41.300485038088951],[2.02506615911507,41.300529621886078],[2.025399183686493,41.300609365191583],[2.025890049378566,41.300010817488975],[2.026173078150906,41.299644979931657],[2.025932066819465,41.29953872452969]]]]}},
{"type":"Feature","properties":{"Campanya":2024,"Provincia":"Barcelona","Comarca":"Baix Llobregat","Municipi":"VILADECANS","ID_MUN":"08302","Grup":"HORTÍCOLES","Cultiu":"HORTA","Seca_Regad":"R","Sist_Regad":"DEGOTEIG","Varietat":"NO ESPECIFICADA","Producte2n":null,"HA":1.9549,"Shape_Leng":691.02072565100002,"Shape_Le_1":690.42814129199996,"Shape_Area":19526.538340499999,"rendiment_":19846,"area_m2":19539.08,"area_ha":0.0195,"rend_sup":null},"geometry":{"type":"MultiPolygon","coordinates":[[[[2.042069070224313,41.300799428776216],[2.042101414689514,41.300706406210764],[2.042115698243039,41.30063766555778],[2.042154462445733,41.30050915690105],[2.042172086999348,41.300413790543061],[2.042160262573101,41.300405987944593],[2.042192639925743,41.300357062341611],[2.042195584188378,41.30032057722395],[2.042212349103269,41.300312935057249],[2.042220390445917,41.300294467023569],[2.042239658536657,41.300300484994395],[2.042345833431375,41.300252083297593],[2.04243468661323,41.300290206761801],[2.042999769727809,41.299270253504005],[2.043236652678355,41.298796746361631],[2.043258071386736,41.298736007754847],[2.043147509183312,41.29866859908325],[2.042750501952687,41.298568495219364],[2.042593235495699,41.298550222321282],[2.042500448479009,41.298558432902901],[2.042451867999563,41.298601446341785],[2.042353767196597,41.298725905294809],[2.042182831016632,41.298978281322903],[2.04189072963554,41.299501252948836],[2.041606036901709,41.300010966218913],[2.041176362671866,41.300744585072216],[2.041281166202232,41.300778365811091],[2.041717959803302,41.300889430441188],[2.041881411445791,41.300923966107419],[2.042033129031627,41.300923799379483],[2.042026449508589,41.300889034794736],[2.042069070224313,41.300799428776216]]]]}},
{"type":"Feature","properties":{"Campanya":2024,"Provincia":"Barcelona","Comarca":"Baix Llobregat","Municipi":"VILADECANS","ID_MUN":"08302","Grup":"HORTÍCOLES","Cultiu":"HORTA","Seca_Regad":"R","Sist_Regad":"DEGOTEIG","Varietat":"NO ESPECIFICADA","Producte2n":null,"HA":0.5548,"Shape_Leng":301.2935089,"Shape_Le_1":301.293508901,"Shape_Area":5544.7975554900004,"rendiment_":19846,"area_m2":5548.33,"area_ha":0.0055,"rend_sup":null},"geometry":{"type":"MultiPolygon","coordinates":[[[[2.029345724499267,41.300792235751466],[2.029394754826243,41.300747447275079],[2.029403510088216,41.300750598998683],[2.029768093093014,41.300212629477294],[2.029351016764915,41.300031847193281],[2.029035875969384,41.299910145735794],[2.028648846885774,41.300437352219852],[2.028876323614895,41.300538102103573],[2.028784697859712,41.300659505391664],[2.029095099340173,41.300793797106742],[2.02916275920991,41.300818314495537],[2.029190690202167,41.300824459057317],[2.02924790523062,41.300826378314987],[2.029298994907886,41.300812439355056],[2.029345724499267,41.300792235751466]]]]}},
{"type":"Feature","properties":{"Campanya":2024,"Provincia":"Barcelona","Comarca":"Baix Llobregat","Municipi":"VILADECANS","ID_MUN":"08302","Grup":"HORTÍCOLES","Cultiu":"HORTA","Seca_Regad":"R","Sist_Regad":"DEGOTEIG","Varietat":"NO ESPECIFICADA","Producte2n":null,"HA":2.1244,"Shape_Leng":734.21494330999997,"Shape_Le_1":734.21494330400003,"Shape_Area":21230.021795600001,"rendiment_":19846,"area_m2":21243.66,"area_ha":0.0212,"rend_sup":null},"geometry":{"type":"MultiPolygon","coordinates":[[[[2.043082490929435,41.300867306623019],[2.043093069744604,41.300859501206631],[2.043099991355005,41.3008623826316],[2.043569100146419,41.300012149019693],[2.044339062148396,41.298840072887103],[2.044320728254461,41.298827760401124],[2.044326979300024,41.298775928488759],[2.043514579588041,41.298637641660726],[2.043492356016562,41.298651545786427],[2.043432216234584,41.298649535445882],[2.04334683705037,41.298743318376211],[2.04330135468589,41.298836231234368],[2.043241345665836,41.298923986275121],[2.043048722459188,41.299283329688009],[2.042794488405169,41.299724230503607],[2.042397760731884,41.300443009005726],[2.042396773790041,41.300554646431344],[2.04238586982027,41.300609415621118],[2.042358052865366,41.300669123486351],[2.042307660368982,41.30075251726403],[2.042286588085829,41.300765549784884],[2.04224694111595,41.300759123555935],[2.04219277856378,41.300743994984778],[2.042074535870282,41.300953219622123],[2.042206135130966,41.301009297146145],[2.042449888108979,41.301087419592648],[2.042674696152786,41.301152802141296],[2.042847536923964,41.301188929604258],[2.042887520254522,41.30113536779308],[2.042990873269418,41.300969988236808],[2.043082490929435,41.300867306623019]]]]}},
{"type":"Feature","properties":{"Campanya":2024,"Provincia":"Barcelona","Comarca":"Baix Llobregat","Municipi":"VILADECANS","ID_MUN":"08302","Grup":"HORTÍCOLES","Cultiu":"HORTA","Seca_Regad":"R","Sist_Regad":"DEGOTEIG","Varietat":"NO ESPECIFICADA","Producte2n":null,"HA":0.8935,"Shape_Leng":624.29478752099999,"Shape_Le_1":623.86262985400003,"Shape_Area":8935.9129726699994,"rendiment_":19846,"area_m2":8941.6,"area_ha":0.0089,"rend_sup":null},"geometry":{"type":"MultiPolygon","coordinates":[[[[2.024414222034847,41.300475397674802],[2.024467874306164,41.30040649390363],[2.024451823814344,41.300419677405394],[2.024449471853413,41.300404534617329],[2.024400689219551,41.300380561788224],[2.024407981182667,41.300357092146541],[2.024379566702763,41.300327251446191],[2.024382583860738,41.300316354407236],[2.024542859595873,41.300368719197266],[2.024521075100081,41.30037268798506],[2.02457116208254,41.300378066625058],[2.024728363353978,41.30042551668015],[2.024915336793215,41.30047087585708],[2.024946235486499,41.300469881945567],[2.024972272874994,41.30047361006406],[2.024987331969051,41.300464911081193],[2.025012816204107,41.300438013178734],[2.025134662664321,41.300276727403869],[2.02528013036489,41.300067927377746],[2.025327343072332,41.300010831673262],[2.025755069062933,41.29944102631071],[2.025174141718703,41.299205065696633],[2.025138500833458,41.299249570658027],[2.024544833599179,41.300012495361351],[2.024409369356122,41.300194293330748],[2.024387024969874,41.300222701935354],[2.024319061337602,41.300315489002806],[2.024346707825801,41.300339153905227],[2.024385013928937,41.300357510898287],[2.024390630365932,41.30036647962649],[2.024307982950247,41.300382070230292],[2.024103287467858,41.300658429168109],[2.024053162745837,41.30070427980796],[2.023964897179632,41.30083210671836],[2.023827009211932,41.301010897463605],[2.023774453439398,41.301087091965982],[2.023895240153832,41.30112548253063],[2.023870948990554,41.301173090653727],[2.024414222034847,41.300475397674802]]]]}},
{"type":"Feature","properties":{"Campanya":2024,"Provincia":"Barcelona","Comarca":"Baix Llobregat","Municipi":"VILADECANS","ID_MUN":"08302","Grup":"HORTÍCOLES","Cultiu":"HORTA","Seca_Regad":"R","Sist_Regad":"DEGOTEIG","Varietat":"NO ESPECIFICADA","Producte2n":null,"HA":0.7003,"Shape_Leng":447.86485855900003,"Shape_Le_1":447.864542879,"Shape_Area":6997.442557,"rendiment_":19846,"area_m2":7001.93,"area_ha":0.007,"rend_sup":138.92},"geometry":{"type":"MultiPolygon","coordinates":[[[[2.041142114245297,41.301391295391944],[2.041236019909327,41.301389281658238],[2.041305777965014,41.301393309895978],[2.041496188306681,41.301034943779065],[2.04080920049277,41.300925720977929],[2.040331955691104,41.30087247503667],[2.040295406259709,41.300880458200197],[2.039956292265575,41.300913392264228],[2.039671729717486,41.300891743122335],[2.039363215017612,41.300874308006279],[2.039142952297484,41.300854434516999],[2.039116955102528,41.300920240513236],[2.039118000368433,41.300952211811257],[2.039974348751591,41.301192113425159],[2.040884544045955,41.301421512871975],[2.040959669459557,41.301449715605052],[2.041021378412699,41.301435614908854],[2.041080404989624,41.301403382951705],[2.041142114245297,41.301391295391944]]]]}},
{"type":"Feature","properties":{"Campanya":2024,"Provincia":"Barcelona","Comarca":"Baix Llobregat","Municipi":"VILADECANS","ID_MUN":"08302","Grup":"HORTÍCOLES","Cultiu":"HORTA","Seca_Regad":"R","Sist_Regad":"DEGOTEIG","Varietat":"NO ESPECIFICADA","Producte2n":null,"HA":0.0624,"Shape_Leng":123.676817804,"Shape_Le_1":123.441334858,"Shape_Area":623.50246826700004,"rendiment_":19846,"area_m2":623.9,"area_ha":0.0006,"rend_sup":11.91},"geometry":{"type":"MultiPolygon","coordinates":[[[[2.023731116020972,41.301435452557811],[2.023799981409987,41.301294627289749],[2.023763471944531,41.301280719780962],[2.023739078355293,41.30133118061206],[2.023624242561421,41.301301255258629],[2.023629021191948,41.301292957462472],[2.023595743680637,41.30129941106113],[2.023546128298885,41.301400661152613],[2.023479341906993,41.301534035255109],[2.023456316979274,41.301588812364315],[2.023578365834997,41.301705752987978],[2.023731116020972,41.301435452557811]]]]}},
{"type":"Feature","properties":{"Campanya":2024,"Provincia":"Barcelona","Comarca":"Baix Llobregat","Municipi":"VILADECANS","ID_MUN":"08302","Grup":"HORTÍCOLES","Cultiu":"HORTA","Seca_Regad":"R","Sist_Regad":"DEGOTEIG","Varietat":"NO ESPECIFICADA","Producte2n":null,"HA":1.5779,"Shape_Leng":610.87430189400004,"Shape_Le_1":610.874297953,"Shape_Area":15768.437767199999,"rendiment_":19846,"area_m2":15778.55,"area_ha":0.0158,"rend_sup":313.57},"geometry":{"type":"MultiPolygon","coordinates":[[[[2.040361994418547,41.302931234145312],[2.040264968618979,41.30288833971516],[2.039696835608811,41.302660839873688],[2.039227306507934,41.302451335838825],[2.03810043765102,41.301977936626237],[2.037873038141976,41.301850633179477],[2.03752611825335,41.302270627003324],[2.03751295849614,41.302391748430871],[2.038029895277064,41.302610567780569],[2.03991850556026,41.303450610678311],[2.040361994418547,41.302931234145312]]]]}},
{"type":"Feature","properties":{"Campanya":2024,"Provincia":"Barcelona","Comarca":"Baix Llobregat","Municipi":"VILADECANS","ID_MUN":"08302","Grup":"HORTÍCOLES","Cultiu":"HORTA","Seca_Regad":"R","Sist_Regad":"DEGOTEIG","Varietat":"NO ESPECIFICADA","Producte2n":null,"HA":0.5478,"Shape_Leng":294.52591621099998,"Shape_Le_1":294.52591621300002,"Shape_Area":5474.2833686399999,"rendiment_":19846,"area_m2":5477.81,"area_ha":0.0055,"rend_sup":109.15},"geometry":{"type":"MultiPolygon","coordinates":[[[[2.050427875698635,41.303459653332105],[2.049638065271563,41.303260950541734],[2.049408037498442,41.30360218932578],[2.049264291166041,41.303844255048709],[2.049259619132561,41.303899616802759],[2.049267959342034,41.303923707159655],[2.049328392576987,41.303951503842583],[2.049933954748691,41.304118608131859],[2.050427875698635,41.303459653332105]]]]}},
{"type":"Feature","properties":{"Campanya":2024,"Provincia":"Barcelona","Comarca":"Baix Llobregat","Municipi":"VILADECANS","ID_MUN":"08302","Grup":"HORTÍCOLES","Cultiu":"HORTA","Seca_Regad":"R","Sist_Regad":"DEGOTEIG","Varietat":"NO ESPECIFICADA","Producte2n":null,"HA":0.407,"Shape_Leng":260.00186301500003,"Shape_Le_1":260.00186301500003,"Shape_Area":4067.7985989600002,"rendiment_":19846,"area_m2":4070.42,"area_ha":0.0041,"rend_sup":81.37},"geometry":{"type":"MultiPolygon","coordinates":[[[[2.050891338447602,41.303562949474113],[2.050484278919454,41.303470473766701],[2.049994242188054,41.304134014208827],[2.050592203571237,41.304283236172004],[2.050653957235947,41.30426601405793],[2.05070972673807,41.304222652944617],[2.050810557258676,41.303980456717611],[2.050817347952476,41.303856173597964],[2.050854216984217,41.303722719257152],[2.050891338447602,41.303562949474113]]]]}},
{"type":"Feature","properties":{"Campanya":2024,"Provincia":"Barcelona","Comarca":"Baix Llobregat","Municipi":"VILADECANS","ID_MUN":"08302","Grup":"HORTÍCOLES","Cultiu":"HORTA","Seca_Regad":"R","Sist_Regad":"DEGOTEIG","Varietat":"NO ESPECIFICADA","Producte2n":null,"HA":0.7756,"Shape_Leng":347.51921486399999,"Shape_Le_1":347.519214852,"Shape_Area":7750.7143260499997,"rendiment_":19846,"area_m2":7755.67,"area_ha":0.0078,"rend_sup":154.8},"geometry":{"type":"MultiPolygon","coordinates":[[[[2.035892943444641,41.303924914935308],[2.035943364248072,41.303867067879082],[2.035633602620218,41.303729890541078],[2.035610000103845,41.303719435841153],[2.03560215649431,41.303728948800682],[2.035473571217481,41.303687789372034],[2.035277764372868,41.303605727695079],[2.035132503127074,41.303554345014348],[2.035085040818362,41.303549205547704],[2.035031844389398,41.303528622206855],[2.034992856378747,41.303582842642442],[2.03472772596297,41.303920726513937],[2.034505512392552,41.304224663422097],[2.034536609276831,41.304277638506385],[2.034592602392764,41.304309407742629],[2.034593461430558,41.304322353456357],[2.035004297652182,41.304454426992173],[2.035187802142089,41.304517665524912],[2.035354186260237,41.304543020266358],[2.035892943444641,41.303924914935308]]]]}},
{"type":"Feature","properties":{"Campanya":2024,"Provincia":"Barcelona","Comarca":"Baix Llobregat","Municipi":"VILADECANS","ID_MUN":"08302","Grup":"HORTÍCOLES","Cultiu":"HORTA","Seca_Regad":"R","Sist_Regad":"DEGOTEIG","Varietat":"NO ESPECIFICADA","Producte2n":null,"HA":0.8971,"Shape_Leng":653.43621945799998,"Shape_Le_1":653.23946525400004,"Shape_Area":8964.71006442,"rendiment_":19846,"area_m2":8970.44,"area_ha":0.009,"rend_sup":178.61},"geometry":{"type":"MultiPolygon","coordinates":[[[[2.030234309783698,41.304610175806182],[2.030243918090421,41.304613354919383],[2.030392449420666,41.304462445460544],[2.030784407828793,41.304080849426647],[2.030873267706109,41.303976749239872],[2.032304764094838,41.302462294756253],[2.032104793896121,41.302321818049883],[2.032081910819318,41.302333302174098],[2.031991216170466,41.302338665546152],[2.031947882832291,41.302322321633916],[2.029971121003165,41.304512632081206],[2.030191216380173,41.304629001150644],[2.030234309783698,41.304610175806182]]]]}},
{"type":"Feature","properties":{"Campanya":2024,"Provincia":"Barcelona","Comarca":"Baix Llobregat","Municipi":"VILADECANS","ID_MUN":"08302","Grup":"HORTÍCOLES","Cultiu":"HORTA","Seca_Regad":"R","Sist_Regad":"DEGOTEIG","Varietat":"NO ESPECIFICADA","Producte2n":null,"HA":0.6691,"Shape_Leng":566.80392651299996,"Shape_Le_1":566.80392651,"Shape_Area":6686.7051751099998,"rendiment_":19846,"area_m2":6690.97,"area_ha":0.0067,"rend_sup":132.97},"geometry":{"type":"MultiPolygon","coordinates":[[[[2.032597009997497,41.302703634599553],[2.03253575624944,41.302672916397754],[2.032246503710286,41.302884592678737],[2.031788397872485,41.303281490785828],[2.031658516968321,41.303405154288711],[2.031393499452526,41.303692970790657],[2.030555340087206,41.30453794909841],[2.030628941672401,41.304579934547149],[2.030767541610892,41.304677489270404],[2.030901268202268,41.304642499306503],[2.030985766049289,41.304576655397213],[2.031218475927547,41.30434015986468],[2.031451326191945,41.304094062934261],[2.031520178309623,41.304030627110656],[2.03160852958137,41.303940150562461],[2.031726642887886,41.30381021433395],[2.031773919935381,41.303701903876586],[2.031815621174759,41.303683608931237],[2.032099505577575,41.303316935480304],[2.032243426438466,41.303138528760023],[2.032597666140216,41.302719854688192],[2.032597009997497,41.302703634599553]]]]}},
{"type":"Feature","properties":{"Campanya":2024,"Provincia":"Barcelona","Comarca":"Baix Llobregat","Municipi":"VILADECANS","ID_MUN":"08302","Grup":"HORTÍCOLES","Cultiu":"HORTA","Seca_Regad":"R","Sist_Regad":"DEGOTEIG","Varietat":"NO ESPECIFICADA","Producte2n":null,"HA":0.3622,"Shape_Leng":313.371965053,"Shape_Le_1":312.86457695899998,"Shape_Area":3606.2944983100001,"rendiment_":19846,"area_m2":3608.62,"area_ha":0.0036,"rend_sup":71.45},"geometry":{"type":"MultiPolygon","coordinates":[[[[2.049758034839519,41.304662599365543],[2.049791894827647,41.304635557112768],[2.050097236218408,41.304664003057333],[2.050168848938614,41.30467252705364],[2.050220943583937,41.30467872896353],[2.050244491058676,41.304679003431851],[2.050343150049139,41.304686582165964],[2.050452438733641,41.304736845443344],[2.050589385802931,41.304518908490401],[2.050660725100236,41.30437606258198],[2.050601340750052,41.304324477170695],[2.049975613373579,41.304151885562845],[2.049393635691158,41.304944486097078],[2.04941446493484,41.304936988524872],[2.049758034839519,41.304662599365543]]]]}},
{"type":"Feature","properties":{"Campanya":2024,"Provincia":"Barcelona","Comarca":"Baix Llobregat","Municipi":"VILADECANS","ID_MUN":"08302","Grup":"HORTÍCOLES","Cultiu":"HORTA","Seca_Regad":"R","Sist_Regad":"DEGOTEIG","Varietat":"NO ESPECIFICADA","Producte2n":null,"HA":2.4336,"Shape_Leng":913.50390136700003,"Shape_Le_1":913.64944088200002,"Shape_Area":24323.311517400001,"rendiment_":19846,"area_m2":24338.89,"area_ha":0.0243,"rend_sup":482.26},"geometry":{"type":"MultiPolygon","coordinates":[[[[2.038853327396526,41.304259518970859],[2.037784565842769,41.303792413638639],[2.03833354612849,41.303984614495917],[2.03906235338012,41.303111721889614],[2.03846595984905,41.302848548495803],[2.03847041550148,41.30286040908976],[2.038371143654139,41.302830191581428],[2.03830943398212,41.302898683222864],[2.038118939677278,41.303150487821192],[2.038030400103516,41.30319480569657],[2.037976739203825,41.303251209568515],[2.037769802694208,41.303677610910029],[2.037737005862246,41.303771629154312],[2.037683986424256,41.303748180513146],[2.036839964499189,41.3033733291361],[2.03676423153776,41.303339694251292],[2.036636830634943,41.303725866405934],[2.036592073515272,41.303901950604981],[2.036548121888107,41.304156786823391],[2.036571127318114,41.304141688090375],[2.036596356647675,41.304157447271116],[2.036618612065737,41.304133086045844],[2.036705196457229,41.3041757455617],[2.036711139900359,41.304188523034405],[2.036696214327188,41.304213275299432],[2.0366959832642,41.304228893436786],[2.036708256654352,41.304235330293878],[2.036695697914405,41.304268571307624],[2.037339231235138,41.304553004275228],[2.037393128457327,41.304564867653902],[2.037710860576351,41.304696514075339],[2.037811575748857,41.304752637447756],[2.038231903932017,41.30494892119426],[2.038543406992334,41.30462066814394],[2.038853327396526,41.304259518970859]]]]}},
{"type":"Feature","properties":{"Campanya":2024,"Provincia":"Barcelona","Comarca":"Baix Llobregat","Municipi":"VILADECANS","ID_MUN":"08302","Grup":"HORTÍCOLES","Cultiu":"HORTA","Seca_Regad":"R","Sist_Regad":"DEGOTEIG","Varietat":"NO ESPECIFICADA","Producte2n":null,"HA":0.2801,"Shape_Leng":288.60951508599999,"Shape_Le_1":288.60951649399999,"Shape_Area":2799.66365881,"rendiment_":19846,"area_m2":2801.45,"area_ha":0.0028,"rend_sup":55.57},"geometry":{"type":"MultiPolygon","coordinates":[[[[2.035031443914344,41.304836246873286],[2.033849548728127,41.304453935006606],[2.033841822346919,41.304451437201507],[2.033701291009002,41.30463329362285],[2.035044020843793,41.305066196395188],[2.035158373611769,41.304877363207652],[2.035031443914344,41.304836246873286]]]]}},
{"type":"Feature","properties":{"Campanya":2024,"Provincia":"Barcelona","Comarca":"Baix Llobregat","Municipi":"VILADECANS","ID_MUN":"08302","Grup":"HORTÍCOLES","Cultiu":"HORTA","Seca_Regad":"R","Sist_Regad":"DEGOTEIG","Varietat":"NO ESPECIFICADA","Producte2n":null,"HA":0.1132,"Shape_Leng":147.851684882,"Shape_Le_1":147.85168488900001,"Shape_Area":1131.5575966199999,"rendiment_":19846,"area_m2":1132.28,"area_ha":0.0011,"rend_sup":21.83},"geometry":{"type":"MultiPolygon","coordinates":[[[[2.029988114176985,41.304697540828073],[2.029873207098688,41.304621465300613],[2.029516633830751,41.305017594828776],[2.029705874522832,41.305120704007173],[2.030090324744477,41.304762737975551],[2.029988114176985,41.304697540828073]]]]}},
{"type":"Feature","properties":{"Campanya":2024,"Provincia":"Barcelona","Comarca":"Baix Llobregat","Municipi":"VILADECANS","ID_MUN":"08302","Grup":"HORTÍCOLES","Cultiu":"HORTA","Seca_Regad":"R","Sist_Regad":"DEGOTEIG","Varietat":"NO ESPECIFICADA","Producte2n":null,"HA":1.7167,"Shape_Leng":843.08954694700003,"Shape_Le_1":843.08954694700003,"Shape_Area":17155.661146499999,"rendiment_":19846,"area_m2":17166.62,"area_ha":0.0172,"rend_sup":341.35},"geometry":{"type":"MultiPolygon","coordinates":[[[[2.031856424397644,41.304779307956899],[2.031788974338375,41.304745593564896],[2.031803404132651,41.304729860679132],[2.031770550395953,41.304722218813531],[2.031766438009877,41.304708061215685],[2.031871974242339,41.304586183542185],[2.032119524298762,41.304311229674404],[2.032564211607792,41.30385758860541],[2.032570407966097,41.303828307453763],[2.032610025143193,41.303779751705385],[2.032646294660223,41.303762673672296],[2.032825186314835,41.303551240138894],[2.032918568321335,41.303471629270021],[2.033015377738439,41.303355109670996],[2.033077163134491,41.303268716226469],[2.033084911935444,41.303231842971719],[2.033050619420983,41.303017531717721],[2.033002621432098,41.302950856905632],[2.032951467517127,41.302902625634211],[2.032905419577893,41.302898979802833],[2.032841173885402,41.302859328113144],[2.032611472888817,41.302733059665826],[2.031854827753738,41.303724863813329],[2.03191032167816,41.303767165436831],[2.031885145145652,41.303772796910209],[2.031838532700064,41.303799605083391],[2.031781601624377,41.30383822547229],[2.031701790831384,41.303899602908992],[2.031627501766178,41.30396867689381],[2.031420373594583,41.30417858194722],[2.031238379083549,41.30436574771003],[2.031091092273542,41.30452633749502],[2.031037456805867,41.304603217977807],[2.031003148569305,41.304694070683389],[2.03098722698948,41.304777066817245],[2.030968114171646,41.304818713750755],[2.031100252572745,41.304911755815496],[2.031258974030345,41.304970379163613],[2.031439767557768,41.304773590382545],[2.031630694014401,41.304857301931207],[2.031723700402781,41.304768425489328],[2.031754058897375,41.304785021543729],[2.031428410463393,41.30515276579888],[2.031341877688679,41.305259389185643],[2.031662127822545,41.305422411773641],[2.032105760116001,41.304903932465287],[2.031856424397644,41.304779307956899]]]]}},
{"type":"Feature","properties":{"Campanya":2024,"Provincia":"Barcelona","Comarca":"Baix Llobregat","Municipi":"VILADECANS","ID_MUN":"08302","Grup":"HORTÍCOLES","Cultiu":"HORTA","Seca_Regad":"R","Sist_Regad":"DEGOTEIG","Varietat":"NO ESPECIFICADA","Producte2n":null,"HA":1.1947,"Shape_Leng":537.3883351,"Shape_Le_1":536.87585209099996,"Shape_Area":11954.2450209,"rendiment_":19846,"area_m2":11961.95,"area_ha":0.012,"rend_sup":238.15},"geometry":{"type":"MultiPolygon","coordinates":[[[[2.04932447148509,41.304981638789599],[2.04992146470448,41.304136965213637],[2.049302337911981,41.303984628477089],[2.049254418094885,41.303975360187067],[2.049204569804801,41.304037667451283],[2.049156186538555,41.304063916762388],[2.048182141427755,41.30545678113269],[2.048051999496391,41.305660822278391],[2.048085982205189,41.305709110214266],[2.048508509586703,41.305817969952173],[2.048513209971269,41.305806620715693],[2.048611491711173,41.305701953249745],[2.049289265094406,41.305003606054576],[2.04932447148509,41.304981638789599]]]]}},
{"type":"Feature","properties":{"Campanya":2024,"Provincia":"Barcelona","Comarca":"Baix Llobregat","Municipi":"VILADECANS","ID_MUN":"08302","Grup":"HORTÍCOLES","Cultiu":"HORTA","Seca_Regad":"R","Sist_Regad":"DEGOTEIG","Varietat":"NO ESPECIFICADA","Producte2n":null,"HA":1.7613,"Shape_Leng":919.96275068299997,"Shape_Le_1":919.96303634100002,"Shape_Area":17601.119500500001,"rendiment_":19846,"area_m2":17612.06,"area_ha":0.0176,"rend_sup":349.29},"geometry":{"type":"MultiPolygon","coordinates":[[[[2.034288277458699,41.303791182672484],[2.034329072992855,41.303819496223596],[2.03407840867313,41.304106628647411],[2.034134319058195,41.304146731238845],[2.034271793177127,41.304205355000327],[2.034396247047175,41.304133145753326],[2.034433661495906,41.304121597517003],[2.034458012459069,41.304121800886833],[2.034531203670986,41.304112710045452],[2.0345729904706,41.304070683409201],[2.0348922703709,41.303627770498963],[2.034996547844012,41.303497987809514],[2.034586317374,41.303331973294242],[2.034114514687253,41.303115792875261],[2.034075181451229,41.30314900069353],[2.033945976017721,41.303253577963943],[2.033788000051431,41.303460149086213],[2.033889373190637,41.303527745379803],[2.033032284064894,41.304556968394671],[2.033151205030934,41.304625344177019],[2.033201497385653,41.304673776188118],[2.032936761262581,41.304934486595947],[2.032860945154738,41.305029059839839],[2.032192855443955,41.305714872507089],[2.032534729851314,41.305862322009418],[2.032617748750185,41.305832767780352],[2.032735765666454,41.305754312641533],[2.032889221881192,41.305627381745396],[2.033038053033562,41.30546942837104],[2.033057192566722,41.305442715007139],[2.033301260302318,41.30519038977976],[2.033557836824299,41.304899701220478],[2.033518052746996,41.304859738265932],[2.03352681016046,41.304784328166612],[2.033743922911173,41.304488448200502],[2.033890396604238,41.304251966401779],[2.034288277458699,41.303791182672484]]]]}},
{"type":"Feature","properties":{"Campanya":2024,"Provincia":"Barcelona","Comarca":"Baix Llobregat","Municipi":"VILADECANS","ID_MUN":"08302","Grup":"HORTÍCOLES","Cultiu":"HORTA","Seca_Regad":"R","Sist_Regad":"DEGOTEIG","Varietat":"NO ESPECIFICADA","Producte2n":null,"HA":0.1317,"Shape_Leng":144.45659336,"Shape_Le_1":144.45659335799999,"Shape_Area":1316.0751461699999,"rendiment_":19846,"area_m2":1316.92,"area_ha":0.0013,"rend_sup":25.8},"geometry":{"type":"MultiPolygon","coordinates":[[[[2.032549422156939,41.305909160671888],[2.032177048953977,41.305741944329071],[2.032118204202029,41.305803240701366],[2.031980008679557,41.305988176281488],[2.032284024112675,41.30612557361637],[2.032407529493325,41.306164455509176],[2.032600728940755,41.30593546800943],[2.032549422156939,41.305909160671888]]]]}},
{"type":"Feature","properties":{"Campanya":2024,"Provincia":"Barcelona","Comarca":"Baix Llobregat","Municipi":"VILADECANS","ID_MUN":"08302","Grup":"HORTÍCOLES","Cultiu":"HORTA","Seca_Regad":"R","Sist_Regad":"DEGOTEIG","Varietat":"NO ESPECIFICADA","Producte2n":null,"HA":0.3,"Shape_Leng":297.64635051200003,"Shape_Le_1":297.646350509,"Shape_Area":2997.69435828,"rendiment_":19846,"area_m2":2999.61,"area_ha":0.003,"rend_sup":59.54},"geometry":{"type":"MultiPolygon","coordinates":[[[[2.031094759016463,41.305849278261888],[2.031482925197188,41.305361071102091],[2.03132097247991,41.305283808483175],[2.031221373073254,41.305399572605751],[2.03114499369513,41.305387388293013],[2.030410752809503,41.306183817970407],[2.030647660978906,41.306317679997171],[2.031094759016463,41.305849278261888]]]]}},
{"type":"Feature","properties":{"Campanya":2024,"Provincia":"Barcelona","Comarca":"Baix Llobregat","Municipi":"VILADECANS","ID_MUN":"08302","Grup":"HORTÍCOLES","Cultiu":"HORTA","Seca_Regad":"R","Sist_Regad":"DEGOTEIG","Varietat":"NO ESPECIFICADA","Producte2n":null,"HA":0.3952,"Shape_Leng":320.14166306200002,"Shape_Le_1":320.14166306499999,"Shape_Area":3949.4477776799999,"rendiment_":19846,"area_m2":3951.97,"area_ha":0.004,"rend_sup":79.38},"geometry":{"type":"MultiPolygon","coordinates":[[[[2.031790963406641,41.305504451306199],[2.031711131589379,41.305461179250763],[2.031694173382016,41.305461851777054],[2.031534810790436,41.305385823670555],[2.030723849744995,41.306380709980502],[2.031035846403384,41.306525128968829],[2.031840654803309,41.305531386735183],[2.031790963406641,41.305504451306199]]]]}},
{"type":"Feature","properties":{"Campanya":2024,"Provincia":"Barcelona","Comarca":"Baix Llobregat","Municipi":"VILADECANS","ID_MUN":"08302","Grup":"HORTÍCOLES","Cultiu":"HORTA","Seca_Regad":"R","Sist_Regad":"DEGOTEIG","Varietat":"NO ESPECIFICADA","Producte2n":null,"HA":1.536,"Shape_Leng":770.60194778100004,"Shape_Le_1":770.47474930800001,"Shape_Area":15349.6275812,"rendiment_":19846,"area_m2":15359.42,"area_ha":0.0154,"rend_sup":305.63},"geometry":{"type":"MultiPolygon","coordinates":[[[[2.029451476801314,41.306617415024022],[2.030264970455211,41.305794373505471],[2.030234291240676,41.305782889769468],[2.030380980902049,41.305635448081034],[2.030160859765682,41.305511862285925],[2.030380898345566,41.305318500874662],[2.030393359345616,41.305317083562144],[2.030378878533766,41.305330664825796],[2.030419854423188,41.305346592231523],[2.030533024776781,41.305416092352012],[2.030424524259837,41.305563714519153],[2.03058401850345,41.305642973588235],[2.030787172022351,41.305750521806111],[2.031319881181395,41.305173767960014],[2.031200651025732,41.305030190510479],[2.031055514530753,41.304915883011269],[2.030920476870856,41.304822691280215],[2.030770978089383,41.304713881858866],[2.030532770884303,41.304561720106179],[2.029786014227455,41.305282977536137],[2.029941209795749,41.30537814289697],[2.028838322223739,41.306418489968863],[2.02889616131001,41.30637240152388],[2.02895073009835,41.306319677491992],[2.029451476801314,41.306617415024022]]]]}},
{"type":"Feature","properties":{"Campanya":2024,"Provincia":"Barcelona","Comarca":"Baix Llobregat","Municipi":"VILADECANS","ID_MUN":"08302","Grup":"HORTÍCOLES","Cultiu":"HORTA","Seca_Regad":"R","Sist_Regad":"DEGOTEIG","Varietat":"NO ESPECIFICADA","Producte2n":null,"HA":0.3972,"Shape_Leng":258.82142199700002,"Shape_Le_1":258.85426742,"Shape_Area":3970.0612764900002,"rendiment_":19846,"area_m2":3972.6,"area_ha":0.004,"rend_sup":79.38},"geometry":{"type":"MultiPolygon","coordinates":[[[[2.032955906243052,41.306356047249793],[2.032991465883935,41.306277799810836],[2.033063478848392,41.306206253087602],[2.033066520714855,41.306170158200999],[2.03303905017026,41.306145606930713],[2.032664900489614,41.305968528342305],[2.032657487371089,41.305964708974848],[2.03245254118305,41.306185745909467],[2.032433514210733,41.306192451552874],[2.032347681138712,41.306210724300406],[2.032269476342157,41.306220363389727],[2.032225887944631,41.306247102549968],[2.032094454862219,41.30637601925671],[2.032003733690248,41.306480439769956],[2.03216537938064,41.306579120691289],[2.032490311034663,41.306768734699475],[2.032955906243052,41.306356047249793]]]]}},
{"type":"Feature","properties":{"Campanya":2024,"Provincia":"Barcelona","Comarca":"Baix Llobregat","Municipi":"VILADECANS","ID_MUN":"08302","Grup":"HORTÍCOLES","Cultiu":"HORTA","Seca_Regad":"R","Sist_Regad":"DEGOTEIG","Varietat":"NO ESPECIFICADA","Producte2n":null,"HA":0.0349,"Shape_Leng":254.08113410600001,"Shape_Le_1":254.30477049199999,"Shape_Area":348.97712747700001,"rendiment_":19846,"area_m2":349.2,"area_ha":0.0003,"rend_sup":5.95},"geometry":{"type":"MultiPolygon","coordinates":[[[[2.04457344384594,41.306887436801738],[2.043937322822899,41.30664709141351],[2.043238329774003,41.306382985888341],[2.043254440364257,41.306403041448988],[2.043250447507501,41.306415912539308],[2.044556994482069,41.306909942648318],[2.04457344384594,41.306887436801738]]]]}},
{"type":"Feature","properties":{"Campanya":2024,"Provincia":"Barcelona","Comarca":"Baix Llobregat","Municipi":"VILADECANS","ID_MUN":"08302","Grup":"HORTÍCOLES","Cultiu":"HORTA","Seca_Regad":"R","Sist_Regad":"DEGOTEIG","Varietat":"NO ESPECIFICADA","Producte2n":null,"HA":0.3694,"Shape_Leng":333.41941187999998,"Shape_Le_1":333.41941188099997,"Shape_Area":3692.0831084500001,"rendiment_":19846,"area_m2":3694.44,"area_ha":0.0037,"rend_sup":73.43},"geometry":{"type":"MultiPolygon","coordinates":[[[[2.030551473605258,41.305654057154925],[2.030477627003465,41.305633856258076],[2.029500427907306,41.306650440651566],[2.029751305672412,41.306789670120295],[2.030744514236853,41.305759170191067],[2.030551473605258,41.305654057154925]]]]}},
{"type":"Feature","properties":{"Campanya":2024,"Provincia":"Barcelona","Comarca":"Baix Llobregat","Municipi":"VILADECANS","ID_MUN":"08302","Grup":"HORTÍCOLES","Cultiu":"HORTA","Seca_Regad":"R","Sist_Regad":"DEGOTEIG","Varietat":"NO ESPECIFICADA","Producte2n":null,"HA":2.3086,"Shape_Leng":631.97614443299994,"Shape_Le_1":631.97614442600002,"Shape_Area":23070.727582200001,"rendiment_":19846,"area_m2":23085.54,"area_ha":0.0231,"rend_sup":458.44},"geometry":{"type":"MultiPolygon","coordinates":[[[[2.042558457573648,41.306867060595891],[2.042604935415109,41.306862452488545],[2.042756777218613,41.306922194477075],[2.043009124412779,41.306583077088128],[2.043260430688566,41.306188815881924],[2.043283456949657,41.306130887572756],[2.041313796081802,41.305153103215922],[2.040532867128831,41.305875350283401],[2.04056389853677,41.305936273295067],[2.040748404864196,41.306058218313503],[2.041009122605646,41.306200866946469],[2.041590508990867,41.306481643511418],[2.041660223593038,41.306509813335026],[2.041767344506489,41.306560778387095],[2.04198007592516,41.306686929649949],[2.042299422736356,41.306849811573613],[2.042497052392879,41.306944085359561],[2.04254772346931,41.306872589342802],[2.042558457573648,41.306867060595891]]]]}},
{"type":"Feature","properties":{"Campanya":2024,"Provincia":"Barcelona","Comarca":"Baix Llobregat","Municipi":"VILADECANS","ID_MUN":"08302","Grup":"HORTÍCOLES","Cultiu":"HORTA","Seca_Regad":"R","Sist_Regad":"DEGOTEIG","Varietat":"NO ESPECIFICADA","Producte2n":null,"HA":0.4212,"Shape_Leng":283.65172824899997,"Shape_Le_1":283.65172825299999,"Shape_Area":4209.6531879100003,"rendiment_":19846,"area_m2":4212.34,"area_ha":0.0042,"rend_sup":83.35},"geometry":{"type":"MultiPolygon","coordinates":[[[[2.030022845146164,41.307152929758352],[2.030085030588855,41.307102928421514],[2.030146007356324,41.3071343184453],[2.030729102378624,41.306547419847121],[2.03061411331887,41.306480797848074],[2.030676473198274,41.306413944451521],[2.030352784593981,41.306247654648978],[2.029689272269179,41.306921350674983],[2.029742802633246,41.306952677237994],[2.029735127710055,41.306968051548537],[2.029790541035891,41.306997991480316],[2.029775377255726,41.307016109433057],[2.030022845146164,41.307152929758352]]]]}},
{"type":"Feature","properties":{"Campanya":2024,"Provincia":"Barcelona","Comarca":"Baix Llobregat","Municipi":"VILADECANS","ID_MUN":"08302","Grup":"HORTÍCOLES","Cultiu":"HORTA","Seca_Regad":"R","Sist_Regad":"DEGOTEIG","Varietat":"NO ESPECIFICADA","Producte2n":null,"HA":0.2384,"Shape_Leng":326.62297793699997,"Shape_Le_1":326.52247118299999,"Shape_Area":2382.5800307099998,"rendiment_":19846,"area_m2":2384.05,"area_ha":0.0024,"rend_sup":47.63},"geometry":{"type":"MultiPolygon","coordinates":[[[[2.032456629967498,41.306798590545121],[2.03246287288042,41.306793056948216],[2.032278459405823,41.306684242449322],[2.031972241521386,41.306516687186367],[2.031678696935789,41.306854554517059],[2.031634522063874,41.30691281057446],[2.032008281179593,41.307086826626247],[2.031950425226154,41.307152491784905],[2.032016982130715,41.307188209057628],[2.032456629967498,41.306798590545121]],[[2.032439172972598,41.306784492059165],[2.032448476783461,41.306790673228072],[2.032445966263706,41.306798620238538],[2.032027771573397,41.30716325329179],[2.03202063496871,41.307166254053477],[2.032011242286853,41.307164376247023],[2.0320068844258,41.307158482863322],[2.032009701034272,41.307151470722758],[2.032427895760792,41.30678683683405],[2.032439172972598,41.306784492059165]]]]}},
{"type":"Feature","properties":{"Campanya":2024,"Provincia":"Barcelona","Comarca":"Baix Llobregat","Municipi":"VILADECANS","ID_MUN":"08302","Grup":"HORTÍCOLES","Cultiu":"HORTA","Seca_Regad":"R","Sist_Regad":"DEGOTEIG","Varietat":"NO ESPECIFICADA","Producte2n":null,"HA":0.2842,"Shape_Leng":216.51421630799999,"Shape_Le_1":216.029421993,"Shape_Area":2846.2013107799999,"rendiment_":19846,"area_m2":2848.02,"area_ha":0.0028,"rend_sup":55.57},"geometry":{"type":"MultiPolygon","coordinates":[[[[2.031027652867893,41.307223265266813],[2.031144667464083,41.307113645200282],[2.031189010148904,41.307133259552906],[2.031398230161854,41.306926137979666],[2.031418431087833,41.306909708786776],[2.030871903285267,41.306580507800597],[2.030833698656101,41.306578082398111],[2.030493470595726,41.306893727308321],[2.031027652867893,41.307223265266813]]]]}},
{"type":"Feature","properties":{"Campanya":2024,"Provincia":"Barcelona","Comarca":"Baix Llobregat","Municipi":"VILADECANS","ID_MUN":"08302","Grup":"HORTÍCOLES","Cultiu":"HORTA","Seca_Regad":"R","Sist_Regad":"DEGOTEIG","Varietat":"NO ESPECIFICADA","Producte2n":null,"HA":1.0876,"Shape_Leng":420.11892104200001,"Shape_Le_1":420.118921043,"Shape_Area":10869.312012599999,"rendiment_":19846,"area_m2":10876.3,"area_ha":0.0109,"rend_sup":216.32},"geometry":{"type":"MultiPolygon","coordinates":[[[[2.043936533121205,41.306701174860954],[2.043200051286148,41.306429220298568],[2.043078052738367,41.306605594457622],[2.042997242447503,41.306713264134707],[2.042889942994216,41.306832887251979],[2.042770459125787,41.307009145063923],[2.042776942811525,41.307035067891398],[2.042809944094007,41.307055821999676],[2.042802772550776,41.307084604673847],[2.042814242618824,41.307106430877809],[2.042969288213386,41.307164023894316],[2.043187893820928,41.307264618581684],[2.043324298743779,41.307342797947364],[2.043378486095981,41.30738514082978],[2.043568998670571,41.307479368035239],[2.0440218805037,41.307642111655106],[2.044543875207212,41.306925437601471],[2.043936533121205,41.306701174860954]]]]}},
{"type":"Feature","properties":{"Campanya":2024,"Provincia":"Barcelona","Comarca":"Baix Llobregat","Municipi":"VILADECANS","ID_MUN":"08302","Grup":"HORTÍCOLES","Cultiu":"HORTA","Seca_Regad":"R","Sist_Regad":"DEGOTEIG","Varietat":"NO ESPECIFICADA","Producte2n":null,"HA":1.9247,"Shape_Leng":808.90219366199995,"Shape_Le_1":808.30198523599995,"Shape_Area":19230.844549099998,"rendiment_":19846,"area_m2":19243.22,"area_ha":0.0192,"rend_sup":381.04},"geometry":{"type":"MultiPolygon","coordinates":[[[[2.046281293760619,41.307114244567991],[2.04630687114561,41.307081655306533],[2.046887556978664,41.306096547625408],[2.046986511589956,41.305927592974754],[2.047033879270836,41.305764535754264],[2.047060493023444,41.305701510154982],[2.047148789400974,41.305545389145422],[2.047240191341479,41.305406160494911],[2.04739823400352,41.305140146508563],[2.04755026212579,41.304903595916386],[2.047562942726015,41.304876714981546],[2.047528926284115,41.304835725464123],[2.047026285628709,41.304691784233775],[2.046090554780515,41.306185467190893],[2.045899355455028,41.306543301733406],[2.045145199329372,41.307475739216308],[2.045488418986542,41.307607471120313],[2.04565203364785,41.307698137210174],[2.045684177273259,41.307726673150341],[2.045929554227298,41.307531350058412],[2.045919086103533,41.307506027614274],[2.046025065906858,41.307406319138188],[2.046128361523901,41.307298553543831],[2.046179340024979,41.307226038811109],[2.046241048633278,41.307162588134076],[2.046281293760619,41.307114244567991]]]]}},
{"type":"Feature","properties":{"Campanya":2024,"Provincia":"Barcelona","Comarca":"Baix Llobregat","Municipi":"VILADECANS","ID_MUN":"08302","Grup":"HORTÍCOLES","Cultiu":"HORTA","Seca_Regad":"R","Sist_Regad":"DEGOTEIG","Varietat":"NO ESPECIFICADA","Producte2n":null,"HA":0.0795,"Shape_Leng":202.030926776,"Shape_Le_1":202.03092678100001,"Shape_Area":794.72812169300005,"rendiment_":19846,"area_m2":795.24,"area_ha":0.0008,"rend_sup":15.88},"geometry":{"type":"MultiPolygon","coordinates":[[[[2.04217257054693,41.307027112683741],[2.042097337879814,41.306992709032244],[2.041443726745614,41.307661851667852],[2.04154151650827,41.3077113970838],[2.04217257054693,41.307027112683741]]]]}},
{"type":"Feature","properties":{"Campanya":2024,"Provincia":"Barcelona","Comarca":"Baix Llobregat","Municipi":"VILADECANS","ID_MUN":"08302","Grup":"HORTÍCOLES","Cultiu":"HORTA","Seca_Regad":"R","Sist_Regad":"DEGOTEIG","Varietat":"NO ESPECIFICADA","Producte2n":null,"HA":0.5478,"Shape_Leng":343.81080750400002,"Shape_Le_1":343.81112640800001,"Shape_Area":5474.8921411399997,"rendiment_":19846,"area_m2":5478.38,"area_ha":0.0055,"rend_sup":109.15},"geometry":{"type":"MultiPolygon","coordinates":[[[[2.029205111295371,41.307377403684058],[2.02914175152419,41.307333333808643],[2.029182489057749,41.307294608803367],[2.029256419391585,41.307331490586371],[2.029434164215335,41.307435527395143],[2.029543856156044,41.307349223713828],[2.029730544637789,41.30716348749614],[2.029760387236335,41.307122420346943],[2.029760618623121,41.307106813047177],[2.029672933984203,41.307023436462991],[2.029506567809176,41.306842738691394],[2.029514910414654,41.306834864339407],[2.029138720589501,41.306626590861271],[2.028712265232932,41.307028787568932],[2.028880159486885,41.307129737178236],[2.028668071097589,41.307350616952306],[2.028916849009379,41.30764437909],[2.029205111295371,41.307377403684058]]]]}},
{"type":"Feature","properties":{"Campanya":2024,"Provincia":"Barcelona","Comarca":"Baix Llobregat","Municipi":"VILADECANS","ID_MUN":"08302","Grup":"HORTÍCOLES","Cultiu":"HORTA","Seca_Regad":"R","Sist_Regad":"DEGOTEIG","Varietat":"NO ESPECIFICADA","Producte2n":null,"HA":2.3968,"Shape_Leng":892.639832673,"Shape_Le_1":892.63983267399999,"Shape_Area":23952.715139200001,"rendiment_":19846,"area_m2":23968.12,"area_ha":0.024,"rend_sup":476.3},"geometry":{"type":"MultiPolygon","coordinates":[[[[2.046486817564672,41.304577510322567],[2.046352130965987,41.304558776539722],[2.045876817829128,41.305199807616518],[2.045490480863575,41.305736851312275],[2.044846808624237,41.306616724146203],[2.044461754684171,41.307104572685915],[2.044117301269016,41.307575826393276],[2.044731230382327,41.307832843100158],[2.044750187426928,41.307836358460598],[2.044836112576943,41.307726323186024],[2.044874106575581,41.307703893398411],[2.045202582914103,41.30728198360336],[2.045705288411666,41.306656828893161],[2.045951396556463,41.306336576425487],[2.046002730642491,41.306241841165665],[2.046048445890137,41.306124614186103],[2.046223379723199,41.305872898190323],[2.046505826658594,41.305425464675182],[2.046962937299212,41.304744267649497],[2.046957959243229,41.304716897379045],[2.046948057556004,41.304704522724421],[2.046906578240908,41.30468108018394],[2.046747977972364,41.304645119082799],[2.046486817564672,41.304577510322567]]]]}},
{"type":"Feature","properties":{"Campanya":2024,"Provincia":"Barcelona","Comarca":"Baix Llobregat","Municipi":"VILADECANS","ID_MUN":"08302","Grup":"HORTÍCOLES","Cultiu":"HORTA","Seca_Regad":"R","Sist_Regad":"DEGOTEIG","Varietat":"NO ESPECIFICADA","Producte2n":null,"HA":0.3692,"Shape_Leng":257.69956481200001,"Shape_Le_1":257.69956481600002,"Shape_Area":3690.0418220800002,"rendiment_":19846,"area_m2":3692.4,"area_ha":0.0037,"rend_sup":73.43},"geometry":{"type":"MultiPolygon","coordinates":[[[[2.032227975902373,41.307452373454588],[2.031543744133942,41.306956063297974],[2.031321698232847,41.307141558965952],[2.03134273823779,41.307156982279103],[2.031308119057471,41.307194366071599],[2.031318680791621,41.307200065785658],[2.031270399931219,41.307231667015458],[2.031309376438324,41.307256058821096],[2.031196467197291,41.307328105122913],[2.031472781362356,41.307499711031632],[2.031842913090249,41.307763755856755],[2.032227975902373,41.307452373454588]]]]}},
{"type":"Feature","properties":{"Campanya":2024,"Provincia":"Barcelona","Comarca":"Baix Llobregat","Municipi":"VILADECANS","ID_MUN":"08302","Grup":"HORTÍCOLES","Cultiu":"HORTA","Seca_Regad":"R","Sist_Regad":"DEGOTEIG","Varietat":"NO ESPECIFICADA","Producte2n":null,"HA":0.3714,"Shape_Leng":261.56887902300002,"Shape_Le_1":261.56887901900001,"Shape_Area":3711.92665141,"rendiment_":19846,"area_m2":3714.3,"area_ha":0.0037,"rend_sup":73.43},"geometry":{"type":"MultiPolygon","coordinates":[[[[2.035446331572722,41.307568365366151],[2.035804693763406,41.307290238306152],[2.035298843849871,41.307000800503637],[2.035149828093495,41.307146771520273],[2.034981512734774,41.307304439023447],[2.034810699875354,41.307448337046957],[2.034801931809552,41.307442654495333],[2.034736717230937,41.30750224948634],[2.034768772485614,41.307529319486108],[2.035144443954525,41.307761194445185],[2.035102249721473,41.307798632078402],[2.035126175557625,41.30781690547439],[2.035446331572722,41.307568365366151]]]]}},
{"type":"Feature","properties":{"Campanya":2024,"Provincia":"Barcelona","Comarca":"Baix Llobregat","Municipi":"VILADECANS","ID_MUN":"08302","Grup":"HORTÍCOLES","Cultiu":"HORTA","Seca_Regad":"R","Sist_Regad":"DEGOTEIG","Varietat":"NO ESPECIFICADA","Producte2n":null,"HA":0.3174,"Shape_Leng":317.65081833099998,"Shape_Le_1":235.03463990399999,"Shape_Area":3171.6167090600002,"rendiment_":19846,"area_m2":3173.65,"area_ha":0.0032,"rend_sup":63.51},"geometry":{"type":"MultiPolygon","coordinates":[[[[2.043106848896315,41.307417293709548],[2.042631568744248,41.307259542262187],[2.042193010000692,41.307804213735814],[2.042600577615552,41.308019482550435],[2.043106848896315,41.307417293709548]]]]}},
{"type":"Feature","properties":{"Campanya":2024,"Provincia":"Barcelona","Comarca":"Baix Llobregat","Municipi":"VILADECANS","ID_MUN":"08302","Grup":"HORTÍCOLES","Cultiu":"HORTA","Seca_Regad":"R","Sist_Regad":"DEGOTEIG","Varietat":"NO ESPECIFICADA","Producte2n":null,"HA":0.4289,"Shape_Leng":307.65318989899998,"Shape_Le_1":307.65280227699998,"Shape_Area":4286.5536469600002,"rendiment_":19846,"area_m2":4289.29,"area_ha":0.0043,"rend_sup":85.34},"geometry":{"type":"MultiPolygon","coordinates":[[[[2.030677608463287,41.308055985186179],[2.030808020028521,41.307933870383884],[2.030550073058666,41.30779892714714],[2.030539521122045,41.307808619686043],[2.030327843237792,41.308003060509684],[2.030132340619387,41.307900649196803],[2.030138558710039,41.307916150356093],[2.030132023032789,41.307938320606425],[2.029594647701505,41.308439916798733],[2.029677206393855,41.3085358932627],[2.02997119635337,41.308717456511637],[2.030677608463287,41.308055985186179]]]]}},
{"type":"Feature","properties":{"Campanya":2024,"Provincia":"Barcelona","Comarca":"Baix Llobregat","Municipi":"VILADECANS","ID_MUN":"08302","Grup":"HORTÍCOLES","Cultiu":"HORTA","Seca_Regad":"R","Sist_Regad":"DEGOTEIG","Varietat":"NO ESPECIFICADA","Producte2n":null,"HA":0.4372,"Shape_Leng":296.97138618299999,"Shape_Le_1":296.970936177,"Shape_Area":4368.9777135000004,"rendiment_":19846,"area_m2":4371.78,"area_ha":0.0044,"rend_sup":87.32},"geometry":{"type":"MultiPolygon","coordinates":[[[[2.042112792368445,41.307837239080001],[2.042045537822712,41.307812103197541],[2.041587418352391,41.308344471611285],[2.041349902205777,41.308606610007487],[2.04139963393181,41.308620129941467],[2.041516564236884,41.308693222989561],[2.041525615820614,41.308729434114284],[2.041690158071176,41.30881971089822],[2.042110693356205,41.308416781744249],[2.04247666082592,41.308037490584127],[2.042112792368445,41.307837239080001]]]]}},
{"type":"Feature","properties":{"Campanya":2024,"Provincia":"Barcelona","Comarca":"Baix Llobregat","Municipi":"VILADECANS","ID_MUN":"08302","Grup":"HORTÍCOLES","Cultiu":"HORTA","Seca_Regad":"R","Sist_Regad":"DEGOTEIG","Varietat":"NO ESPECIFICADA","Producte2n":null,"HA":0.8633,"Shape_Leng":372.96388670300001,"Shape_Le_1":372.96251373199999,"Shape_Area":8629.7995123799992,"rendiment_":19846,"area_m2":8636.23,"area_ha":0.0086,"rend_sup":170.68},"geometry":{"type":"MultiPolygon","coordinates":[[[[2.045998489658159,41.308869483169474],[2.045818033955071,41.308803944265698],[2.045361248482133,41.308590420205533],[2.045275809808377,41.308550274571388],[2.045272773353321,41.308559020077034],[2.044849467229943,41.308985105353479],[2.044574076348431,41.309270758167749],[2.044558168484647,41.309313817514578],[2.045478054697954,41.309694947675595],[2.045758518093361,41.30935138353199],[2.045785748810121,41.309329800106354],[2.045943924324729,41.309104339807519],[2.046095391943858,41.308912250860033],[2.045998489658159,41.308869483169474]]]]}},
{"type":"Feature","properties":{"Campanya":2024,"Provincia":"Barcelona","Comarca":"Baix Llobregat","Municipi":"VILADECANS","ID_MUN":"08302","Grup":"HORTÍCOLES","Cultiu":"HORTA","Seca_Regad":"R","Sist_Regad":"DEGOTEIG","Varietat":"NO ESPECIFICADA","Producte2n":null,"HA":0.7972,"Shape_Leng":520.84903372700001,"Shape_Le_1":520.84822242099995,"Shape_Area":7967.1740591500002,"rendiment_":19846,"area_m2":7972.29,"area_ha":0.008,"rend_sup":158.77},"geometry":{"type":"MultiPolygon","coordinates":[[[[2.041657718736936,41.308876709265093],[2.041296508769558,41.308665539282039],[2.040649300252792,41.309379832519973],[2.039773156380603,41.310334388998406],[2.040127964454612,41.310507537179284],[2.041007844833543,41.309521462498246],[2.041117401389411,41.309455830784195],[2.041657718736936,41.308876709265093]]]]}},
{"type":"Feature","properties":{"Campanya":2024,"Provincia":"Barcelona","Comarca":"Baix Llobregat","Municipi":"VILADECANS","ID_MUN":"08302","Grup":"HORTÍCOLES","Cultiu":"HORTA","Seca_Regad":"R","Sist_Regad":"DEGOTEIG","Varietat":"NO ESPECIFICADA","Producte2n":null,"HA":1.0045,"Shape_Leng":393.23723181899999,"Shape_Le_1":393.23723181399998,"Shape_Area":10038.163810399999,"rendiment_":19846,"area_m2":10044.62,"area_ha":0.01,"rend_sup":198.46},"geometry":{"type":"MultiPolygon","coordinates":[[[[2.044734262254967,41.309432747105689],[2.044540404257212,41.309356215604758],[2.044478822805171,41.309384520577431],[2.044111886386432,41.309771936628735],[2.043848013743992,41.310039179918363],[2.043820687647637,41.310077854888839],[2.043816339007778,41.310113839210096],[2.043949361459772,41.310195610764843],[2.044730612624355,41.310585055012695],[2.044859814135089,41.310487845446104],[2.0453122637413,41.309888322157533],[2.04541560870054,41.30976778310626],[2.045416000958444,41.309740975268035],[2.045383823871825,41.309719096492742],[2.044734262254967,41.309432747105689]]]]}},
{"type":"Feature","properties":{"Campanya":2024,"Provincia":"Barcelona","Comarca":"Baix Llobregat","Municipi":"VILADECANS","ID_MUN":"08302","Grup":"HORTÍCOLES","Cultiu":"HORTA","Seca_Regad":"R","Sist_Regad":"DEGOTEIG","Varietat":"NO ESPECIFICADA","Producte2n":null,"HA":0.0772,"Shape_Leng":124.02007902299999,"Shape_Le_1":124.02007902299999,"Shape_Area":771.07997420900006,"rendiment_":19846,"area_m2":771.57,"area_ha":0.0008,"rend_sup":15.88},"geometry":{"type":"MultiPolygon","coordinates":[[[[2.032922312471135,41.310244576672929],[2.032791502305207,41.31013634761252],[2.032753635665901,41.310159079815122],[2.032427872794644,41.310380557691502],[2.032409377349186,41.310458362853652],[2.032423497598481,41.310470750785846],[2.032509974536368,41.310528406548151],[2.032922312471135,41.310244576672929]]]]}},
{"type":"Feature","properties":{"Campanya":2024,"Provincia":"Barcelona","Comarca":"Baix Llobregat","Municipi":"VILADECANS","ID_MUN":"08302","Grup":"HORTÍCOLES","Cultiu":"HORTA","Seca_Regad":"R","Sist_Regad":"DEGOTEIG","Varietat":"NO ESPECIFICADA","Producte2n":null,"HA":0.2253,"Shape_Leng":341.24404862799997,"Shape_Le_1":331.87533125499999,"Shape_Area":2244.47029097,"rendiment_":19846,"area_m2":2245.91,"area_ha":0.0022,"rend_sup":43.66},"geometry":{"type":"MultiPolygon","coordinates":[[[[2.041184866373957,41.30968029533819],[2.041034500000772,41.309599752450886],[2.040608432382168,41.3100493691135],[2.0407607036459,41.310148822265262],[2.041184866373957,41.30968029533819]]],[[[2.040728228675987,41.310184474033008],[2.040578590947721,41.310091867682424],[2.040323856370979,41.310341403434961],[2.040094351258749,41.310606780784823],[2.040251949567391,41.310714553875762],[2.04046494817642,41.310478417756173],[2.040728228675987,41.310184474033008]]]]}},
{"type":"Feature","properties":{"Campanya":2024,"Provincia":"Barcelona","Comarca":"Baix Llobregat","Municipi":"VILADECANS","ID_MUN":"08302","Grup":"HORTÍCOLES","Cultiu":"HORTA","Seca_Regad":"R","Sist_Regad":"DEGOTEIG","Varietat":"NO ESPECIFICADA","Producte2n":null,"HA":0.3627,"Shape_Leng":232.96617678800001,"Shape_Le_1":232.788357531,"Shape_Area":3625.6141315700002,"rendiment_":19846,"area_m2":3627.93,"area_ha":0.0036,"rend_sup":71.45},"geometry":{"type":"MultiPolygon","coordinates":[[[[2.032316763991944,41.310380978356513],[2.0318213578142,41.310037199282299],[2.031367552529574,41.310422423217489],[2.031385747702004,41.310476440790879],[2.031399677652407,41.310503850996028],[2.031448687699267,41.310542275424673],[2.031502531244383,41.310568759516244],[2.031889136053779,41.31071421555054],[2.031911912595231,41.310716836918985],[2.032039185649771,41.310714710984456],[2.032344573861054,41.310480756776798],[2.032357824392735,41.310465758852608],[2.032360029803788,41.310452179544093],[2.032350365462906,41.310427923740953],[2.03232768519023,41.310402802773183],[2.032337876413794,41.310395629240567],[2.032316763991944,41.310380978356513]]]]}},
{"type":"Feature","properties":{"Campanya":2024,"Provincia":"Barcelona","Comarca":"Baix Llobregat","Municipi":"VILADECANS","ID_MUN":"08302","Grup":"HORTÍCOLES","Cultiu":"HORTA","Seca_Regad":"R","Sist_Regad":"DEGOTEIG","Varietat":"NO ESPECIFICADA","Producte2n":null,"HA":0.8201,"Shape_Leng":431.98979609100002,"Shape_Le_1":431.99026713500001,"Shape_Area":8192.4833396800004,"rendiment_":19846,"area_m2":8197.72,"area_ha":0.0082,"rend_sup":162.74},"geometry":{"type":"MultiPolygon","coordinates":[[[[2.033794396552296,41.310872036067352],[2.034383132512614,41.310493041817388],[2.034304305623068,41.310429720116709],[2.034324174312165,41.310417777017285],[2.034365540045897,41.310392913634793],[2.034397781736914,41.310423300983999],[2.034410749905579,41.310411537779366],[2.034466700179698,41.310474814329318],[2.034513965715608,41.310508524466634],[2.035055466416878,41.310145034409018],[2.034577811889509,41.309732655656667],[2.034040332910483,41.310082066054576],[2.033948252866514,41.31014067387256],[2.033909867347833,41.310112402053903],[2.033274494038446,41.310550128785202],[2.033720831966053,41.310919392787106],[2.033794396552296,41.310872036067352]]]]}},
{"type":"Feature","properties":{"Campanya":2024,"Provincia":"Barcelona","Comarca":"Baix Llobregat","Municipi":"VILADECANS","ID_MUN":"08302","Grup":"HORTÍCOLES","Cultiu":"HORTA","Seca_Regad":"R","Sist_Regad":"DEGOTEIG","Varietat":"NO ESPECIFICADA","Producte2n":null,"HA":2.7815,"Shape_Leng":1446.37946635,"Shape_Le_1":1446.4413462499999,"Shape_Area":27797.962640999998,"rendiment_":19846,"area_m2":27815.73,"area_ha":0.0278,"rend_sup":551.72},"geometry":{"type":"MultiPolygon","coordinates":[[[[2.033919707136544,41.309990324669648],[2.034543904070185,41.309541040127193],[2.034535731729808,41.309534564565332],[2.034570352745624,41.309510539882929],[2.034490722626603,41.309451444229595],[2.035086948155525,41.308992523606236],[2.035014960077524,41.308956600440681],[2.035021207193399,41.308949114365291],[2.034969844060894,41.308924701935204],[2.034789708445551,41.308818524228435],[2.034298872395869,41.30921344594946],[2.034170849678571,41.309137790740138],[2.034137084976963,41.309126788380979],[2.034067908345153,41.309119181948397],[2.033547402284304,41.309532768261988],[2.033515073675246,41.30959276566459],[2.032950968258933,41.3099491957],[2.033198966277188,41.30975692599462],[2.033362283250913,41.309618589126359],[2.033430295549027,41.309543135361707],[2.03328933806153,41.30940503625645],[2.033526969959851,41.309236043533858],[2.033302720548684,41.309401859082683],[2.033485111349913,41.30957432144853],[2.034034427499598,41.309121404178192],[2.033875982982249,41.309012001835463],[2.033853438450834,41.30900019499569],[2.034278097207247,41.308661827145301],[2.033998551153564,41.308460741986337],[2.033876039691005,41.308561443169317],[2.033578870108079,41.308776664519272],[2.033495524079147,41.308830730820468],[2.033480601404257,41.308834343661921],[2.033507033415224,41.308854237282645],[2.033306587230804,41.30900441378401],[2.033248765575288,41.308954680963552],[2.033259318657546,41.3089461178131],[2.033161319961337,41.308867920399436],[2.032985882489615,41.308743133634238],[2.032915777159811,41.308709486780593],[2.032745605692515,41.308810564103645],[2.032537575236825,41.308951317545585],[2.032225257198102,41.309172712450426],[2.031876629994596,41.309425688853104],[2.031912516796405,41.309454814069674],[2.031988706761954,41.309505086661623],[2.032259025662149,41.309676521326146],[2.032407174445025,41.309772524836092],[2.032518440271084,41.309850294845262],[2.032825066567388,41.310046804215077],[2.03304769338087,41.31020405555563],[2.033145005958715,41.310294208461556],[2.032330808868268,41.310848266678612],[2.032516440577763,41.310912645166468],[2.032883796326939,41.310662785963181],[2.032889126950373,41.310667384987731],[2.032908331591571,41.310653189162302],[2.032975839774238,41.310700959704668],[2.033582932869026,41.310286574549558],[2.03384615860951,41.310114432658281],[2.033854070707477,41.310106662473189],[2.033792520224247,41.310050308682456],[2.033809404424247,41.310033044157493],[2.03379374117577,41.310013088779336],[2.033686658990103,41.309925486413562],[2.033776898623632,41.309864102445339],[2.033851315247226,41.309935495218618],[2.033919707136544,41.309990324669648]]]]}},
{"type":"Feature","properties":{"Campanya":2024,"Provincia":"Barcelona","Comarca":"Baix Llobregat","Municipi":"VILADECANS","ID_MUN":"08302","Grup":"HORTÍCOLES","Cultiu":"HORTA","Seca_Regad":"R","Sist_Regad":"DEGOTEIG","Varietat":"NO ESPECIFICADA","Producte2n":null,"HA":0.3114,"Shape_Leng":230.39948306599999,"Shape_Le_1":230.229902004,"Shape_Area":3112.04071075,"rendiment_":19846,"area_m2":3114.03,"area_ha":0.0031,"rend_sup":61.52},"geometry":{"type":"MultiPolygon","coordinates":[[[[2.033235795483009,41.310583155231008],[2.033206983924734,41.310597492004185],[2.032684067841356,41.310952230898181],[2.033437577555811,41.311218126289688],[2.033749691273551,41.311000201596144],[2.033235795483009,41.310583155231008]]]]}},
{"type":"Feature","properties":{"Campanya":2024,"Provincia":"Barcelona","Comarca":"Baix Llobregat","Municipi":"VILADECANS","ID_MUN":"08302","Grup":"HORTÍCOLES","Cultiu":"HORTA","Seca_Regad":"R","Sist_Regad":"DEGOTEIG","Varietat":"NO ESPECIFICADA","Producte2n":null,"HA":0.1902,"Shape_Leng":296.937018782,"Shape_Le_1":296.93639854999998,"Shape_Area":1900.9666565,"rendiment_":19846,"area_m2":1902.19,"area_ha":0.0019,"rend_sup":37.71},"geometry":{"type":"MultiPolygon","coordinates":[[[[2.03957650056448,41.310725806254531],[2.039608520973661,41.310716585746093],[2.039641798049625,41.310718848676828],[2.039685886980525,41.310734440255025],[2.039759733972673,41.310793869594249],[2.039794855112238,41.310803006241542],[2.039890076594146,41.310740978964745],[2.039965517301355,41.310672496622885],[2.039716986057517,41.310395585450955],[2.038929241058301,41.311253812865907],[2.038909568315843,41.311275245308231],[2.038887612741185,41.311299165328343],[2.039023527943861,41.311326061871291],[2.039239116456554,41.311102414381608],[2.039251689586707,41.311084309596126],[2.039503574582203,41.310829660497902],[2.039479015823744,41.310816584614827],[2.039552359725772,41.310744163144719],[2.03957650056448,41.310725806254531]]]]}},
{"type":"Feature","properties":{"Campanya":2024,"Provincia":"Barcelona","Comarca":"Baix Llobregat","Municipi":"VILADECANS","ID_MUN":"08302","Grup":"HORTÍCOLES","Cultiu":"HORTA","Seca_Regad":"R","Sist_Regad":"DEGOTEIG","Varietat":"NO ESPECIFICADA","Producte2n":null,"HA":0.2713,"Shape_Leng":384.41739485300002,"Shape_Le_1":384.67651016000002,"Shape_Area":2711.32814822,"rendiment_":19846,"area_m2":2713.06,"area_ha":0.0027,"rend_sup":53.58},"geometry":{"type":"MultiPolygon","coordinates":[[[[2.035238102575788,41.31028895592965],[2.035134232506444,41.310193547519368],[2.035090587872,41.310191186464507],[2.035036783037001,41.310227132345176],[2.03494134395371,41.310283079962247],[2.034810880563082,41.31037278427673],[2.034154911411312,41.31079343320836],[2.033911765654376,41.31094155085416],[2.033666032660383,41.311111086109278],[2.03351643158452,41.311226477322997],[2.033507420356937,41.311246128263853],[2.033508650216303,41.311259921094582],[2.033537842976243,41.311289350793494],[2.033600758,41.311316630680949],[2.035238102575788,41.31028895592965]]]]}},
{"type":"Feature","properties":{"Campanya":2024,"Provincia":"Barcelona","Comarca":"Baix Llobregat","Municipi":"VILADECANS","ID_MUN":"08302","Grup":"HORTÍCOLES","Cultiu":"HORTA","Seca_Regad":"R","Sist_Regad":"DEGOTEIG","Varietat":"NO ESPECIFICADA","Producte2n":null,"HA":0.1822,"Shape_Leng":218.924438587,"Shape_Le_1":218.64565591600001,"Shape_Area":1821.3350889599999,"rendiment_":19846,"area_m2":1822.5,"area_ha":0.0018,"rend_sup":35.72},"geometry":{"type":"MultiPolygon","coordinates":[[[[2.039613503390598,41.311422320333271],[2.040228647826281,41.310740386095119],[2.040069287827641,41.310657828530687],[2.039797285699732,41.310852377282501],[2.0396747367665,41.311014990284043],[2.039517821684157,41.311183472159904],[2.039520839610385,41.311227812863891],[2.039534166838953,41.311256647464816],[2.039539614884128,41.311278105759229],[2.039526371427324,41.311271317023071],[2.039511822193567,41.311291143361508],[2.039471640142614,41.311336786811133],[2.039613503390598,41.311422320333271]]]]}},
{"type":"Feature","properties":{"Campanya":2024,"Provincia":"Barcelona","Comarca":"Baix Llobregat","Municipi":"VILADECANS","ID_MUN":"08302","Grup":"HORTÍCOLES","Cultiu":"HORTA","Seca_Regad":"R","Sist_Regad":"DEGOTEIG","Varietat":"NO ESPECIFICADA","Producte2n":null,"HA":0.1724,"Shape_Leng":366.79024322599997,"Shape_Le_1":366.67314827000001,"Shape_Area":1723.33440976,"rendiment_":19846,"area_m2":1724.44,"area_ha":0.0017,"rend_sup":33.74},"geometry":{"type":"MultiPolygon","coordinates":[[[[2.034330442966096,41.311183953497761],[2.034370427134224,41.311136007401863],[2.034378305355027,41.311094431435023],[2.034451817615686,41.311043468910697],[2.034535203837416,41.310995320262258],[2.034621044673298,41.311080555731124],[2.034682974280398,41.311043517344565],[2.034804119569971,41.310954174391746],[2.035095078972457,41.310760209856454],[2.035325826932048,41.310636566588698],[2.035405520640211,41.310568556156746],[2.035498769702422,41.310517003522541],[2.035401632116711,41.31042912172768],[2.035378952099226,41.310411967218776],[2.034645012400845,41.310879770524501],[2.034402964523321,41.311025107866492],[2.034361188810354,41.311062992785921],[2.034259718061451,41.311207119407307],[2.034197770805317,41.311251209681949],[2.033999387614174,41.31137381079391],[2.033952858941612,41.311428698919812],[2.034030172924995,41.311459820457245],[2.034026804410536,41.311407838247156],[2.034282986161208,41.311231172122206],[2.034330442966096,41.311183953497761]]]]}},
{"type":"Feature","properties":{"Campanya":2024,"Provincia":"Barcelona","Comarca":"Baix Llobregat","Municipi":"VILADECANS","ID_MUN":"08302","Grup":"HORTÍCOLES","Cultiu":"HORTA","Seca_Regad":"R","Sist_Regad":"DEGOTEIG","Varietat":"NO ESPECIFICADA","Producte2n":null,"HA":3.4459,"Shape_Leng":1062.4633025799999,"Shape_Le_1":1062.4633025799999,"Shape_Area":34436.700760200001,"rendiment_":19846,"area_m2":34458.82,"area_ha":0.0345,"rend_sup":684.69},"geometry":{"type":"MultiPolygon","coordinates":[[[[2.045173450110219,41.308525705795667],[2.044413210012938,41.30815914975345],[2.044119255646165,41.308459754937168],[2.043074449052009,41.309628055560701],[2.042588569291925,41.310192546990713],[2.042428107854461,41.310332007957484],[2.042353800270697,41.310400896785985],[2.041320571687285,41.311501168217283],[2.042046334131892,41.311901285577335],[2.044435216937001,41.309351129538278],[2.04519133533871,41.308534330305868],[2.045173450110219,41.308525705795667]]]]}},
{"type":"Feature","properties":{"Campanya":2024,"Provincia":"Barcelona","Comarca":"Baix Llobregat","Municipi":"VILADECANS","ID_MUN":"08302","Grup":"HORTÍCOLES","Cultiu":"HORTA","Seca_Regad":"R","Sist_Regad":"DEGOTEIG","Varietat":"NO ESPECIFICADA","Producte2n":null,"HA":2.3637,"Shape_Leng":680.46402280699999,"Shape_Le_1":680.46402280699999,"Shape_Area":23621.639297599999,"rendiment_":19846,"area_m2":23636.82,"area_ha":0.0236,"rend_sup":468.37},"geometry":{"type":"MultiPolygon","coordinates":[[[[2.042863382629289,41.312318681919159],[2.04291526854834,41.312302672733971],[2.04304029925905,41.312229421374958],[2.043797970130156,41.311597418256483],[2.044267856820396,41.311150335371316],[2.044291431546385,41.310994636804651],[2.044432029135601,41.310897260232409],[2.044662688172956,41.310717822478225],[2.044703201287243,41.310630897721289],[2.043762663083994,41.310162386466295],[2.043689291218355,41.310216485369615],[2.043659430107955,41.310223105550769],[2.042089628291688,41.311901079322681],[2.041988958197154,41.312009460229135],[2.041981079314696,41.312021865652014],[2.041984766373685,41.312033349485588],[2.04270931813695,41.312326308253247],[2.042746032828581,41.312316920544887],[2.042813759711361,41.312327483114892],[2.042833123184911,41.312326980284645],[2.042863382629289,41.312318681919159]]]]}},
{"type":"Feature","properties":{"Campanya":2024,"Provincia":"Barcelona","Comarca":"Baix Llobregat","Municipi":"VILADECANS","ID_MUN":"08302","Grup":"HORTÍCOLES","Cultiu":"HORTA","Seca_Regad":"R","Sist_Regad":"DEGOTEIG","Varietat":"NO ESPECIFICADA","Producte2n":null,"HA":0.8234,"Shape_Leng":414.513022111,"Shape_Le_1":414.51302210699998,"Shape_Area":8229.1846784200006,"rendiment_":19846,"area_m2":8234.46,"area_ha":0.0082,"rend_sup":162.74},"geometry":{"type":"MultiPolygon","coordinates":[[[[2.038094624344952,41.314599145210188],[2.039218139099057,41.313673028908873],[2.03897323866233,41.313592523803507],[2.039013319774369,41.313559485367442],[2.03880731074711,41.313489565153652],[2.038766925152024,41.313523482817637],[2.038472592034876,41.313425235919453],[2.037607256632112,41.314160640018393],[2.037594682771655,41.314204144181467],[2.037585881424518,41.31427463777397],[2.037594011374662,41.314332307428302],[2.037623803549697,41.31437619015486],[2.037638939523522,41.31437869651397],[2.037764804123345,41.314272975674108],[2.037798704340407,41.314322752130792],[2.037890571407413,41.314439516104557],[2.037955281679027,41.314500789711438],[2.037996521012528,41.314534821851595],[2.038094624344952,41.314599145210188]]]]}},
{"type":"Feature","properties":{"Campanya":2024,"Provincia":"Barcelona","Comarca":"Baix Llobregat","Municipi":"VILADECANS","ID_MUN":"08302","Grup":"HORTÍCOLES","Cultiu":"HORTA","Seca_Regad":"R","Sist_Regad":"DEGOTEIG","Varietat":"NO ESPECIFICADA","Producte2n":null,"HA":0.4603,"Shape_Leng":284.573286978,"Shape_Le_1":281.25960116099998,"Shape_Area":4600.1228386800003,"rendiment_":19846,"area_m2":4603.07,"area_ha":0.0046,"rend_sup":91.29},"geometry":{"type":"MultiPolygon","coordinates":[[[[2.039874981981875,41.315512236357179],[2.040001856597573,41.315390430372631],[2.040233444591453,41.315158792510658],[2.040136378271435,41.315097363849596],[2.040017936903859,41.315010804029733],[2.039895714099511,41.314937545564277],[2.039869170068173,41.314966425830022],[2.039739670107511,41.314913786095921],[2.039709327314366,41.314917642200008],[2.039147943127506,41.315474493525613],[2.039135258802124,41.315485889110946],[2.039088475898754,41.315522761033399],[2.039137917939064,41.315555272306263],[2.039271962397034,41.315628811299106],[2.039492382135908,41.315743423136709],[2.039591204144426,41.31579099711557],[2.039874981981875,41.315512236357179]]]]}},
{"type":"Feature","properties":{"Campanya":2024,"Provincia":"Barcelona","Comarca":"Baix Llobregat","Municipi":"VILADECANS","ID_MUN":"08302","Grup":"HORTÍCOLES","Cultiu":"HORTA","Seca_Regad":"R","Sist_Regad":"DEGOTEIG","Varietat":"NO ESPECIFICADA","Producte2n":null,"HA":2.2936,"Shape_Leng":646.77232003500001,"Shape_Le_1":646.77232003500001,"Shape_Area":22921.5456892,"rendiment_":19846,"area_m2":22936.23,"area_ha":0.0229,"rend_sup":454.47},"geometry":{"type":"MultiPolygon","coordinates":[[[[2.037532168049661,41.314222444581191],[2.037546030541425,41.314186852650373],[2.03649574301765,41.315077324394899],[2.036180023931707,41.315333921824688],[2.03628825207484,41.315399861884913],[2.036785998861728,41.315674433241703],[2.037497174470376,41.316116796200156],[2.037666750408922,41.316227746301649],[2.038846693925779,41.315348098455424],[2.03877454358281,41.315282191873209],[2.038727907492989,41.315260634575878],[2.038685597412436,41.315245509673296],[2.038635959395894,41.315233114996879],[2.038523445185818,41.315182274066942],[2.038217538745509,41.314999027106026],[2.038144359773677,41.314946352673765],[2.038068189049093,41.31488581569613],[2.038004728628513,41.314830429146859],[2.037978749139301,41.314822161931453],[2.037921079932866,41.314774718883918],[2.037852095841303,41.314734735879362],[2.037740026135825,41.314609337656549],[2.037576911315234,41.314434653590624],[2.037547950765443,41.314372571685425],[2.037532595868612,41.314323468171992],[2.037527680258593,41.314267144102125],[2.037532168049661,41.314222444581191]]]]}},
{"type":"Feature","properties":{"Campanya":2024,"Provincia":"Barcelona","Comarca":"Baix Llobregat","Municipi":"VILADECANS","ID_MUN":"08302","Grup":"HORTÍCOLES","Cultiu":"HORTA","Seca_Regad":"R","Sist_Regad":"DEGOTEIG","Varietat":"NO ESPECIFICADA","Producte2n":null,"HA":0.997,"Shape_Leng":404.63913299699999,"Shape_Le_1":404.639133,"Shape_Area":9963.8946516699998,"rendiment_":19846,"area_m2":9970.27,"area_ha":0.01,"rend_sup":198.46},"geometry":{"type":"MultiPolygon","coordinates":[[[[2.036881443936488,41.315772874097306],[2.036868097674337,41.315770510522242],[2.036848761353802,41.315777374625213],[2.036487793062275,41.316031611634543],[2.036347265636098,41.316122584467138],[2.036238727615201,41.316199411968803],[2.035858346327463,41.316457267599759],[2.03655355163518,41.316986335587636],[2.037041246668879,41.316678121564223],[2.037654817023994,41.316251156302179],[2.036881443936488,41.315772874097306]]]]}},
{"type":"Feature","properties":{"Campanya":2024,"Provincia":"Barcelona","Comarca":"Baix Llobregat","Municipi":"VILADECANS","ID_MUN":"08302","Grup":"HORTÍCOLES","Cultiu":"TOMÀQUET","Seca_Regad":"R","Sist_Regad":"DEGOTEIG","Varietat":"NO ESPECIFICADA","Producte2n":null,"HA":0.6756,"Shape_Leng":334.41087806600001,"Shape_Le_1":334.41087806600001,"Shape_Area":6751.6937116500003,"rendiment_":37000,"area_m2":6756.03,"area_ha":0.0068,"rend_sup":251.6},"geometry":{"type":"MultiPolygon","coordinates":[[[[2.042304077320639,41.287451943750902],[2.042368148557824,41.28744262605067],[2.042767893840671,41.287445138410348],[2.042787325134567,41.287439164901024],[2.042809955373055,41.287423248351395],[2.04288233075861,41.287292774822205],[2.042945616069092,41.287288026137546],[2.043117825534448,41.28729344095138],[2.043192804241928,41.286653514944874],[2.042648112046802,41.286602407772719],[2.04240186232418,41.286585736550016],[2.042277424283692,41.286590113084891],[2.042249542144193,41.286774572527499],[2.04222399789614,41.287006244150909],[2.04220359442777,41.287265115616528],[2.042206652868103,41.28735223847432],[2.042164156135557,41.2874419232676],[2.042304077320639,41.287451943750902]]]]}},
{"type":"Feature","properties":{"Campanya":2024,"Provincia":"Barcelona","Comarca":"Baix Llobregat","Municipi":"VILADECANS","ID_MUN":"08302","Grup":"HORTÍCOLES","Cultiu":"TOMÀQUET","Seca_Regad":"R","Sist_Regad":"DEGOTEIG","Varietat":"NO ESPECIFICADA","Producte2n":null,"HA":0.2526,"Shape_Leng":277.61843694800001,"Shape_Le_1":276.32926768700003,"Shape_Area":2530.2338057799998,"rendiment_":37000,"area_m2":2531.84,"area_ha":0.0025,"rend_sup":92.5},"geometry":{"type":"MultiPolygon","coordinates":[[[[2.026661381165946,41.288884147715748],[2.0267562893059,41.288873043923523],[2.02677546012925,41.288858124558082],[2.026803118981763,41.288767871500085],[2.027154762452405,41.288697560653965],[2.027134695454182,41.288683180643766],[2.026932936638544,41.288645713823165],[2.026929832701423,41.288655053134583],[2.026782453369253,41.288647682914984],[2.026513495118689,41.288605963675131],[2.026442666103769,41.288599272541703],[2.026436630317015,41.28862835842768],[2.026448784843135,41.288629112476016],[2.026443922466588,41.288662893147205],[2.026299162871132,41.288656438020759],[2.026306203611569,41.288622657766886],[2.026358341636127,41.288626764877492],[2.026367142108948,41.288616957959874],[2.026370160231709,41.288593404252445],[2.026086396183351,41.28856279213386],[2.025968203385552,41.288669110179939],[2.025945745296014,41.288689251452531],[2.025879636661418,41.288882344946146],[2.025911971207157,41.288876220462839],[2.026080134978749,41.288894312866375],[2.026298811665444,41.28891362498581],[2.026392442516478,41.288917592139619],[2.026478789596633,41.288915940818939],[2.026577044950162,41.28889216564626],[2.026661381165946,41.288884147715748]]]]}},
{"type":"Feature","properties":{"Campanya":2024,"Provincia":"Barcelona","Comarca":"Baix Llobregat","Municipi":"VILADECANS","ID_MUN":"08302","Grup":"HORTÍCOLES","Cultiu":"TOMÀQUET","Seca_Regad":"R","Sist_Regad":"DEGOTEIG","Varietat":"NO ESPECIFICADA","Producte2n":null,"HA":0.5395,"Shape_Leng":298.03554571699999,"Shape_Le_1":298.03449751,"Shape_Area":5391.4648557700002,"rendiment_":37000,"area_m2":5394.89,"area_ha":0.0054,"rend_sup":199.8},"geometry":{"type":"MultiPolygon","coordinates":[[[[2.023657715917844,41.299453622623204],[2.022993032782316,41.299184627576651],[2.022526942522929,41.299819469517459],[2.022492621181317,41.299872751639533],[2.0231158567899,41.300133451278526],[2.023657715917844,41.299453622623204]]]]}},
{"type":"Feature","properties":{"Campanya":2024,"Provincia":"Barcelona","Comarca":"Baix Llobregat","Municipi":"VILADECANS","ID_MUN":"08302","Grup":"HORTÍCOLES","Cultiu":"TOMÀQUET","Seca_Regad":"R","Sist_Regad":"DEGOTEIG","Varietat":"NO ESPECIFICADA","Producte2n":null,"HA":0.5373,"Shape_Leng":333.47314146999997,"Shape_Le_1":333.473200378,"Shape_Area":5370.9018147799998,"rendiment_":37000,"area_m2":5374.32,"area_ha":0.0054,"rend_sup":199.8},"geometry":{"type":"MultiPolygon","coordinates":[[[[2.026271150579356,41.300296887363373],[2.026652135378517,41.299850991536672],[2.026543087555924,41.299788203118048],[2.026372969931889,41.299719058673055],[2.026375202992436,41.299713393766837],[2.026320106485772,41.29970972731607],[2.026288364250401,41.299695748336632],[2.026173078150906,41.299644979931657],[2.025890049378566,41.300010817488975],[2.025399183686516,41.300609365191583],[2.025892594030852,41.300739284333154],[2.026271150579356,41.300296887363373]]]]}},
{"type":"Feature","properties":{"Campanya":2024,"Provincia":"Barcelona","Comarca":"Baix Llobregat","Municipi":"VILADECANS","ID_MUN":"08302","Grup":"HORTÍCOLES","Cultiu":"TOMÀQUET","Seca_Regad":"R","Sist_Regad":"DEGOTEIG","Varietat":"NO ESPECIFICADA","Producte2n":null,"HA":0.7124,"Shape_Leng":360.39725169799999,"Shape_Le_1":360.39664375400002,"Shape_Area":7124.5402215300001,"rendiment_":37000,"area_m2":7129.07,"area_ha":0.0071,"rend_sup":262.7},"geometry":{"type":"MultiPolygon","coordinates":[[[[2.023269679724212,41.301038641016468],[2.023279130540015,41.301042310738808],[2.023315673925627,41.300997708797496],[2.023464366147119,41.300817788511104],[2.023929176367724,41.300261468330447],[2.02398397281792,41.300195597256213],[2.024002560234253,41.300173579012551],[2.023379108620039,41.299898261124582],[2.022650079022985,41.300843556494371],[2.023051073672997,41.301034197021025],[2.023198682934998,41.301100836797175],[2.023208573035959,41.301102764581174],[2.023269679724212,41.301038641016468]]]]}},
{"type":"Feature","properties":{"Campanya":2024,"Provincia":"Barcelona","Comarca":"Baix Llobregat","Municipi":"VILADECANS","ID_MUN":"08302","Grup":"HORTÍCOLES","Cultiu":"TOMÀQUET","Seca_Regad":"R","Sist_Regad":"DEGOTEIG","Varietat":"NO ESPECIFICADA","Producte2n":null,"HA":0.3762,"Shape_Leng":283.84439620400002,"Shape_Le_1":283.60896029899999,"Shape_Area":3759.7381354899999,"rendiment_":37000,"area_m2":3762.14,"area_ha":0.0038,"rend_sup":140.6},"geometry":{"type":"MultiPolygon","coordinates":[[[[2.034431984541272,41.304299964448454],[2.034290001766295,41.304247100338912],[2.034036744449674,41.304172054259233],[2.033954707819336,41.304288568079926],[2.033849548728127,41.304453935006606],[2.035031443914344,41.304836246873286],[2.035064598590613,41.304784929341821],[2.03519829626667,41.304545368070102],[2.034431984541272,41.304299964448454]]]]}},
{"type":"Feature","properties":{"Campanya":2024,"Provincia":"Barcelona","Comarca":"Baix Llobregat","Municipi":"VILADECANS","ID_MUN":"08302","Grup":"HORTÍCOLES","Cultiu":"TOMÀQUET","Seca_Regad":"R","Sist_Regad":"DEGOTEIG","Varietat":"NO ESPECIFICADA","Producte2n":null,"HA":0.4539,"Shape_Leng":285.92596683900001,"Shape_Le_1":285.82056314900001,"Shape_Area":4536.7523379200002,"rendiment_":37000,"area_m2":4539.66,"area_ha":0.0045,"rend_sup":166.5},"geometry":{"type":"MultiPolygon","coordinates":[[[[2.036118647541306,41.305738824081487],[2.0359959327881,41.305675202624016],[2.035943628055566,41.305717699241193],[2.035654528887371,41.305550725877588],[2.035607587998904,41.305592301667708],[2.035529550501845,41.305552653028521],[2.035373021984348,41.305451464690655],[2.035379137713925,41.305446869377057],[2.035347505133624,41.305436072596692],[2.034969872365747,41.305804451385598],[2.034925614841872,41.305856084750324],[2.0352563732128,41.306046026277976],[2.035604732978458,41.306250803911134],[2.036068605849692,41.305792720799559],[2.036118647541306,41.305738824081487]]]]}},
{"type":"Feature","properties":{"Campanya":2024,"Provincia":"Barcelona","Comarca":"Baix Llobregat","Municipi":"VILADECANS","ID_MUN":"08302","Grup":"HORTÍCOLES","Cultiu":"TOMÀQUET","Seca_Regad":"R","Sist_Regad":"DEGOTEIG","Varietat":"NO ESPECIFICADA","Producte2n":null,"HA":0.6117,"Shape_Leng":314.88700207300002,"Shape_Le_1":314.88700207,"Shape_Area":6112.8251325299998,"rendiment_":37000,"area_m2":6116.73,"area_ha":0.0061,"rend_sup":225.7},"geometry":{"type":"MultiPolygon","coordinates":[[[[2.034819101334717,41.305842619741945],[2.033949897927696,41.305390666223175],[2.033476724802419,41.305894821203687],[2.034327936199507,41.306346722800569],[2.034444754986281,41.306230136634696],[2.034644885050567,41.306041754203932],[2.034831437279258,41.305848872666687],[2.034819101334717,41.305842619741945]]]]}},
{"type":"Feature","properties":{"Campanya":2024,"Provincia":"Barcelona","Comarca":"Baix Llobregat","Municipi":"VILADECANS","ID_MUN":"08302","Grup":"HORTÍCOLES","Cultiu":"TOMÀQUET","Seca_Regad":"R","Sist_Regad":"DEGOTEIG","Varietat":"NO ESPECIFICADA","Producte2n":null,"HA":0.421,"Shape_Leng":261.678974348,"Shape_Le_1":261.67897434899999,"Shape_Area":4207.7889494000001,"rendiment_":37000,"area_m2":4210.48,"area_ha":0.0042,"rend_sup":155.4},"geometry":{"type":"MultiPolygon","coordinates":[[[[2.035110774975955,41.305988859680269],[2.034907341161832,41.305869245655295],[2.034484374287933,41.306292374555326],[2.034858050030132,41.306500673481004],[2.035167600952462,41.306685082408912],[2.035592747734681,41.306265975862814],[2.035110774975955,41.305988859680269]]]]}},
{"type":"Feature","properties":{"Campanya":2024,"Provincia":"Barcelona","Comarca":"Baix Llobregat","Municipi":"VILADECANS","ID_MUN":"08302","Grup":"HORTÍCOLES","Cultiu":"TOMÀQUET","Seca_Regad":"R","Sist_Regad":"DEGOTEIG","Varietat":"NO ESPECIFICADA","Producte2n":null,"HA":0.4467,"Shape_Leng":268.50176324099999,"Shape_Le_1":268.50176324500001,"Shape_Area":4464.4747233199996,"rendiment_":37000,"area_m2":4467.33,"area_ha":0.0045,"rend_sup":166.5},"geometry":{"type":"MultiPolygon","coordinates":[[[[2.035014542902978,41.306629507855213],[2.034459563319913,41.306311150829174],[2.034352019178337,41.306427159966454],[2.034184626658244,41.306592958011457],[2.034012121865699,41.306756074578431],[2.034125363102633,41.306823299144995],[2.034698365902216,41.30714819439622],[2.034944801779791,41.306909052011747],[2.035148824635907,41.306704612908021],[2.035014542902978,41.306629507855213]]]]}},
{"type":"Feature","properties":{"Campanya":2024,"Provincia":"Barcelona","Comarca":"Baix Llobregat","Municipi":"VILADECANS","ID_MUN":"08302","Grup":"HORTÍCOLES","Cultiu":"TOMÀQUET","Seca_Regad":"R","Sist_Regad":"DEGOTEIG","Varietat":"NO ESPECIFICADA","Producte2n":null,"HA":0.0995,"Shape_Leng":142.27241852500001,"Shape_Le_1":142.272418528,"Shape_Area":994.60369058699996,"rendiment_":37000,"area_m2":995.24,"area_ha":0.001,"rend_sup":37.0},"geometry":{"type":"MultiPolygon","coordinates":[[[[2.034666093295611,41.307147859782837],[2.034152353496182,41.306879460066071],[2.034034080015275,41.307022375506648],[2.034534912530565,41.307294044427103],[2.034666093295611,41.307147859782837]]]]}},
{"type":"Feature","properties":{"Campanya":2024,"Provincia":"Barcelona","Comarca":"Baix Llobregat","Municipi":"VILADECANS","ID_MUN":"08302","Grup":"HORTÍCOLES","Cultiu":"TOMÀQUET","Seca_Regad":"R","Sist_Regad":"DEGOTEIG","Varietat":"NO ESPECIFICADA","Producte2n":null,"HA":0.6449,"Shape_Leng":356.94823832100002,"Shape_Le_1":356.94823831299999,"Shape_Area":6444.6092081300003,"rendiment_":37000,"area_m2":6448.73,"area_ha":0.0064,"rend_sup":236.8},"geometry":{"type":"MultiPolygon","coordinates":[[[[2.033080170134414,41.308223296193141],[2.033089110669307,41.308209864420625],[2.033127109155845,41.30822833391229],[2.033214280206072,41.308142704983219],[2.033256749867475,41.30815277818283],[2.033341686059087,41.308077224288134],[2.033386390156397,41.308090656219257],[2.033475117629038,41.307994081527838],[2.032402912917454,41.30740562116393],[2.032396066849437,41.307397050539983],[2.032139609755579,41.307586800116475],[2.032142643713336,41.30762227949716],[2.032114563743688,41.307615574126174],[2.032038871854288,41.307711549400025],[2.031990634835428,41.307696977498892],[2.031870048878405,41.307786159883975],[2.031951497083903,41.307843108123848],[2.031958435538647,41.30783711428046],[2.032970525944382,41.308344416167159],[2.033080170134414,41.308223296193141]]]]}},
{"type":"Feature","properties":{"Campanya":2024,"Provincia":"Barcelona","Comarca":"Baix Llobregat","Municipi":"VILADECANS","ID_MUN":"08302","Grup":"HORTÍCOLES","Cultiu":"TOMÀQUET","Seca_Regad":"R","Sist_Regad":"DEGOTEIG","Varietat":"NO ESPECIFICADA","Producte2n":null,"HA":0.4794,"Shape_Leng":281.704883134,"Shape_Le_1":281.70488313800001,"Shape_Area":4790.98149543,"rendiment_":37000,"area_m2":4794.05,"area_ha":0.0048,"rend_sup":177.6},"geometry":{"type":"MultiPolygon","coordinates":[[[[2.039771462873132,41.311685228417772],[2.039150514223485,41.311472319792145],[2.038733664591313,41.3121530336783],[2.039360061316806,41.312371307189146],[2.039771462873132,41.311685228417772]]]]}},
{"type":"Feature","properties":{"Campanya":2024,"Provincia":"Barcelona","Comarca":"Baix Llobregat","Municipi":"VILADECANS","ID_MUN":"08302","Grup":"HORTÍCOLES","Cultiu":"TOMÀQUET","Seca_Regad":"R","Sist_Regad":"DEGOTEIG","Varietat":"NO ESPECIFICADA","Producte2n":null,"HA":0.378,"Shape_Leng":255.23462420499999,"Shape_Le_1":255.23463723500001,"Shape_Area":3778.0622732100001,"rendiment_":37000,"area_m2":3780.48,"area_ha":0.0038,"rend_sup":140.6},"geometry":{"type":"MultiPolygon","coordinates":[[[[2.038491254333909,41.312146497000462],[2.037989245758405,41.311965569805899],[2.03758502360963,41.312631708069851],[2.037758755681252,41.312700804868925],[2.038080412199026,41.312810391901039],[2.038491254333909,41.312146497000462]]]]}},
{"type":"Feature","properties":{"Campanya":2024,"Provincia":"Barcelona","Comarca":"Baix Llobregat","Municipi":"VILADECANS","ID_MUN":"08302","Grup":"HORTÍCOLES","Cultiu":"TOMÀQUET","Seca_Regad":"R","Sist_Regad":"DEGOTEIG","Varietat":"NO ESPECIFICADA","Producte2n":null,"HA":0.4892,"Shape_Leng":284.39449123600002,"Shape_Le_1":284.394491238,"Shape_Area":4888.4676122199999,"rendiment_":37000,"area_m2":4891.6,"area_ha":0.0049,"rend_sup":181.3},"geometry":{"type":"MultiPolygon","coordinates":[[[[2.039185376454329,41.312378347755818],[2.03855470536162,41.312160911326686],[2.038137017593842,41.312851181096612],[2.038773138110095,41.313065851343886],[2.039185376454329,41.312378347755818]]]]}},
{"type":"Feature","properties":{"Campanya":2024,"Provincia":"Barcelona","Comarca":"Baix Llobregat","Municipi":"VILADECANS","ID_MUN":"08302","Grup":"HORTÍCOLES","Cultiu":"TOMÀQUET","Seca_Regad":"R","Sist_Regad":"DEGOTEIG","Varietat":"NO ESPECIFICADA","Producte2n":null,"HA":0.546,"Shape_Leng":299.59907247199999,"Shape_Le_1":299.59907246799997,"Shape_Area":5456.1181099100004,"rendiment_":37000,"area_m2":5459.62,"area_ha":0.0055,"rend_sup":203.5},"geometry":{"type":"MultiPolygon","coordinates":[[[[2.039946310801283,41.31264043162389],[2.039365551924903,41.312435518537981],[2.039342836454406,41.312485066123749],[2.039207637693123,41.312442645061651],[2.03880830257922,41.313081545272659],[2.039528434472574,41.313322925896209],[2.039618176094812,41.313181227923323],[2.039946310801283,41.31264043162389]]]]}},
{"type":"Feature","properties":{"Campanya":2024,"Provincia":"Barcelona","Comarca":"Baix Llobregat","Municipi":"VILADECANS","ID_MUN":"08302","Grup":"ALTRES PRODUCTES","Cultiu":"PAULÒNIA ROT. CURTA","Seca_Regad":"R","Sist_Regad":"DEGOTEIG","Varietat":"NO ESPECIFICADA","Producte2n":null,"HA":0.245,"Shape_Leng":216.698652662,"Shape_Le_1":211.32234679600001,"Shape_Area":2446.6148916000002,"rendiment_":0,"area_m2":2448.18,"area_ha":0.0024,"rend_sup":0.0},"geometry":{"type":"MultiPolygon","coordinates":[[[[2.030345730547102,41.2859472092983],[2.030376444030809,41.285505593955797],[2.029553643195978,41.285594686086014],[2.029606230462868,41.285664397113877],[2.029702935149397,41.285778978546269],[2.029731002390219,41.285802905168829],[2.029890819640409,41.285966403730129],[2.029900166895332,41.285943244643533],[2.029956140469414,41.285929257310045],[2.030096534821907,41.285921896590857],[2.030160046763764,41.28592834611122],[2.030172146064007,41.28595505656164],[2.030276848914101,41.285955889100464],[2.030345730547102,41.2859472092983]]]]}},
{"type":"Feature","properties":{"Campanya":2024,"Provincia":"Barcelona","Comarca":"Baix Llobregat","Municipi":"VILADECANS","ID_MUN":"08302","Grup":"FRUITA DOLÇA","Cultiu":"FIGUERA","Seca_Regad":"R","Sist_Regad":"DEGOTEIG","Varietat":"COLL DE DAMA BLANCA-NEGRA","Producte2n":null,"HA":0.2151,"Shape_Leng":187.60527485200001,"Shape_Le_1":187.60527484900001,"Shape_Area":2149.84322548,"rendiment_":12400,"area_m2":2151.22,"area_ha":0.0022,"rend_sup":27.28},"geometry":{"type":"MultiPolygon","coordinates":[[[[2.034980115500556,41.293106699907121],[2.034994531471772,41.29297125620505],[2.034398952544207,41.293025985741401],[2.034328801712807,41.293320666754568],[2.034419097383359,41.293328539341772],[2.034461836485426,41.293364816598498],[2.034506707495853,41.293369017927326],[2.034638197108522,41.293381330392208],[2.034936507463413,41.293426426087606],[2.034980115500556,41.293106699907121]]]]}},
{"type":"Feature","properties":{"Campanya":2024,"Provincia":"Barcelona","Comarca":"Baix Llobregat","Municipi":"VILADECANS","ID_MUN":"08302","Grup":"FRUITA DOLÇA","Cultiu":"FIGUERA","Seca_Regad":"R","Sist_Regad":"DEGOTEIG","Varietat":"COLL DE DAMA BLANCA-NEGRA","Producte2n":null,"HA":0.2222,"Shape_Leng":204.88463774100001,"Shape_Le_1":204.90425310500001,"Shape_Area":2221.6517830900002,"rendiment_":12400,"area_m2":2223.07,"area_ha":0.0022,"rend_sup":27.28},"geometry":{"type":"MultiPolygon","coordinates":[[[[2.026698472503163,41.299818836855167],[2.026684672000262,41.299812884137367],[2.026652135378517,41.299850991536672],[2.026271150579356,41.300296887363373],[2.026305238141994,41.300314053950935],[2.026690322590813,41.30050802484287],[2.026856392967058,41.300302975751208],[2.026849237741133,41.300268296356514],[2.026849237067322,41.300232025455898],[2.026858624787242,41.300195754661701],[2.026897398477904,41.300123240718946],[2.026948371424127,41.300057849511774],[2.026770111710405,41.299973092411321],[2.026822717535155,41.29987242599551],[2.026698472503163,41.299818836855167]]]]}},
{"type":"Feature","properties":{"Campanya":2024,"Provincia":"Barcelona","Comarca":"Baix Llobregat","Municipi":"VILADECANS","ID_MUN":"08302","Grup":"ALTRES PRODUCTES","Cultiu":"CORIANDRE","Seca_Regad":"R","Sist_Regad":"DEGOTEIG","Varietat":"NO ESPECIFICADA","Producte2n":null,"HA":0.2681,"Shape_Leng":214.29145603500001,"Shape_Le_1":214.36639125,"Shape_Area":2679.8213403200002,"rendiment_":5600,"area_m2":2681.53,"area_ha":0.0027,"rend_sup":15.12},"geometry":{"type":"MultiPolygon","coordinates":[[[[2.028459092777714,41.302272389086582],[2.028084062135078,41.302098968664836],[2.028029594956527,41.302073782737978],[2.028025600623123,41.302079005809631],[2.027974210957981,41.302146203609034],[2.027937938559938,41.302215977284625],[2.027616660707782,41.302552370745623],[2.02799984592986,41.302776706283275],[2.028215214454406,41.302551777943187],[2.028392803954233,41.302352677093452],[2.028459092777714,41.302272389086582]]]]}},
{"type":"Feature","properties":{"Campanya":2024,"Provincia":"Barcelona","Comarca":"Baix Llobregat","Municipi":"VILADECANS","ID_MUN":"08302","Grup":"ALTRES PRODUCTES","Cultiu":"CORIANDRE","Seca_Regad":"R","Sist_Regad":"DEGOTEIG","Varietat":"NO ESPECIFICADA","Producte2n":null,"HA":0.0782,"Shape_Leng":111.13465132499999,"Shape_Le_1":111.134651323,"Shape_Area":781.80606440300005,"rendiment_":5600,"area_m2":782.31,"area_ha":0.0008,"rend_sup":4.48},"geometry":{"type":"MultiPolygon","coordinates":[[[[2.038130011891305,41.302764123776072],[2.03797976320173,41.302737935987807],[2.037939518023454,41.302756066094496],[2.037834879317964,41.302915207829315],[2.037769145775228,41.303001828462101],[2.037809391169219,41.303032044896717],[2.037966347545693,41.303081398862822],[2.038008793180294,41.303065464275143],[2.038202523307717,41.302815790168388],[2.038195745917553,41.302806427787345],[2.038130011891305,41.302764123776072]]]]}},
{"type":"Feature","properties":{"Campanya":2024,"Provincia":"Barcelona","Comarca":"Baix Llobregat","Municipi":"VILADECANS","ID_MUN":"08302","Grup":"ALTRES PRODUCTES","Cultiu":"CORIANDRE","Seca_Regad":"R","Sist_Regad":"DEGOTEIG","Varietat":"NO ESPECIFICADA","Producte2n":null,"HA":0.2255,"Shape_Leng":192.49148133599999,"Shape_Le_1":192.51928184100001,"Shape_Area":2253.8913736200002,"rendiment_":5600,"area_m2":2255.33,"area_ha":0.0023,"rend_sup":12.88},"geometry":{"type":"MultiPolygon","coordinates":[[[[2.027977445470036,41.302798378957348],[2.027612845241607,41.302586157527358],[2.027592102510242,41.302577414268399],[2.02718703443177,41.302990124338088],[2.027199556583947,41.302999194527594],[2.027578947636285,41.303193475752501],[2.027806920191591,41.302963223524294],[2.027977445470036,41.302798378957348]]]]}},
{"type":"Feature","properties":{"Campanya":2024,"Provincia":"Barcelona","Comarca":"Baix Llobregat","Municipi":"VILADECANS","ID_MUN":"08302","Grup":"ALTRES PRODUCTES","Cultiu":"FONOLL","Seca_Regad":"R","Sist_Regad":"DEGOTEIG","Varietat":"NO ESPECIFICADA","Producte2n":null,"HA":0.1305,"Shape_Leng":148.74990843800001,"Shape_Le_1":148.74990844300001,"Shape_Area":1303.67187253,"rendiment_":20000,"area_m2":1304.51,"area_ha":0.0013,"rend_sup":26.0},"geometry":{"type":"MultiPolygon","coordinates":[[[[2.037467066047736,41.284904543851127],[2.037575869650185,41.284531202953403],[2.037477882299879,41.284533801163754],[2.037364471230664,41.284530782864927],[2.037346772774319,41.284513132142436],[2.0372186801673,41.284525013840273],[2.037205126559865,41.284569843127002],[2.03707201369384,41.284878831618066],[2.037403789493603,41.284911590150557],[2.037404432145912,41.284903614768673],[2.037467066047736,41.284904543851127]]]]}},
{"type":"Feature","properties":{"Campanya":2024,"Provincia":"Barcelona","Comarca":"Baix Llobregat","Municipi":"VILADECANS","ID_MUN":"08302","Grup":"ALTRES PRODUCTES","Cultiu":"JULIVERT","Seca_Regad":"R","Sist_Regad":"DEGOTEIG","Varietat":"NO ESPECIFICADA","Producte2n":null,"HA":1.8062,"Shape_Leng":675.18835279400002,"Shape_Le_1":674.670464283,"Shape_Area":18050.818206899999,"rendiment_":11800,"area_m2":18062.41,"area_ha":0.0181,"rend_sup":213.58},"geometry":{"type":"MultiPolygon","coordinates":[[[[2.044810315685646,41.281949756775049],[2.044851059618548,41.281863980084239],[2.044901485336714,41.281781643553913],[2.044909642716376,41.281749761162438],[2.044915849656625,41.281694159002697],[2.044918121309664,41.281687249179157],[2.044952148177515,41.281661004009607],[2.044996733235286,41.281603235936487],[2.045059969053193,41.281466344586207],[2.045067323219235,41.281441960678336],[2.045062986230878,41.281423775221029],[2.045110096447052,41.281425238823978],[2.045130893546589,41.281388508864971],[2.045111447965963,41.281361770542119],[2.045111649946318,41.281332351486093],[2.045117770044771,41.281315784970914],[2.045117411345528,41.281270190760438],[2.045102672336135,41.281228342439],[2.045076973202379,41.281219547685346],[2.045078256226191,41.281203209473937],[2.044880095494887,41.281201565485958],[2.04415640803962,41.281172289288115],[2.044124447500859,41.281189411337259],[2.044101355154842,41.281216054223577],[2.044060551000639,41.281238823565985],[2.044039862274833,41.281292227359629],[2.044003429673868,41.281365070384638],[2.043951954802127,41.281375078231314],[2.043924168754711,41.281376244544099],[2.043797545158521,41.281365705074293],[2.043843199158253,41.281102974035242],[2.043674685552028,41.281092854832004],[2.042588902137218,41.281042581742383],[2.042519790195474,41.281302417575034],[2.042434611959474,41.281582928239835],[2.042352583728008,41.281876706249818],[2.043074139126946,41.281913850552407],[2.043074386374134,41.281905508838534],[2.043262897004843,41.281902172883456],[2.043500850002111,41.281881427653971],[2.043595296311769,41.281831713793608],[2.043679521841132,41.28176046101823],[2.043701721665992,41.281763937281305],[2.043751787532679,41.28175951158309],[2.043799261236259,41.281762183963671],[2.043810374830567,41.281772903482612],[2.043796250938551,41.281823283848908],[2.043795440155685,41.281878824478142],[2.043816232633087,41.281903823124232],[2.043823736249722,41.281924698485945],[2.043840274581192,41.281933548939399],[2.043887578068634,41.281942655822952],[2.043943389510559,41.28193778414478],[2.044537356239069,41.281958206086053],[2.044751402282603,41.281970082748806],[2.044810315685646,41.281949756775049]]]]}},
{"type":"Feature","properties":{"Campanya":2024,"Provincia":"Barcelona","Comarca":"Baix Llobregat","Municipi":"VILADECANS","ID_MUN":"08302","Grup":"ALTRES PRODUCTES","Cultiu":"JULIVERT","Seca_Regad":"R","Sist_Regad":"DEGOTEIG","Varietat":"NO ESPECIFICADA","Producte2n":null,"HA":0.2414,"Shape_Leng":200.426360843,"Shape_Le_1":200.36557957299999,"Shape_Area":2411.80969379,"rendiment_":11800,"area_m2":2413.35,"area_ha":0.0024,"rend_sup":28.32},"geometry":{"type":"MultiPolygon","coordinates":[[[[2.026953259504908,41.303827084420085],[2.027153736435416,41.303625801485737],[2.026760430942727,41.303415071422684],[2.026331581634858,41.303841819218768],[2.026735354060573,41.304055742397153],[2.026920175585986,41.303860009028234],[2.026953259504908,41.303827084420085]]]]}},
{"type":"Feature","properties":{"Campanya":2024,"Provincia":"Barcelona","Comarca":"Baix Llobregat","Municipi":"VILADECANS","ID_MUN":"08302","Grup":"ALTRES PRODUCTES","Cultiu":"JULIVERT","Seca_Regad":"R","Sist_Regad":"DEGOTEIG","Varietat":"NO ESPECIFICADA","Producte2n":"CORIANDRE","HA":0.2139,"Shape_Leng":227.683630687,"Shape_Le_1":227.68363068599999,"Shape_Area":2137.2970070400002,"rendiment_":11800,"area_m2":2138.66,"area_ha":0.0021,"rend_sup":24.78},"geometry":{"type":"MultiPolygon","coordinates":[[[[2.035955099369931,41.308383327894759],[2.035850107766026,41.308295055946836],[2.035799086111856,41.30834453149243],[2.035043866242647,41.30887290467556],[2.035264482278905,41.309001744789974],[2.035933170445379,41.308546534675457],[2.036018154147634,41.308472690643619],[2.036020584858978,41.308453329372526],[2.035999510690331,41.308427309199963],[2.035955099369931,41.308383327894759]]]]}},
{"type":"Feature","properties":{"Campanya":2024,"Provincia":"Barcelona","Comarca":"Baix Llobregat","Municipi":"VILADECANS","ID_MUN":"08302","Grup":"ALTRES PRODUCTES","Cultiu":"JULIVERT","Seca_Regad":"R","Sist_Regad":"DEGOTEIG","Varietat":"NO ESPECIFICADA","Producte2n":"CORIANDRE","HA":0.1684,"Shape_Leng":215.869875017,"Shape_Le_1":215.86987501900001,"Shape_Area":1683.1614856799999,"rendiment_":11800,"area_m2":1684.24,"area_ha":0.0017,"rend_sup":20.06},"geometry":{"type":"MultiPolygon","coordinates":[[[[2.036276457938911,41.308594897808717],[2.036107289003085,41.308474590994877],[2.035344531803639,41.309002415711056],[2.035327792379051,41.309017684697189],[2.035480698599586,41.309132666196795],[2.036276457938911,41.308594897808717]]]]}},
{"type":"Feature","properties":{"Campanya":2024,"Provincia":"Barcelona","Comarca":"Baix Llobregat","Municipi":"VILADECANS","ID_MUN":"08302","Grup":"ALTRES PRODUCTES","Cultiu":"JULIVERT","Seca_Regad":"R","Sist_Regad":"DEGOTEIG","Varietat":"NO ESPECIFICADA","Producte2n":"FAVA","HA":0.4492,"Shape_Leng":275.31030402499999,"Shape_Le_1":275.310304024,"Shape_Area":4489.5126814799996,"rendiment_":11800,"area_m2":4492.39,"area_ha":0.0045,"rend_sup":53.1},"geometry":{"type":"MultiPolygon","coordinates":[[[[2.036315567996731,41.302257619463575],[2.035821616862587,41.302927546647901],[2.036226133104052,41.303102346280085],[2.036354620260538,41.303161970523171],[2.036486979279044,41.303051337512372],[2.036479514452887,41.30304762965077],[2.036661664458052,41.30275066861013],[2.036845038024463,41.302503652021201],[2.036323407501438,41.302246986773483],[2.036315567996731,41.302257619463575]]]]}},
{"type":"Feature","properties":{"Campanya":2024,"Provincia":"Barcelona","Comarca":"Baix Llobregat","Municipi":"VILADECANS","ID_MUN":"08302","Grup":"ALTRES PRODUCTES","Cultiu":"ALFÀBREGA","Seca_Regad":"R","Sist_Regad":"DEGOTEIG","Varietat":"NO ESPECIFICADA","Producte2n":null,"HA":0.1382,"Shape_Leng":162.240124837,"Shape_Le_1":162.240124831,"Shape_Area":1381.0224479200001,"rendiment_":6000,"area_m2":1381.91,"area_ha":0.0014,"rend_sup":8.4},"geometry":{"type":"MultiPolygon","coordinates":[[[[2.033851514518294,41.293291891666811],[2.033822588950856,41.293286480313014],[2.033777268359711,41.29347105317494],[2.033830210675535,41.293479628731909],[2.033821404666225,41.293510075305271],[2.034456184563612,41.29359169342942],[2.034472261603792,41.293376005024619],[2.034407245552154,41.293354652071301],[2.033889845750461,41.293299060974533],[2.033851514518294,41.293291891666811]]]]}},
{"type":"Feature","properties":{"Campanya":2024,"Provincia":"Barcelona","Comarca":"Baix Llobregat","Municipi":"VILADECANS","ID_MUN":"08302","Grup":"ALTRES PRODUCTES","Cultiu":"ALFÀBREGA","Seca_Regad":"R","Sist_Regad":"DEGOTEIG","Varietat":"NO ESPECIFICADA","Producte2n":null,"HA":0.1617,"Shape_Leng":175.64266965100001,"Shape_Le_1":175.64266965499999,"Shape_Area":1615.8984757799999,"rendiment_":6000,"area_m2":1616.93,"area_ha":0.0016,"rend_sup":9.6},"geometry":{"type":"MultiPolygon","coordinates":[[[[2.023936387819798,41.297663290861429],[2.023302256272963,41.297406937597273],[2.023155469674214,41.297617102186365],[2.023805154945236,41.297876828197523],[2.023950999184302,41.297669526417522],[2.023936387819798,41.297663290861429]]]]}},
{"type":"Feature","properties":{"Campanya":2024,"Provincia":"Barcelona","Comarca":"Baix Llobregat","Municipi":"VILADECANS","ID_MUN":"08302","Grup":"GUARET","Cultiu":"GUARET / SUP. LLIURE SEMBRA","Seca_Regad":"R","Sist_Regad":"MICRO-ASPERSIÓ","Varietat":"NO ESPECIFICADA","Producte2n":null,"HA":0.8511,"Shape_Leng":478.21820172299999,"Shape_Le_1":478.21820172000002,"Shape_Area":8505.2308894899998,"rendiment_":0,"area_m2":8510.69,"area_ha":0.0085,"rend_sup":0.0},"geometry":{"type":"MultiPolygon","coordinates":[[[[2.039175046193766,41.315310679691642],[2.039197186467089,41.315298832190301],[2.039203405472253,41.315303683342975],[2.039403573836,41.31510278265322],[2.039629522946365,41.314897493848328],[2.039796148320858,41.314769445114841],[2.040335217636201,41.314385799879908],[2.040619936636872,41.314164510710469],[2.040654696530351,41.314129402446106],[2.040145636122459,41.313951651552102],[2.038556734915177,41.315168949805056],[2.038624516493306,41.315198790617096],[2.038743052081069,41.315230045214314],[2.038779414755621,41.315251516709047],[2.038790739859174,41.315261418740782],[2.038796766742448,41.315256981496724],[2.038876473303245,41.315287459500269],[2.038995080428935,41.315319312538733],[2.039100109652608,41.315364744520828],[2.039118215067329,41.315358122875054],[2.039175046193766,41.315310679691642]]]]}},
{"type":"Feature","properties":{"Campanya":2024,"Provincia":"Barcelona","Comarca":"Baix Llobregat","Municipi":"VILADECANS","ID_MUN":"08302","Grup":"HORTÍCOLES","Cultiu":"CARXOFA","Seca_Regad":"R","Sist_Regad":"MICRO-ASPERSIÓ","Varietat":"NO ESPECIFICADA","Producte2n":null,"HA":0.4561,"Shape_Leng":285.84330921600002,"Shape_Le_1":285.84330921499998,"Shape_Area":4557.7597208999996,"rendiment_":12000,"area_m2":4560.68,"area_ha":0.0046,"rend_sup":55.2},"geometry":{"type":"MultiPolygon","coordinates":[[[[2.038220538912504,41.294907512033916],[2.037794915254429,41.294670236304164],[2.037513920193677,41.295015354733536],[2.037735250552227,41.295362169620212],[2.037968586908497,41.295685070124598],[2.038496298396632,41.295019303303455],[2.038413611749871,41.295012310862113],[2.038220538912504,41.294907512033916]]]]}},
{"type":"Feature","properties":{"Campanya":2024,"Provincia":"Barcelona","Comarca":"Baix Llobregat","Municipi":"VILADECANS","ID_MUN":"08302","Grup":"HORTÍCOLES","Cultiu":"CARXOFA","Seca_Regad":"R","Sist_Regad":"MICRO-ASPERSIÓ","Varietat":"NO ESPECIFICADA","Producte2n":null,"HA":0.5277,"Shape_Leng":295.86555291899998,"Shape_Le_1":295.86555291799999,"Shape_Area":5273.3014415999996,"rendiment_":12000,"area_m2":5276.69,"area_ha":0.0053,"rend_sup":63.6},"geometry":{"type":"MultiPolygon","coordinates":[[[[2.041559789729102,41.301049249611445],[2.041551907822855,41.301047183392704],[2.041388296920336,41.301401150094406],[2.041437122613226,41.301419480038213],[2.041522978821139,41.3014839435914],[2.041571273546323,41.301554450991212],[2.041614201962074,41.301600784127508],[2.041844941894043,41.301659204365663],[2.042327884577891,41.301796188277081],[2.042427156336519,41.301818347780504],[2.042638347270421,41.301368160728522],[2.042612609077278,41.301326160388264],[2.041559789729102,41.301049249611445]]]]}},
{"type":"Feature","properties":{"Campanya":2024,"Provincia":"Barcelona","Comarca":"Baix Llobregat","Municipi":"VILADECANS","ID_MUN":"08302","Grup":"HORTÍCOLES","Cultiu":"HORTA","Seca_Regad":"R","Sist_Regad":"MICRO-ASPERSIÓ","Varietat":"NO ESPECIFICADA","Producte2n":null,"HA":0.0952,"Shape_Leng":135.98202824500001,"Shape_Le_1":135.98202824500001,"Shape_Area":951.466869922,"rendiment_":19846,"area_m2":952.07,"area_ha":0.001,"rend_sup":19.85},"geometry":{"type":"MultiPolygon","coordinates":[[[[2.02947022136152,41.287734581429952],[2.029460751123394,41.287546988195182],[2.029450686585909,41.287546963688627],[2.029449147842382,41.287554497297442],[2.028893881767074,41.287535134568444],[2.028927141378857,41.287635850991407],[2.028926725260003,41.287724397769608],[2.029261086317258,41.28773659216602],[2.02947022136152,41.287734581429952]]]]}},
{"type":"Feature","properties":{"Campanya":2024,"Provincia":"Barcelona","Comarca":"Baix Llobregat","Municipi":"VILADECANS","ID_MUN":"08302","Grup":"HORTÍCOLES","Cultiu":"HORTA","Seca_Regad":"R","Sist_Regad":"MICRO-ASPERSIÓ","Varietat":"NO ESPECIFICADA","Producte2n":null,"HA":0.2168,"Shape_Leng":233.50013894099999,"Shape_Le_1":232.562881936,"Shape_Area":2167.0721937799999,"rendiment_":19846,"area_m2":2168.45,"area_ha":0.0022,"rend_sup":43.66},"geometry":{"type":"MultiPolygon","coordinates":[[[[2.029901983395992,41.288167940123095],[2.029912385586165,41.288149208171745],[2.029916086237564,41.288142616054785],[2.028858045732334,41.287995122409612],[2.028811141982442,41.28808984803338],[2.02876697824379,41.288168832523922],[2.028735783893401,41.288202798266681],[2.029724317772028,41.288359666009065],[2.029727521212115,41.288352257223004],[2.029718495943623,41.288326613927907],[2.029748589416001,41.288303646848334],[2.029766106803778,41.288275733968774],[2.029782872049385,41.288226363106261],[2.029804330029618,41.2882011334749],[2.029820592013093,41.288186213402021],[2.029837776299046,41.288181184257944],[2.029883457932397,41.28818151881346],[2.029901983395992,41.288167940123095]]]]}},
{"type":"Feature","properties":{"Campanya":2024,"Provincia":"Barcelona","Comarca":"Baix Llobregat","Municipi":"VILADECANS","ID_MUN":"08302","Grup":"HORTÍCOLES","Cultiu":"HORTA","Seca_Regad":"R","Sist_Regad":"MICRO-ASPERSIÓ","Varietat":"NO ESPECIFICADA","Producte2n":null,"HA":2.0525,"Shape_Leng":1132.9424664600001,"Shape_Le_1":1132.36441184,"Shape_Area":20511.545156,"rendiment_":19846,"area_m2":20524.71,"area_ha":0.0205,"rend_sup":406.84},"geometry":{"type":"MultiPolygon","coordinates":[[[[2.041035034034894,41.305233147432013],[2.041859843438104,41.30449518536448],[2.041831463803061,41.304480370745217],[2.041507156639007,41.304313782512942],[2.041475908823851,41.304297731846347],[2.040685164181482,41.305076400285053],[2.040636129970034,41.305054522899695],[2.041438724251748,41.304278653955961],[2.041066781295744,41.304087825840838],[2.041829250891834,41.303309900011378],[2.042274868992084,41.303511871462632],[2.042302603352482,41.303476308730694],[2.041872417974217,41.30326525213156],[2.042444688379333,41.30268095064821],[2.042007771696018,41.302637954580447],[2.041930197719926,41.302657847146179],[2.041853985511379,41.302649826535728],[2.041745211648754,41.302646760108104],[2.041679211707792,41.302675665481758],[2.040035030112822,41.30462340334082],[2.040073558256526,41.304671317194895],[2.040078840751415,41.304717886382463],[2.040072192154717,41.304733185282863],[2.040311753974582,41.304851144001738],[2.040276844513916,41.304886436538908],[2.041058457317687,41.305260007762556],[2.041070819478791,41.305249177334176],[2.041035034034894,41.305233147432013]]]]}},
{"type":"Feature","properties":{"Campanya":2024,"Provincia":"Barcelona","Comarca":"Baix Llobregat","Municipi":"VILADECANS","ID_MUN":"08302","Grup":"HORTÍCOLES","Cultiu":"HORTA","Seca_Regad":"R","Sist_Regad":"MICRO-ASPERSIÓ","Varietat":"NO ESPECIFICADA","Producte2n":null,"HA":0.5836,"Shape_Leng":341.69912270700001,"Shape_Le_1":341.49702195200001,"Shape_Area":5828.2352721500001,"rendiment_":19846,"area_m2":5831.97,"area_ha":0.0058,"rend_sup":115.11},"geometry":{"type":"MultiPolygon","coordinates":[[[[2.038853327396526,41.304259518970859],[2.038543406992334,41.30462066814394],[2.038231903932017,41.30494892119426],[2.038210960295346,41.304970991157425],[2.038583322549732,41.305140200229914],[2.0385960584466,41.305289717508721],[2.038724050056609,41.305367466219046],[2.039103760867193,41.304913948079275],[2.039395757387607,41.304576526962819],[2.039455174160039,41.304557025953983],[2.039516175107937,41.304551589082415],[2.038853327396526,41.304259518970859]]]]}},
{"type":"Feature","properties":{"Campanya":2024,"Provincia":"Barcelona","Comarca":"Baix Llobregat","Municipi":"VILADECANS","ID_MUN":"08302","Grup":"HORTÍCOLES","Cultiu":"HORTA","Seca_Regad":"R","Sist_Regad":"MICRO-ASPERSIÓ","Varietat":"NO ESPECIFICADA","Producte2n":null,"HA":1.5884,"Shape_Leng":510.177726995,"Shape_Le_1":510.17772708500001,"Shape_Area":15873.8220373,"rendiment_":19846,"area_m2":15884.0,"area_ha":0.0159,"rend_sup":315.55},"geometry":{"type":"MultiPolygon","coordinates":[[[[2.039510114640574,41.304577026403457],[2.039463664988672,41.304580786787383],[2.039418052257052,41.304595809127889],[2.038767943562297,41.30538008221378],[2.039214616418965,41.305581526448272],[2.039442957338913,41.305692669705529],[2.040165626097123,41.306044338906389],[2.040291485855234,41.305946276021636],[2.040282649927089,41.30594096623409],[2.040606955366937,41.305611852564262],[2.041021194054039,41.305271299992718],[2.039792965924466,41.304697027344154],[2.039510114640574,41.304577026403457]]]]}},
{"type":"Feature","properties":{"Campanya":2024,"Provincia":"Barcelona","Comarca":"Baix Llobregat","Municipi":"VILADECANS","ID_MUN":"08302","Grup":"HORTÍCOLES","Cultiu":"HORTA","Seca_Regad":"R","Sist_Regad":"REG DE SUPORT","Varietat":"NO ESPECIFICADA","Producte2n":null,"HA":0.5564,"Shape_Leng":320.495653635,"Shape_Le_1":320.49740713800003,"Shape_Area":5559.1190298199999,"rendiment_":19846,"area_m2":5562.59,"area_ha":0.0056,"rend_sup":111.14},"geometry":{"type":"MultiPolygon","coordinates":[[[[2.041316671400075,41.279501601139927],[2.041263903304781,41.279489942135662],[2.040703594252448,41.279365904182093],[2.040684080164575,41.2793610328631],[2.040243633104865,41.280156799929678],[2.040194966928935,41.28030006592234],[2.041297662576149,41.279984883467478],[2.041276403264229,41.27957692991086],[2.041316671400075,41.279501601139927]]]]}},
{"type":"Feature","properties":{"Campanya":2024,"Provincia":"Barcelona","Comarca":"Baix Llobregat","Municipi":"VILADECANS","ID_MUN":"08302","Grup":"CEREALS D'HIVERN","Cultiu":"CIVADA","Seca_Regad":"R","Sist_Regad":"REG PER GRAVETAT","Varietat":"NO ESPECIFICADA","Producte2n":null,"HA":0.817,"Shape_Leng":435.77910765299998,"Shape_Le_1":435.77910765299998,"Shape_Area":8164.35442435,"rendiment_":4100,"area_m2":8169.58,"area_ha":0.0082,"rend_sup":33.62},"geometry":{"type":"MultiPolygon","coordinates":[[[[2.037582836568971,41.2810185248266],[2.037676761710175,41.280860230777222],[2.038019311817887,41.280235615025646],[2.037737751924817,41.280159999100732],[2.037534155979755,41.280111593365625],[2.037375199118267,41.280079907614379],[2.03710541633493,41.280006428855458],[2.036948059977238,41.279971252834201],[2.036797083185645,41.279923285994634],[2.036578830180604,41.280345291212683],[2.037145962181719,41.280512328555282],[2.037272282244051,41.280553083495441],[2.037271956260072,41.280575263863675],[2.037151314929967,41.280674666527446],[2.037098905161784,41.280765299805232],[2.037065584863899,41.280926146890543],[2.037026677167545,41.281151163521443],[2.037582836568971,41.2810185248266]]]]}},
{"type":"Feature","properties":{"Campanya":2024,"Provincia":"Barcelona","Comarca":"Baix Llobregat","Municipi":"VILADECANS","ID_MUN":"08302","Grup":"GUARET","Cultiu":"GUARET / SUP. LLIURE SEMBRA","Seca_Regad":"R","Sist_Regad":"REG PER GRAVETAT","Varietat":"NO ESPECIFICADA","Producte2n":null,"HA":0.1519,"Shape_Leng":239.187228946,"Shape_Le_1":236.990976558,"Shape_Area":1517.7048306500001,"rendiment_":0,"area_m2":1518.67,"area_ha":0.0015,"rend_sup":0.0},"geometry":{"type":"MultiPolygon","coordinates":[[[[2.032209633837998,41.285925945853435],[2.032218296208423,41.285925885368002],[2.03222007707214,41.285849574256986],[2.032213680325611,41.285800726189919],[2.030976369651091,41.285798526617349],[2.030974337173588,41.285936055886332],[2.032209633837998,41.285925945853435]]]]}},
{"type":"Feature","properties":{"Campanya":2024,"Provincia":"Barcelona","Comarca":"Baix Llobregat","Municipi":"VILADECANS","ID_MUN":"08302","Grup":"GUARET","Cultiu":"GUARET / SUP. LLIURE SEMBRA","Seca_Regad":"R","Sist_Regad":"REG PER GRAVETAT","Varietat":"NO ESPECIFICADA","Producte2n":null,"HA":0.584,"Shape_Leng":307.670718158,"Shape_Le_1":307.17538613900001,"Shape_Area":5837.0582363900003,"rendiment_":0,"area_m2":5840.78,"area_ha":0.0058,"rend_sup":0.0},"geometry":{"type":"MultiPolygon","coordinates":[[[[2.029211741975138,41.300861712783011],[2.029162116061746,41.300849759099158],[2.029035920667416,41.300797352240579],[2.028507734055889,41.300568759455359],[2.028496494306633,41.300566578881181],[2.028424036481871,41.300569847324823],[2.028345243933046,41.300632293961037],[2.028229317540841,41.300787447607043],[2.028203095421087,41.300812554687603],[2.02817845894879,41.300842608610786],[2.028168332407998,41.300863518020932],[2.028154857506608,41.300870849030389],[2.028076426468497,41.300884611565216],[2.027866013885727,41.301107667013312],[2.027866422925577,41.301138354847254],[2.027895814152354,41.301159983504235],[2.028785082493549,41.301392498280727],[2.028810981842266,41.301376426569441],[2.028918276238086,41.30124497418052],[2.029189829094169,41.300874627717988],[2.029211741975138,41.300861712783011]]]]}},
{"type":"Feature","properties":{"Campanya":2024,"Provincia":"Barcelona","Comarca":"Baix Llobregat","Municipi":"VILADECANS","ID_MUN":"08302","Grup":"GUARET","Cultiu":"GUARET / SUP. LLIURE SEMBRA","Seca_Regad":"R","Sist_Regad":"REG PER GRAVETAT","Varietat":"NO ESPECIFICADA","Producte2n":null,"HA":0.1197,"Shape_Leng":139.00232887600001,"Shape_Le_1":139.238877707,"Shape_Area":1196.8021915300001,"rendiment_":0,"area_m2":1197.57,"area_ha":0.0012,"rend_sup":0.0},"geometry":{"type":"MultiPolygon","coordinates":[[[[2.034395475486009,41.30856310641159],[2.034561258829453,41.308424149466603],[2.034436163845061,41.308344463886279],[2.034268065175299,41.308218689440416],[2.033973872583859,41.308445052170498],[2.033998551153564,41.308460741986337],[2.034278097207247,41.308661827145301],[2.034395475486009,41.30856310641159]]]]}},
{"type":"Feature","properties":{"Campanya":2024,"Provincia":"Barcelona","Comarca":"Baix Llobregat","Municipi":"VILADECANS","ID_MUN":"08302","Grup":"GUARET","Cultiu":"GUARET / SUP. LLIURE SEMBRA","Seca_Regad":"R","Sist_Regad":"REG PER GRAVETAT","Varietat":"NO ESPECIFICADA","Producte2n":null,"HA":0.5576,"Shape_Leng":843.40862026399998,"Shape_Le_1":843.40862025800004,"Shape_Area":5572.1280824799996,"rendiment_":0,"area_m2":5575.7,"area_ha":0.0056,"rend_sup":0.0},"geometry":{"type":"MultiPolygon","coordinates":[[[[2.040556700330725,41.311818768304839],[2.04280638756448,41.309420171655539],[2.04333986899033,41.308834068419195],[2.043323825556853,41.308827845041165],[2.043253802400917,41.308781342316053],[2.04322416586445,41.308784818803446],[2.042006134659818,41.310104717476804],[2.041953654476464,41.31007656071349],[2.040396135286035,41.311753656954814],[2.040556700330725,41.311818768304839]]]]}},
{"type":"Feature","properties":{"Campanya":2024,"Provincia":"Barcelona","Comarca":"Baix Llobregat","Municipi":"VILADECANS","ID_MUN":"08302","Grup":"PROTEAGINOSES","Cultiu":"FAVA","Seca_Regad":"R","Sist_Regad":"REG PER GRAVETAT","Varietat":"REINA MORA","Producte2n":null,"HA":0.4396,"Shape_Leng":309.226019877,"Shape_Le_1":308.53079300600001,"Shape_Area":4387.8353633200004,"rendiment_":10000,"area_m2":4390.66,"area_ha":0.0044,"rend_sup":44.0},"geometry":{"type":"MultiPolygon","coordinates":[[[[2.035989573864574,41.299941534460253],[2.035775121317055,41.29985420923321],[2.035761540747261,41.299872501530146],[2.035658743692801,41.300010958295012],[2.03537036770504,41.300378939834033],[2.035339195872176,41.300418759787782],[2.035146326738567,41.300674603887025],[2.035168395667199,41.300689591965529],[2.035135456550071,41.300730476988385],[2.035133159268738,41.300754890846768],[2.035119351032116,41.300756852250892],[2.035113781152452,41.300765691558013],[2.035113499064978,41.300784828542028],[2.035129588641708,41.300792840560923],[2.03535020728205,41.300871299333018],[2.035469661829604,41.300919843201626],[2.036181427324122,41.300019657053262],[2.035989573864574,41.299941534460253]]]]}},
{"type":"Feature","properties":{"Campanya":2024,"Provincia":"Barcelona","Comarca":"Baix Llobregat","Municipi":"VILADECANS","ID_MUN":"08302","Grup":"PROTEAGINOSES","Cultiu":"FAVA","Seca_Regad":"R","Sist_Regad":"REG PER GRAVETAT","Varietat":"REINA MORA","Producte2n":null,"HA":0.1297,"Shape_Leng":143.67989625300001,"Shape_Le_1":143.67989625000001,"Shape_Area":1295.9740208000001,"rendiment_":10000,"area_m2":1296.8,"area_ha":0.0013,"rend_sup":13.0},"geometry":{"type":"MultiPolygon","coordinates":[[[[2.033610107558002,41.308713997987311],[2.033311964547303,41.308458118149503],[2.032954823686826,41.30868639601956],[2.033059672754328,41.308761857906326],[2.033132812461625,41.308824535493144],[2.033165455258265,41.308838680477628],[2.03319630134838,41.308845064736985],[2.033237482357998,41.308847302228493],[2.033262836757405,41.308845443439388],[2.033303843775091,41.308818944342036],[2.033340135751931,41.308812493451455],[2.033427741684849,41.308809716207655],[2.033461047504226,41.30880323930149],[2.03349723491509,41.308787689820036],[2.033610107558002,41.308713997987311]]]]}},
{"type":"Feature","properties":{"Campanya":2024,"Provincia":"Barcelona","Comarca":"Baix Llobregat","Municipi":"VILADECANS","ID_MUN":"08302","Grup":"HORTÍCOLES","Cultiu":"PATATA","Seca_Regad":"R","Sist_Regad":"REG PER GRAVETAT","Varietat":"NO ESPECIFICADA","Producte2n":null,"HA":0.191,"Shape_Leng":291.72308821000001,"Shape_Le_1":291.724626446,"Shape_Area":1910.8470951199999,"rendiment_":14000,"area_m2":1912.07,"area_ha":0.0019,"rend_sup":26.6},"geometry":{"type":"MultiPolygon","coordinates":[[[[2.039888175905506,41.308721968993652],[2.040252328246174,41.308344523584665],[2.040817076056324,41.307777599610297],[2.04067167469375,41.307698457789733],[2.040362069176306,41.308014311823214],[2.040129179187112,41.308251903767506],[2.040039809085859,41.308345302450554],[2.039956179928859,41.308437147858221],[2.039848193212198,41.308545392070371],[2.039753786199828,41.308654954685316],[2.039754427238827,41.308665814178831],[2.039768595259152,41.308681610086452],[2.039879579137333,41.308728996164888],[2.039888175905506,41.308721968993652]]]]}},
{"type":"Feature","properties":{"Campanya":2024,"Provincia":"Barcelona","Comarca":"Baix Llobregat","Municipi":"VILADECANS","ID_MUN":"08302","Grup":"HORTÍCOLES","Cultiu":"PATATA","Seca_Regad":"R","Sist_Regad":"REG PER GRAVETAT","Varietat":"NO ESPECIFICADA","Producte2n":null,"HA":0.2068,"Shape_Leng":317.89037462599998,"Shape_Le_1":317.89037463099999,"Shape_Area":2066.7229328,"rendiment_":14000,"area_m2":2068.05,"area_ha":0.0021,"rend_sup":29.4},"geometry":{"type":"MultiPolygon","coordinates":[[[[2.039727411528267,41.308707798358057],[2.039706622408715,41.308707021406519],[2.039689134246307,41.308712902478568],[2.03913570514129,41.309266419202785],[2.038675554839482,41.309745387247908],[2.038686406668152,41.309752717280688],[2.038717839121628,41.309759506697134],[2.038818844273841,41.309813876905366],[2.039851522091416,41.308754675155591],[2.039727411528267,41.308707798358057]]]]}},
{"type":"Feature","properties":{"Campanya":2024,"Provincia":"Barcelona","Comarca":"Baix Llobregat","Municipi":"VILADECANS","ID_MUN":"08302","Grup":"HORTÍCOLES","Cultiu":"PATATA","Seca_Regad":"R","Sist_Regad":"REG PER GRAVETAT","Varietat":"NO ESPECIFICADA","Producte2n":null,"HA":0.4296,"Shape_Leng":266.63167546900002,"Shape_Le_1":266.63167547099999,"Shape_Area":4293.4207305399996,"rendiment_":14000,"area_m2":4296.17,"area_ha":0.0043,"rend_sup":60.2},"geometry":{"type":"MultiPolygon","coordinates":[[[[2.03566624782636,41.310988293795269],[2.035314669669674,41.310676063214828],[2.034742594139598,41.311037856417855],[2.034565875775384,41.311149616234033],[2.034586406351006,41.311175009674372],[2.034969237056995,41.311503121835969],[2.035228690440884,41.311350815021591],[2.035660831067033,41.311072856654548],[2.035712196099212,41.31103290419167],[2.03566624782636,41.310988293795269]]]]}},
{"type":"Feature","properties":{"Campanya":2024,"Provincia":"Barcelona","Comarca":"Baix Llobregat","Municipi":"VILADECANS","ID_MUN":"08302","Grup":"FRUITA DOLÇA","Cultiu":"ALBERCOQUER","Seca_Regad":"R","Sist_Regad":"REG PER GRAVETAT","Varietat":"ABATE","Producte2n":null,"HA":0.1148,"Shape_Leng":135.59928849799999,"Shape_Le_1":135.835055,"Shape_Area":1150.9210603700001,"rendiment_":12600,"area_m2":1151.66,"area_ha":0.0012,"rend_sup":15.12},"geometry":{"type":"MultiPolygon","coordinates":[[[[2.034268065175299,41.308218689440416],[2.034000167723207,41.308018246517619],[2.033687857118473,41.308217853454835],[2.033973872583859,41.308445052170498],[2.034268065175299,41.308218689440416]]]]}},
{"type":"Feature","properties":{"Campanya":2024,"Provincia":"Barcelona","Comarca":"Baix Llobregat","Municipi":"VILADECANS","ID_MUN":"08302","Grup":"FRUITA DOLÇA","Cultiu":"PRUNERA","Seca_Regad":"R","Sist_Regad":"REG PER GRAVETAT","Varietat":"GOLDEN JAPAN","Producte2n":null,"HA":0.2614,"Shape_Leng":219.192717698,"Shape_Le_1":219.193665907,"Shape_Area":2612.4211705900002,"rendiment_":8904,"area_m2":2614.09,"area_ha":0.0026,"rend_sup":23.15},"geometry":{"type":"MultiPolygon","coordinates":[[[[2.0293101039628,41.292821436158178],[2.029264069320337,41.292800870900649],[2.029092928334113,41.292782273925908],[2.028993974260226,41.29277151147852],[2.02900910381329,41.29283060287618],[2.028742143352692,41.293166058540372],[2.028673657138054,41.293152055708617],[2.028600783284425,41.293289619278937],[2.028651073847823,41.293305085476327],[2.028998621830678,41.293442229331056],[2.029147009135037,41.293293683519195],[2.02926407825601,41.293154961924351],[2.029412633259843,41.292986960736286],[2.029322508564163,41.292879010216737],[2.0293101039628,41.292821436158178]]]]}},
{"type":"Feature","properties":{"Campanya":2024,"Provincia":"Barcelona","Comarca":"Baix Llobregat","Municipi":"VILADECANS","ID_MUN":"08302","Grup":"FRUITA DOLÇA","Cultiu":"PRUNERA","Seca_Regad":"R","Sist_Regad":"REG PER GRAVETAT","Varietat":"REINA CLAUDIA DE BAVAY","Producte2n":null,"HA":0.1473,"Shape_Leng":207.90208231,"Shape_Le_1":207.902082307,"Shape_Area":1471.99527066,"rendiment_":8904,"area_m2":1472.94,"area_ha":0.0015,"rend_sup":13.36},"geometry":{"type":"MultiPolygon","coordinates":[[[[2.035672640921163,41.291612021761928],[2.035542299104381,41.292418552386906],[2.035659927034932,41.292425022625061],[2.035755116577162,41.292441042013039],[2.035852875820384,41.291730436856724],[2.035801721994052,41.291676233829222],[2.035672640921163,41.291612021761928]]]]}},
{"type":"Feature","properties":{"Campanya":2024,"Provincia":"Barcelona","Comarca":"Baix Llobregat","Municipi":"VILADECANS","ID_MUN":"08302","Grup":"FRUITA DOLÇA","Cultiu":"ALTRES FRUITERS","Seca_Regad":"R","Sist_Regad":"REG PER GRAVETAT","Varietat":"NO ESPECIFICADA","Producte2n":null,"HA":0.0404,"Shape_Leng":81.322920695500002,"Shape_Le_1":81.325433360999995,"Shape_Area":403.34407411000001,"rendiment_":12000,"area_m2":403.6,"area_ha":0.0004,"rend_sup":4.8},"geometry":{"type":"MultiPolygon","coordinates":[[[[2.027843885141072,41.2922328627645],[2.027586970950059,41.292194637938572],[2.027579481712631,41.292215878503555],[2.027535084838972,41.292342164018727],[2.027812143294967,41.292388606709473],[2.027857965967125,41.292234957953418],[2.027843885141072,41.2922328627645]]]]}},
{"type":"Feature","properties":{"Campanya":2024,"Provincia":"Barcelona","Comarca":"Baix Llobregat","Municipi":"VILADECANS","ID_MUN":"08302","Grup":"HORTÍCOLES","Cultiu":"MONIATO","Seca_Regad":"R","Sist_Regad":"REG PER GRAVETAT","Varietat":"NO ESPECIFICADA","Producte2n":null,"HA":0.2053,"Shape_Leng":318.09912149500002,"Shape_Le_1":318.09912149100001,"Shape_Area":2051.3767653099999,"rendiment_":25000,"area_m2":2052.69,"area_ha":0.0021,"rend_sup":52.5},"geometry":{"type":"MultiPolygon","coordinates":[[[[2.038675593611343,41.309775600822071],[2.038647414186374,41.309774336795897],[2.037626581988849,41.31081870634759],[2.037781106092041,41.310893683906301],[2.038787499176569,41.309826756313406],[2.038675593611343,41.309775600822071]]]]}},
{"type":"Feature","properties":{"Campanya":2024,"Provincia":"Barcelona","Comarca":"Baix Llobregat","Municipi":"VILADECANS","ID_MUN":"08302","Grup":"HORTÍCOLES","Cultiu":"API","Seca_Regad":"R","Sist_Regad":"REG PER GRAVETAT","Varietat":"NO ESPECIFICADA","Producte2n":null,"HA":0.0996,"Shape_Leng":169.628632821,"Shape_Le_1":169.62863282399999,"Shape_Area":995.36371687600001,"rendiment_":23600,"area_m2":996.0,"area_ha":0.001,"rend_sup":23.6},"geometry":{"type":"MultiPolygon","coordinates":[[[[2.026877393678635,41.30410136968564],[2.026846145860139,41.304082106687396],[2.026784832057733,41.304035600923662],[2.026770250436895,41.304041631619597],[2.026760497894135,41.304056202709468],[2.026713922783917,41.304099544352361],[2.026699637494992,41.304089261192601],[2.02660087315642,41.30418194552972],[2.026337364063339,41.304446793683766],[2.026255820072684,41.304516364882012],[2.026348685205678,41.304623730085055],[2.026691754125824,41.304317756771788],[2.026875569833141,41.304122245574597],[2.026877393678635,41.30410136968564]]]]}},
{"type":"Feature","properties":{"Campanya":2024,"Provincia":"Barcelona","Comarca":"Baix Llobregat","Municipi":"VILADECANS","ID_MUN":"08302","Grup":"HORTÍCOLES","Cultiu":"API","Seca_Regad":"R","Sist_Regad":"REG PER GRAVETAT","Varietat":"NO ESPECIFICADA","Producte2n":null,"HA":1.6461,"Shape_Leng":1376.0025954299999,"Shape_Le_1":1375.3312872,"Shape_Area":16448.710969899999,"rendiment_":23600,"area_m2":16459.19,"area_ha":0.0165,"rend_sup":389.4},"geometry":{"type":"MultiPolygon","coordinates":[[[[2.027433783763351,41.304201528426617],[2.027956217220818,41.303503588919376],[2.028508038435564,41.302813938752671],[2.028700219697241,41.302589082672753],[2.028824213972661,41.302468190409769],[2.029364322779106,41.301852752521732],[2.029354657024583,41.301847919505981],[2.029405409927479,41.301794234345905],[2.029423951662502,41.301756225507511],[2.029483634960789,41.30167760692234],[2.029487038825088,41.301657332499303],[2.029485120729771,41.301647165665869],[2.029461978495707,41.301648964818931],[2.029354364075381,41.301630614171877],[2.029255554238097,41.301611295500173],[2.029197695184971,41.301596860161929],[2.029205556921001,41.301585686789188],[2.029046046752169,41.301540565342833],[2.029032714676011,41.301558416422353],[2.028838157089619,41.301817867757137],[2.028521718174606,41.302196984340959],[2.028459092777714,41.302272389086582],[2.028392803954233,41.302352677093452],[2.028215214454406,41.302551777943187],[2.02799984592986,41.302776706283275],[2.027977445470036,41.302798378957348],[2.027806920191591,41.302963223524294],[2.027578947636285,41.303193475752501],[2.027153736435416,41.303625801485737],[2.026953259504908,41.303827084420085],[2.027062357806933,41.303909362835029],[2.027160825888412,41.303920279119502],[2.02746656784285,41.303609348140235],[2.028255369140273,41.302791990100161],[2.028655785489279,41.30233546367004],[2.02868068452559,41.302339658746909],[2.028673057274589,41.302376875019],[2.028277081220776,41.302831438404695],[2.028168447427144,41.302951386052349],[2.027804491385437,41.303313075973691],[2.027391751615994,41.303748024706742],[2.027164761832452,41.303976856646699],[2.027084137225846,41.304002516992938],[2.026980065934157,41.304106153269586],[2.026719661004584,41.304363281118469],[2.026446159967369,41.304666234507202],[2.026856077282424,41.304847168475746],[2.026892655467199,41.30486900406423],[2.026928619407458,41.304876396180788],[2.027433783763351,41.304201528426617]]]]}},
{"type":"Feature","properties":{"Campanya":2024,"Provincia":"Barcelona","Comarca":"Baix Llobregat","Municipi":"VILADECANS","ID_MUN":"08302","Grup":"HORTÍCOLES","Cultiu":"COL-I-FLOR","Seca_Regad":"R","Sist_Regad":"REG PER GRAVETAT","Varietat":"NO ESPECIFICADA","Producte2n":null,"HA":0.8363,"Shape_Leng":384.99637568600002,"Shape_Le_1":383.97027146900001,"Shape_Area":8364.36000599,"rendiment_":15488,"area_m2":8369.69,"area_ha":0.0084,"rend_sup":130.1},"geometry":{"type":"MultiPolygon","coordinates":[[[[2.030025240514562,41.287344454766696],[2.030165622281538,41.287347824932993],[2.030155249761508,41.2872029640981],[2.03010896666995,41.286930577368537],[2.030106193274238,41.286756323218121],[2.030120391272477,41.286642322607129],[2.029669986378388,41.286652857043279],[2.02916676447086,41.286676170166665],[2.02903496896431,41.286691592936869],[2.028993222713374,41.286684692261417],[2.028944969313505,41.286734809855567],[2.028950333855417,41.286807366444819],[2.028802812315587,41.286795274025017],[2.02876416444091,41.287105037030862],[2.028737196729844,41.287104893558002],[2.028720653150997,41.287333223919262],[2.028900185250661,41.287335580726662],[2.029648721278126,41.287336892038894],[2.029858931702245,41.287346687371269],[2.030025240514562,41.287344454766696]]]]}},
{"type":"Feature","properties":{"Campanya":2024,"Provincia":"Barcelona","Comarca":"Baix Llobregat","Municipi":"VILADECANS","ID_MUN":"08302","Grup":"HORTÍCOLES","Cultiu":"COL-I-FLOR","Seca_Regad":"R","Sist_Regad":"REG PER GRAVETAT","Varietat":"NO ESPECIFICADA","Producte2n":null,"HA":0.1465,"Shape_Leng":222.21296497,"Shape_Le_1":222.212924109,"Shape_Area":1463.8984829599999,"rendiment_":15488,"area_m2":1464.84,"area_ha":0.0015,"rend_sup":23.23},"geometry":{"type":"MultiPolygon","coordinates":[[[[2.036560196933614,41.310275097549912],[2.036541999546286,41.310231678486105],[2.035693778091996,41.310808925816531],[2.035755280543209,41.310875832373796],[2.035845746129203,41.31093374333765],[2.036418458104927,41.310481725057265],[2.036632010528381,41.310323190237177],[2.036560196933614,41.310275097549912]]]]}},
{"type":"Feature","properties":{"Campanya":2024,"Provincia":"Barcelona","Comarca":"Baix Llobregat","Municipi":"VILADECANS","ID_MUN":"08302","Grup":"HORTÍCOLES","Cultiu":"CARXOFA","Seca_Regad":"R","Sist_Regad":"REG PER GRAVETAT","Varietat":"NO ESPECIFICADA","Producte2n":null,"HA":1.3924,"Shape_Leng":501.36317159100003,"Shape_Le_1":501.363171593,"Shape_Area":13915.227688299999,"rendiment_":12000,"area_m2":13924.14,"area_ha":0.0139,"rend_sup":166.8},"geometry":{"type":"MultiPolygon","coordinates":[[[[2.0380167088282,41.298960088508736],[2.038366557510773,41.298367819022232],[2.036793544903184,41.297900738483811],[2.036736631131247,41.297890029577331],[2.036560527843503,41.297840722642619],[2.036505335943727,41.297814713303787],[2.036349072740606,41.297996701852874],[2.036185905312748,41.29816511646078],[2.036059906328443,41.298333843900139],[2.035995095822016,41.298438973841648],[2.03619556365908,41.298502669925213],[2.037228075084336,41.298812060198792],[2.037567886855245,41.298918765939753],[2.037739803338822,41.298950954312623],[2.037934437998266,41.298951206693019],[2.0380167088282,41.298960088508736]]]]}},
{"type":"Feature","properties":{"Campanya":2024,"Provincia":"Barcelona","Comarca":"Baix Llobregat","Municipi":"VILADECANS","ID_MUN":"08302","Grup":"HORTÍCOLES","Cultiu":"CARXOFA","Seca_Regad":"R","Sist_Regad":"REG PER GRAVETAT","Varietat":"NO ESPECIFICADA","Producte2n":null,"HA":1.2257,"Shape_Leng":490.78259289699997,"Shape_Le_1":490.78259290099999,"Shape_Area":12249.376696,"rendiment_":12000,"area_m2":12257.22,"area_ha":0.0123,"rend_sup":147.6},"geometry":{"type":"MultiPolygon","coordinates":[[[[2.036004031234942,41.298497053140153],[2.03595942144494,41.298485409216909],[2.03565384268461,41.298816165073035],[2.035533220581853,41.298955151516694],[2.035527946353989,41.298992499685482],[2.036732657094832,41.299386709693529],[2.037532414897646,41.299641374538005],[2.037880871351218,41.299175349150012],[2.037769140231047,41.299125303927156],[2.037685236264865,41.29901088690707],[2.037621448352671,41.29900141536023],[2.037087254622919,41.298819519648589],[2.036606036677434,41.298680877099386],[2.036004031234942,41.298497053140153]]]]}},
{"type":"Feature","properties":{"Campanya":2024,"Provincia":"Barcelona","Comarca":"Baix Llobregat","Municipi":"VILADECANS","ID_MUN":"08302","Grup":"HORTÍCOLES","Cultiu":"CARXOFA","Seca_Regad":"R","Sist_Regad":"REG PER GRAVETAT","Varietat":"NO ESPECIFICADA","Producte2n":null,"HA":0.8756,"Shape_Leng":445.56735167900001,"Shape_Le_1":445.56735168599999,"Shape_Area":8750.1261765199997,"rendiment_":12000,"area_m2":8755.7,"area_ha":0.0088,"rend_sup":105.6},"geometry":{"type":"MultiPolygon","coordinates":[[[[2.025136432715396,41.302084029157186],[2.025602983717615,41.301557572792539],[2.025593965687016,41.301554104190906],[2.02567411138906,41.301438557623406],[2.025717503328731,41.30140981146576],[2.026150552265304,41.300879400425359],[2.02618121475214,41.300863865923048],[2.025686172851785,41.300712333089344],[2.025615145725075,41.300711748065169],[2.025613501362158,41.300717658441719],[2.025594555732205,41.30071157826842],[2.025564581660771,41.300711354247319],[2.02487687481157,41.301513992672945],[2.024776147382317,41.301676718130672],[2.024634376142492,41.301876297072191],[2.024511231532113,41.302068376333537],[2.024564722609844,41.302066400302081],[2.024637066194065,41.302072685429451],[2.02497087372049,41.302084159040511],[2.025136432715396,41.302084029157186]]]]}},
{"type":"Feature","properties":{"Campanya":2024,"Provincia":"Barcelona","Comarca":"Baix Llobregat","Municipi":"VILADECANS","ID_MUN":"08302","Grup":"HORTÍCOLES","Cultiu":"CARXOFA","Seca_Regad":"R","Sist_Regad":"REG PER GRAVETAT","Varietat":"NO ESPECIFICADA","Producte2n":null,"HA":0.0176,"Shape_Leng":86.355004575099997,"Shape_Le_1":86.3550045729,"Shape_Area":175.486169004,"rendiment_":12000,"area_m2":175.6,"area_ha":0.0002,"rend_sup":2.4},"geometry":{"type":"MultiPolygon","coordinates":[[[[2.031511743419434,41.302126118092431],[2.031135506049306,41.301995708692665],[2.03109926889626,41.302035898220403],[2.03130307495277,41.30209850135082],[2.031453163565552,41.302155890710033],[2.031433186799823,41.302181005135395],[2.031452941099178,41.302189733981855],[2.031511743419434,41.302126118092431]]]]}},
{"type":"Feature","properties":{"Campanya":2024,"Provincia":"Barcelona","Comarca":"Baix Llobregat","Municipi":"VILADECANS","ID_MUN":"08302","Grup":"HORTÍCOLES","Cultiu":"CARXOFA","Seca_Regad":"R","Sist_Regad":"REG PER GRAVETAT","Varietat":"NO ESPECIFICADA","Producte2n":null,"HA":1.0834,"Shape_Leng":470.882147272,"Shape_Le_1":470.88214727399998,"Shape_Area":10827.482033,"rendiment_":12000,"area_m2":10834.38,"area_ha":0.0108,"rend_sup":129.6},"geometry":{"type":"MultiPolygon","coordinates":[[[[2.026306995690293,41.30088793990496],[2.026235808187541,41.300879333542547],[2.026194898705879,41.300885051362329],[2.025622531996576,41.301573897900347],[2.025177617196099,41.30210184998991],[2.025340507770185,41.302144395014039],[2.025539623539131,41.302233093348072],[2.025651348961298,41.302318710541364],[2.025776514966345,41.302440290710514],[2.026487322644202,41.301631021861141],[2.026934799403261,41.301115972557035],[2.026938072521735,41.301095143136919],[2.02692960163887,41.301080178365538],[2.026920192965492,41.301064821041209],[2.026889692104815,41.301042009965485],[2.026306995690293,41.30088793990496]]]]}},
{"type":"Feature","properties":{"Campanya":2024,"Provincia":"Barcelona","Comarca":"Baix Llobregat","Municipi":"VILADECANS","ID_MUN":"08302","Grup":"HORTÍCOLES","Cultiu":"CARXOFA","Seca_Regad":"R","Sist_Regad":"REG PER GRAVETAT","Varietat":"NO ESPECIFICADA","Producte2n":null,"HA":0.0444,"Shape_Leng":324.77062987599999,"Shape_Le_1":323.79079656599998,"Shape_Area":438.37612129299998,"rendiment_":12000,"area_m2":438.66,"area_ha":0.0004,"rend_sup":4.8},"geometry":{"type":"MultiPolygon","coordinates":[[[[2.030749738091449,41.301972109160431],[2.030788548111495,41.301965655040398],[2.030952502224619,41.302010332282883],[2.031039232466254,41.302046614055243],[2.031085322450754,41.301982695452885],[2.030802503908534,41.301897687730282],[2.02997453714288,41.302837557370403],[2.029913311546595,41.302928446311185],[2.029965497422094,41.302883078535856],[2.030238339089773,41.3025690011074],[2.030407659981733,41.30238450985081],[2.030521741741071,41.302240840309437],[2.030610090673147,41.302160288147057],[2.030749738091449,41.301972109160431]]]]}},
{"type":"Feature","properties":{"Campanya":2024,"Provincia":"Barcelona","Comarca":"Baix Llobregat","Municipi":"VILADECANS","ID_MUN":"08302","Grup":"HORTÍCOLES","Cultiu":"CARXOFA","Seca_Regad":"R","Sist_Regad":"REG PER GRAVETAT","Varietat":"NO ESPECIFICADA","Producte2n":null,"HA":1.404,"Shape_Leng":588.57971968599998,"Shape_Le_1":588.49694468500002,"Shape_Area":14030.484795799999,"rendiment_":12000,"area_m2":14039.42,"area_ha":0.014,"rend_sup":168.0},"geometry":{"type":"MultiPolygon","coordinates":[[[[2.027161674225868,41.301985506442385],[2.027374814749096,41.301728417659405],[2.027384861984269,41.301732888356149],[2.027436282040245,41.301666962977123],[2.027731259757898,41.301238351423379],[2.027620370933658,41.301224204167795],[2.027256281599554,41.30115943210285],[2.026994667194392,41.301088745159809],[2.02699512711554,41.301101438049223],[2.025918346216941,41.302357249340034],[2.025845504905316,41.302466803873024],[2.025874087112297,41.302628747396803],[2.025874924028049,41.30282405172585],[2.025861929918154,41.303032348646681],[2.025895876706929,41.303084988972195],[2.025981744388305,41.303132301998559],[2.025991791863869,41.303141179332847],[2.026023441644827,41.303157866191015],[2.026045941568047,41.303166843484945],[2.026067963022085,41.303164787828784],[2.026509118635033,41.30266320095663],[2.027161674225868,41.301985506442385]]]]}},
{"type":"Feature","properties":{"Campanya":2024,"Provincia":"Barcelona","Comarca":"Baix Llobregat","Municipi":"VILADECANS","ID_MUN":"08302","Grup":"HORTÍCOLES","Cultiu":"CARXOFA","Seca_Regad":"R","Sist_Regad":"REG PER GRAVETAT","Varietat":"NO ESPECIFICADA","Producte2n":null,"HA":0.143,"Shape_Leng":190.127119443,"Shape_Le_1":190.12711944099999,"Shape_Area":1429.34503053,"rendiment_":12000,"area_m2":1430.25,"area_ha":0.0014,"rend_sup":16.8},"geometry":{"type":"MultiPolygon","coordinates":[[[[2.025811657791682,41.303009169993913],[2.025790294300274,41.302961164263294],[2.025658596206759,41.30320457956023],[2.025536044332821,41.3033166783704],[2.025505858346889,41.303378665278352],[2.025361204946164,41.303506972397905],[2.025516684827868,41.303686547275433],[2.025904784586178,41.303326469656518],[2.025862947973257,41.303293009086985],[2.025846170521778,41.30325749337689],[2.025866287664529,41.303154812231647],[2.025830413317621,41.303069481440183],[2.025810838732127,41.303039481720361],[2.025811657791682,41.303009169993913]]]]}},
{"type":"Feature","properties":{"Campanya":2024,"Provincia":"Barcelona","Comarca":"Baix Llobregat","Municipi":"VILADECANS","ID_MUN":"08302","Grup":"HORTÍCOLES","Cultiu":"CARXOFA","Seca_Regad":"R","Sist_Regad":"REG PER GRAVETAT","Varietat":"NO ESPECIFICADA","Producte2n":null,"HA":0.4658,"Shape_Leng":332.59196681499998,"Shape_Le_1":332.59196681399999,"Shape_Area":4655.3120162799996,"rendiment_":12000,"area_m2":4658.29,"area_ha":0.0047,"rend_sup":56.4},"geometry":{"type":"MultiPolygon","coordinates":[[[[2.035640647246431,41.312775844090424],[2.035694706952839,41.312733831674727],[2.035498437285652,41.312687891460705],[2.035383702371532,41.312768371101981],[2.035296558250396,41.312709976896642],[2.035185236449974,41.312626378513741],[2.034190121855465,41.313217222376522],[2.034415284541357,41.313496313522364],[2.034848883476306,41.313288835988708],[2.035201482411693,41.313083450397102],[2.035512521520396,41.312879072004456],[2.035593569137875,41.312821345966903],[2.035640647246431,41.312775844090424]]]]}},
{"type":"Feature","properties":{"Campanya":2024,"Provincia":"Barcelona","Comarca":"Baix Llobregat","Municipi":"VILADECANS","ID_MUN":"08302","Grup":"HORTÍCOLES","Cultiu":"CARXOFA","Seca_Regad":"R","Sist_Regad":"REG PER GRAVETAT","Varietat":"NO ESPECIFICADA","Producte2n":null,"HA":1.3231,"Shape_Leng":532.46257242499996,"Shape_Le_1":531.71055912500003,"Shape_Area":13218.50139,"rendiment_":12000,"area_m2":13226.98,"area_ha":0.0132,"rend_sup":158.4},"geometry":{"type":"MultiPolygon","coordinates":[[[[2.040337440616712,41.313654136158569],[2.041423989649326,41.312376354415804],[2.040786712297324,41.31198741490465],[2.040743785454999,41.311973725927466],[2.040687068015463,41.311963171931708],[2.039913463717296,41.312925353041422],[2.040020067378582,41.312988656662455],[2.039925264699542,41.313103995285431],[2.039777853599863,41.313035102125802],[2.039509543001,41.313376462448232],[2.040337440616712,41.313654136158569]]]]}},
{"type":"Feature","properties":{"Campanya":2024,"Provincia":"Barcelona","Comarca":"Baix Llobregat","Municipi":"VILADECANS","ID_MUN":"08302","Grup":"HORTÍCOLES","Cultiu":"BLEDA","Seca_Regad":"R","Sist_Regad":"REG PER GRAVETAT","Varietat":"NO ESPECIFICADA","Producte2n":null,"HA":0.1741,"Shape_Leng":264.85469851099998,"Shape_Le_1":264.854698515,"Shape_Area":1740.2965832499999,"rendiment_":10428,"area_m2":1741.42,"area_ha":0.0017,"rend_sup":17.73},"geometry":{"type":"MultiPolygon","coordinates":[[[[2.051400315448277,41.28171708045776],[2.05111786821813,41.281636825765496],[2.050978557008852,41.281604997346761],[2.050945638116545,41.281633564798113],[2.050927637510065,41.281642006973534],[2.050879636101367,41.281645906052951],[2.050787621168936,41.281602809669806],[2.050746812078574,41.281558906833396],[2.050272861727837,41.281435913965382],[2.050178511401037,41.2814471147665],[2.050137140277926,41.281466709100293],[2.050104057269133,41.281491092711917],[2.050109373314072,41.281537544812721],[2.051432804563502,41.281892745741331],[2.051437566616827,41.281853501786372],[2.051427646318841,41.281849843109583],[2.051392250489444,41.281825007431586],[2.051383704530404,41.281797938424702],[2.051386487944339,41.281774031679447],[2.051397406442175,41.281749577650686],[2.051400315448277,41.28171708045776]]]]}},
{"type":"Feature","properties":{"Campanya":2024,"Provincia":"Barcelona","Comarca":"Baix Llobregat","Municipi":"VILADECANS","ID_MUN":"08302","Grup":"HORTÍCOLES","Cultiu":"BLEDA","Seca_Regad":"R","Sist_Regad":"REG PER GRAVETAT","Varietat":"NO ESPECIFICADA","Producte2n":null,"HA":0.9641,"Shape_Leng":411.84941272999998,"Shape_Le_1":411.852520228,"Shape_Area":9634.7835218,"rendiment_":10428,"area_m2":9640.96,"area_ha":0.0096,"rend_sup":100.11},"geometry":{"type":"MultiPolygon","coordinates":[[[[2.039442957338913,41.305692669705529],[2.039214616418965,41.305581526448272],[2.038767943562297,41.30538008221378],[2.038258628843455,41.306027982035161],[2.038198212820012,41.306099267727312],[2.038350245720635,41.306132845558857],[2.038827744633328,41.306270352605075],[2.038866759613041,41.30627365180375],[2.03891521940452,41.306290902446271],[2.039003989337804,41.306293622595746],[2.039205216205974,41.306343981312914],[2.03941985776208,41.306422540909082],[2.039465469317005,41.306442684208768],[2.039486933602894,41.306444698174488],[2.040010122703363,41.306124418465231],[2.040079880690349,41.306074059604136],[2.040074515037649,41.306045858919489],[2.040036952279662,41.30600154355318],[2.039420250125146,41.305715568796217],[2.039442957338913,41.305692669705529]]]]}},
{"type":"Feature","properties":{"Campanya":2024,"Provincia":"Barcelona","Comarca":"Baix Llobregat","Municipi":"VILADECANS","ID_MUN":"08302","Grup":"HORTÍCOLES","Cultiu":"ALL","Seca_Regad":"R","Sist_Regad":"REG PER GRAVETAT","Varietat":"NO ESPECIFICADA","Producte2n":null,"HA":0.2748,"Shape_Leng":207.36196515399999,"Shape_Le_1":207.361983471,"Shape_Area":2746.4929544900001,"rendiment_":3570,"area_m2":2748.25,"area_ha":0.0027,"rend_sup":9.64},"geometry":{"type":"MultiPolygon","coordinates":[[[[2.038387927916579,41.308794412485881],[2.037961712712116,41.308488450915064],[2.03747069327361,41.308809187399937],[2.037695306543021,41.308994714025268],[2.037827657379437,41.309099063651587],[2.037867806036709,41.309105156013047],[2.037930600545979,41.309098686506275],[2.038387927916579,41.308794412485881]]]]}},
{"type":"Feature","properties":{"Campanya":2024,"Provincia":"Barcelona","Comarca":"Baix Llobregat","Municipi":"VILADECANS","ID_MUN":"08302","Grup":"HORTÍCOLES","Cultiu":"COL DE MILÀ","Seca_Regad":"R","Sist_Regad":"REG PER GRAVETAT","Varietat":"NO ESPECIFICADA","Producte2n":null,"HA":0.5073,"Shape_Leng":310.941981957,"Shape_Le_1":310.94198195899997,"Shape_Area":5070.0118393599996,"rendiment_":24200,"area_m2":5073.26,"area_ha":0.0051,"rend_sup":123.42},"geometry":{"type":"MultiPolygon","coordinates":[[[[2.038322693563657,41.297260404306968],[2.038666340664321,41.296549061674241],[2.038591924167234,41.29655843228872],[2.03851029549994,41.296556935284194],[2.038447145597742,41.296549067475652],[2.038353676242213,41.296543799946761],[2.038262425466519,41.296571583577169],[2.038077539245384,41.296642219335062],[2.03796300569056,41.296708957018602],[2.037819083730481,41.29682519974758],[2.037751112285835,41.296887840632941],[2.037612279433069,41.297025738492252],[2.037521877368974,41.297106133949704],[2.037454283023516,41.297143087214231],[2.03740605660073,41.297186725715491],[2.037366388747086,41.297199851345042],[2.037360566842451,41.297210032594954],[2.037779714815973,41.297277959576761],[2.038236777195386,41.297337291505961],[2.038276598129725,41.297333659071136],[2.038322693563657,41.297260404306968]]]]}},
{"type":"Feature","properties":{"Campanya":2024,"Provincia":"Barcelona","Comarca":"Baix Llobregat","Municipi":"VILADECANS","ID_MUN":"08302","Grup":"HORTÍCOLES","Cultiu":"COL DE MILÀ","Seca_Regad":"R","Sist_Regad":"REG PER GRAVETAT","Varietat":"NO ESPECIFICADA","Producte2n":null,"HA":0.898,"Shape_Leng":550.3949258,"Shape_Le_1":550.394925801,"Shape_Area":8974.1972564999996,"rendiment_":24200,"area_m2":8979.95,"area_ha":0.009,"rend_sup":217.8},"geometry":{"type":"MultiPolygon","coordinates":[[[[2.038811704090729,41.297605849148248],[2.039347332735135,41.29661429276171],[2.039527859549995,41.296374213397755],[2.039446727580954,41.296360205130725],[2.039295644252614,41.296351648999675],[2.039065969267895,41.296432693734864],[2.038745824485756,41.296477490758498],[2.038298431105052,41.297379724430542],[2.037405200720421,41.297250296044865],[2.037372510296374,41.297283824605181],[2.03734451342526,41.297357587950458],[2.037347177832757,41.297428356871677],[2.03744128314378,41.297454464230249],[2.038786997432808,41.297651348328849],[2.038811704090729,41.297605849148248]]]]}},
{"type":"Feature","properties":{"Campanya":2024,"Provincia":"Barcelona","Comarca":"Baix Llobregat","Municipi":"VILADECANS","ID_MUN":"08302","Grup":"HORTÍCOLES","Cultiu":"COL DE MILÀ","Seca_Regad":"R","Sist_Regad":"REG PER GRAVETAT","Varietat":"NO ESPECIFICADA","Producte2n":null,"HA":3.293,"Shape_Leng":1307.9767927299999,"Shape_Le_1":1307.97710803,"Shape_Area":32917.537780300001,"rendiment_":24200,"area_m2":32938.74,"area_ha":0.0329,"rend_sup":796.18},"geometry":{"type":"MultiPolygon","coordinates":[[[[2.048809407697506,41.304329662699644],[2.049044866753371,41.304024350913927],[2.049185036148822,41.30379860562347],[2.049030275920727,41.304030005139609],[2.048949303645452,41.304005529042044],[2.04900722540446,41.303858003734057],[2.049158775406365,41.303784492668136],[2.049192102917662,41.303787258574957],[2.049537333317658,41.303220161979546],[2.049502174735762,41.303173482507574],[2.048760025875259,41.302967837778191],[2.047851289998866,41.304427489327985],[2.04764925208737,41.304791888472877],[2.046986511589956,41.305927592974754],[2.046887556978664,41.306096547625408],[2.04630687114561,41.307081655306533],[2.046246637910488,41.307186124451931],[2.045970630771691,41.307493610029795],[2.046484518433605,41.307708553195205],[2.046671497834811,41.307460590759199],[2.047048566667359,41.306931271605194],[2.047216634187826,41.30667738680242],[2.047297262626178,41.306546362249506],[2.047417287603449,41.306375940190648],[2.047629187229561,41.306048464232738],[2.047612584855332,41.306048325960795],[2.048268257648893,41.30509632728436],[2.048809407697506,41.304329662699644]]]]}},
{"type":"Feature","properties":{"Campanya":2024,"Provincia":"Barcelona","Comarca":"Baix Llobregat","Municipi":"VILADECANS","ID_MUN":"08302","Grup":"HORTÍCOLES","Cultiu":"CARABASSA","Seca_Regad":"R","Sist_Regad":"REG PER GRAVETAT","Varietat":"NO ESPECIFICADA","Producte2n":null,"HA":0.4379,"Shape_Leng":267.44363052300002,"Shape_Le_1":267.44590663299999,"Shape_Area":4376.3779152200004,"rendiment_":27500,"area_m2":4379.18,"area_ha":0.0044,"rend_sup":121.0},"geometry":{"type":"MultiPolygon","coordinates":[[[[2.035331780506143,41.301789504782981],[2.035438872379551,41.301641216299579],[2.03486631254135,41.301399510132683],[2.034470072579396,41.301962820828727],[2.034490100260241,41.302052562181416],[2.034962564895634,41.302300897741837],[2.035331780506143,41.301789504782981]]]]}},
{"type":"Feature","properties":{"Campanya":2024,"Provincia":"Barcelona","Comarca":"Baix Llobregat","Municipi":"VILADECANS","ID_MUN":"08302","Grup":"HORTÍCOLES","Cultiu":"HORTA","Seca_Regad":"R","Sist_Regad":"REG PER GRAVETAT","Varietat":"NO ESPECIFICADA","Producte2n":null,"HA":1.0175,"Shape_Leng":408.27969876100002,"Shape_Le_1":408.27969876600002,"Shape_Area":10168.683340199999,"rendiment_":19846,"area_m2":10175.19,"area_ha":0.0102,"rend_sup":202.43},"geometry":{"type":"MultiPolygon","coordinates":[[[[2.035488583204449,41.284283839375647],[2.035460113477461,41.283644845753876],[2.035451780086553,41.283457801028121],[2.035041245692153,41.283513543195753],[2.034547189184925,41.283524175833115],[2.034270524193439,41.28354716835301],[2.034190579930984,41.283583338834006],[2.034133118423778,41.283633479571897],[2.033998415940772,41.283925279050237],[2.033904101487865,41.284223451528099],[2.03395053103063,41.284241225898164],[2.034019276736371,41.284251980518803],[2.034718747267711,41.284281084122433],[2.035488583204449,41.284283839375647]]]]}},
{"type":"Feature","properties":{"Campanya":2024,"Provincia":"Barcelona","Comarca":"Baix Llobregat","Municipi":"VILADECANS","ID_MUN":"08302","Grup":"HORTÍCOLES","Cultiu":"HORTA","Seca_Regad":"R","Sist_Regad":"REG PER GRAVETAT","Varietat":"NO ESPECIFICADA","Producte2n":null,"HA":0.5615,"Shape_Leng":369.99426477200001,"Shape_Le_1":369.99426477100002,"Shape_Area":5611.4662620899999,"rendiment_":19846,"area_m2":5615.08,"area_ha":0.0056,"rend_sup":111.14},"geometry":{"type":"MultiPolygon","coordinates":[[[[2.046766639484712,41.285400214173485],[2.045116033718429,41.285123667021757],[2.044890284147368,41.285450136584593],[2.046640162164581,41.285726901174677],[2.04671599364068,41.285523973923354],[2.046766639484712,41.285400214173485]]]]}},
{"type":"Feature","properties":{"Campanya":2024,"Provincia":"Barcelona","Comarca":"Baix Llobregat","Municipi":"VILADECANS","ID_MUN":"08302","Grup":"HORTÍCOLES","Cultiu":"HORTA","Seca_Regad":"R","Sist_Regad":"REG PER GRAVETAT","Varietat":"NO ESPECIFICADA","Producte2n":null,"HA":0.1764,"Shape_Leng":172.00637426599999,"Shape_Le_1":172.00637426200001,"Shape_Area":1762.5016211300001,"rendiment_":19846,"area_m2":1763.63,"area_ha":0.0018,"rend_sup":35.72},"geometry":{"type":"MultiPolygon","coordinates":[[[[2.038069102413878,41.286819015096697],[2.038124744102973,41.28633953589479],[2.037711940224149,41.2863455473804],[2.037672288764657,41.286801267334852],[2.038069102413878,41.286819015096697]]]]}},
{"type":"Feature","properties":{"Campanya":2024,"Provincia":"Barcelona","Comarca":"Baix Llobregat","Municipi":"VILADECANS","ID_MUN":"08302","Grup":"HORTÍCOLES","Cultiu":"HORTA","Seca_Regad":"R","Sist_Regad":"REG PER GRAVETAT","Varietat":"NO ESPECIFICADA","Producte2n":null,"HA":0.4522,"Shape_Leng":372.41077701900002,"Shape_Le_1":372.41077702199999,"Shape_Area":4518.6845260700002,"rendiment_":19846,"area_m2":4521.58,"area_ha":0.0045,"rend_sup":89.31},"geometry":{"type":"MultiPolygon","coordinates":[[[[2.038538114095675,41.286334735578961],[2.038176344412552,41.286338796063397],[2.03816701681633,41.28644545936033],[2.038058518200549,41.287401794552977],[2.038000114487656,41.287707258444726],[2.038346047199259,41.287766034006886],[2.038538114095675,41.286334735578961]]]]}},
{"type":"Feature","properties":{"Campanya":2024,"Provincia":"Barcelona","Comarca":"Baix Llobregat","Municipi":"VILADECANS","ID_MUN":"08302","Grup":"HORTÍCOLES","Cultiu":"HORTA","Seca_Regad":"R","Sist_Regad":"REG PER GRAVETAT","Varietat":"NO ESPECIFICADA","Producte2n":null,"HA":0.2901,"Shape_Leng":263.70321128500001,"Shape_Le_1":263.70321128400002,"Shape_Area":2899.0582273700002,"rendiment_":19846,"area_m2":2900.91,"area_ha":0.0029,"rend_sup":57.55},"geometry":{"type":"MultiPolygon","coordinates":[[[[2.035542299104381,41.292418552386906],[2.035672640921163,41.291612021761928],[2.035332811484416,41.291442973052675],[2.035299822540049,41.291436662385564],[2.035290414132124,41.291450994818206],[2.035304947824292,41.291591456152297],[2.035309056956638,41.291677333151839],[2.035207253095179,41.292402585446041],[2.035217498991317,41.29241239954407],[2.035366840935125,41.292408876216072],[2.035542299104381,41.292418552386906]]]]}},
{"type":"Feature","properties":{"Campanya":2024,"Provincia":"Barcelona","Comarca":"Baix Llobregat","Municipi":"VILADECANS","ID_MUN":"08302","Grup":"HORTÍCOLES","Cultiu":"HORTA","Seca_Regad":"R","Sist_Regad":"REG PER GRAVETAT","Varietat":"NO ESPECIFICADA","Producte2n":null,"HA":1.1707,"Shape_Leng":772.29474274799998,"Shape_Le_1":772.02702320900005,"Shape_Area":11700.3936261,"rendiment_":19846,"area_m2":11707.85,"area_ha":0.0117,"rend_sup":232.2},"geometry":{"type":"MultiPolygon","coordinates":[[[[2.02748818122812,41.292361992544627],[2.027550120862105,41.292187947442116],[2.027574436311123,41.292078620313092],[2.027598811444264,41.292013521050166],[2.027749029320167,41.291677092797222],[2.027788436207706,41.291540600015338],[2.027569417902018,41.291505311021453],[2.027556485987051,41.291523894372354],[2.027542652679054,41.291569316388568],[2.027459734846421,41.291545858128252],[2.027434672377667,41.29153236285201],[2.027385971921563,41.291551306023436],[2.027357974898495,41.291536134839838],[2.027314875441875,41.291492301721618],[2.027306465102694,41.291490058917958],[2.02726450224298,41.29167714640419],[2.02715989602068,41.292014048688017],[2.025687721779561,41.291753985240113],[2.02566734231275,41.292005361970631],[2.025778348273776,41.292036567990657],[2.026055269492932,41.292092019341133],[2.026505489532541,41.292173668867768],[2.026509864482899,41.292132605943358],[2.026526881145953,41.292114919289432],[2.026547501628107,41.292103939550508],[2.026615145061136,41.292114918969922],[2.026637609339494,41.2921313487509],[2.026652445467972,41.29215381307786],[2.026655631084665,41.292191868344013],[2.026659654145365,41.292198574299285],[2.026697792420793,41.292221038389961],[2.026708521524166,41.29224517942847],[2.026708353529214,41.292254231556953],[2.026698127752719,41.292264121922507],[2.026671220691019,41.292272672323129],[2.026646074410091,41.292263200767991],[2.026614640794024,41.292258423051038],[2.026538950007422,41.292253225118117],[2.026506007936588,41.29224467573902],[2.026505858907318,41.292196540512379],[2.025809155870376,41.292069283145075],[2.025686164962067,41.29205349041915],[2.025661820618078,41.292074335144214],[2.025643679644947,41.292298304434176],[2.026787771488653,41.292543255550811],[2.027372078626483,41.292660696564688],[2.027416461305652,41.292535054211072],[2.02748818122812,41.292361992544627]]]]}},
{"type":"Feature","properties":{"Campanya":2024,"Provincia":"Barcelona","Comarca":"Baix Llobregat","Municipi":"VILADECANS","ID_MUN":"08302","Grup":"HORTÍCOLES","Cultiu":"HORTA","Seca_Regad":"R","Sist_Regad":"REG PER GRAVETAT","Varietat":"NO ESPECIFICADA","Producte2n":null,"HA":0.9706,"Shape_Leng":454.90404438799999,"Shape_Le_1":454.352093755,"Shape_Area":9688.7084536999992,"rendiment_":19846,"area_m2":9694.86,"area_ha":0.0097,"rend_sup":192.51},"geometry":{"type":"MultiPolygon","coordinates":[[[[2.021948082320091,41.29961084015914],[2.022585843017376,41.298873989953883],[2.022957024532698,41.298476660675227],[2.022979565961882,41.298406772886338],[2.022944623549166,41.298355132971729],[2.0224713567929,41.298125477087808],[2.021267488544615,41.299437750709004],[2.021320434302493,41.299491525867431],[2.021507789354854,41.299556245741677],[2.021582403353306,41.299570970585009],[2.021693638819827,41.2995845050743],[2.021735422225269,41.299584860194194],[2.021782839695752,41.299581066540377],[2.021852760819879,41.299562778115643],[2.021920701552653,41.299589135190118],[2.021948082320091,41.29961084015914]]]]}},
{"type":"Feature","properties":{"Campanya":2024,"Provincia":"Barcelona","Comarca":"Baix Llobregat","Municipi":"VILADECANS","ID_MUN":"08302","Grup":"HORTÍCOLES","Cultiu":"HORTA","Seca_Regad":"R","Sist_Regad":"REG PER GRAVETAT","Varietat":"NO ESPECIFICADA","Producte2n":null,"HA":0.8481,"Shape_Leng":511.400622607,"Shape_Le_1":511.220140125,"Shape_Area":8476.6421564100001,"rendiment_":19846,"area_m2":8482.03,"area_ha":0.0085,"rend_sup":168.69},"geometry":{"type":"MultiPolygon","coordinates":[[[[2.022222393635551,41.2997412208667],[2.022362101161659,41.299763934806101],[2.022526942522929,41.299819469517459],[2.022993032782316,41.299184627576651],[2.023475442363516,41.298527529268767],[2.023505839561189,41.298486179234665],[2.023158624910299,41.298325692015517],[2.023087813707429,41.298348511716405],[2.022965259233702,41.298340986949889],[2.023008031065157,41.298404312215588],[2.022982103988154,41.298484890316004],[2.022612038859774,41.298887453562038],[2.022028088402413,41.299559951451215],[2.022038958834021,41.29958202955325],[2.021978806901433,41.299659809805028],[2.021869396264464,41.299786731246328],[2.021788793578307,41.299895940761701],[2.021794223267399,41.29991466235581],[2.021845881187073,41.299959634010605],[2.021946785760706,41.300031982039727],[2.022222393635551,41.2997412208667]]]]}},
{"type":"Feature","properties":{"Campanya":2024,"Provincia":"Barcelona","Comarca":"Baix Llobregat","Municipi":"VILADECANS","ID_MUN":"08302","Grup":"HORTÍCOLES","Cultiu":"HORTA","Seca_Regad":"R","Sist_Regad":"REG PER GRAVETAT","Varietat":"NO ESPECIFICADA","Producte2n":null,"HA":0.7475,"Shape_Leng":360.020076733,"Shape_Le_1":360.02007672600001,"Shape_Area":7470.6117126099998,"rendiment_":19846,"area_m2":7475.39,"area_ha":0.0075,"rend_sup":148.85},"geometry":{"type":"MultiPolygon","coordinates":[[[[2.034866312541342,41.301399510132669],[2.034397768561855,41.301201649602199],[2.033768456395407,41.300898220704461],[2.033358459141251,41.301395783658059],[2.034160097063436,41.301847754972918],[2.034266387881152,41.301837003589213],[2.034347442791139,41.301849492579123],[2.034393124438231,41.301875980730891],[2.034442244102523,41.301918646526431],[2.034441908844823,41.301941697760647],[2.03447007257939,41.301962820828727],[2.034866312541342,41.301399510132669]]]]}},
{"type":"Feature","properties":{"Campanya":2024,"Provincia":"Barcelona","Comarca":"Baix Llobregat","Municipi":"VILADECANS","ID_MUN":"08302","Grup":"HORTÍCOLES","Cultiu":"HORTA","Seca_Regad":"R","Sist_Regad":"REG PER GRAVETAT","Varietat":"NO ESPECIFICADA","Producte2n":null,"HA":1.6848,"Shape_Leng":609.81781570600003,"Shape_Le_1":609.81781593300002,"Shape_Area":16837.126015400001,"rendiment_":19846,"area_m2":16847.93,"area_ha":0.0168,"rend_sup":333.41},"geometry":{"type":"MultiPolygon","coordinates":[[[[2.041566344453909,41.301637950944567],[2.039974348751591,41.301192113425159],[2.039118000368433,41.300952211811257],[2.038946042952292,41.30090402134644],[2.03893267759424,41.300954656776611],[2.038815540148543,41.301145225311913],[2.038705697860338,41.301306350250243],[2.038884025433747,41.301372413999758],[2.03884659045151,41.301437501997363],[2.040718875226799,41.302215525043664],[2.040766481500478,41.302216918927087],[2.040865425163682,41.302227320322842],[2.040974363156263,41.302249298602312],[2.041073054385447,41.302276936461162],[2.041191470046604,41.302316988875859],[2.041566344453909,41.301637950944567]]]]}},
{"type":"Feature","properties":{"Campanya":2024,"Provincia":"Barcelona","Comarca":"Baix Llobregat","Municipi":"VILADECANS","ID_MUN":"08302","Grup":"HORTÍCOLES","Cultiu":"HORTA","Seca_Regad":"R","Sist_Regad":"REG PER GRAVETAT","Varietat":"NO ESPECIFICADA","Producte2n":null,"HA":1.3163,"Shape_Leng":505.21500843500002,"Shape_Le_1":505.215008431,"Shape_Area":13154.309439299999,"rendiment_":19846,"area_m2":13162.74,"area_ha":0.0132,"rend_sup":261.97},"geometry":{"type":"MultiPolygon","coordinates":[[[[2.040264968618979,41.30288833971516],[2.040361994418547,41.302931234145312],[2.040880341586115,41.302324025903133],[2.040821579523837,41.302310999468524],[2.040819388602445,41.30232585005605],[2.040706652117038,41.302272896165611],[2.039023373653913,41.301586175748945],[2.038561753124647,41.30213534695767],[2.040264968618979,41.30288833971516]]]]}},
{"type":"Feature","properties":{"Campanya":2024,"Provincia":"Barcelona","Comarca":"Baix Llobregat","Municipi":"VILADECANS","ID_MUN":"08302","Grup":"HORTÍCOLES","Cultiu":"HORTA","Seca_Regad":"R","Sist_Regad":"REG PER GRAVETAT","Varietat":"NO ESPECIFICADA","Producte2n":null,"HA":0.2906,"Shape_Leng":248.913333717,"Shape_Le_1":248.914258168,"Shape_Area":2903.43143151,"rendiment_":19846,"area_m2":2905.09,"area_ha":0.0029,"rend_sup":57.55},"geometry":{"type":"MultiPolygon","coordinates":[[[[2.032868460852211,41.302423281660367],[2.032801172594537,41.302391921096046],[2.032566692946701,41.302648159623942],[2.032643451591094,41.302684271255359],[2.032866395061572,41.302804727907947],[2.032957657404456,41.302850156147159],[2.033088367313595,41.302852795430717],[2.033100214313682,41.302880615826389],[2.033085460568107,41.302911292464493],[2.033085096600237,41.302935930586926],[2.033118366895014,41.303007160306869],[2.033126634309133,41.303028192115526],[2.033194084271964,41.303099524158291],[2.033252747992971,41.30315457499335],[2.033543228123601,41.30283430100544],[2.033550146157479,41.302781185448552],[2.033520924513525,41.302752426543293],[2.033493564377136,41.302736013760203],[2.033430543651142,41.302711595521941],[2.033346080885488,41.302685455078013],[2.033308393158591,41.302669772507258],[2.033230248503994,41.302629781815114],[2.032987244767508,41.302478994496347],[2.032868460852211,41.302423281660367]]]]}},
{"type":"Feature","properties":{"Campanya":2024,"Provincia":"Barcelona","Comarca":"Baix Llobregat","Municipi":"VILADECANS","ID_MUN":"08302","Grup":"HORTÍCOLES","Cultiu":"HORTA","Seca_Regad":"R","Sist_Regad":"REG PER GRAVETAT","Varietat":"NO ESPECIFICADA","Producte2n":null,"HA":0.7704,"Shape_Leng":473.90117451600003,"Shape_Le_1":473.90120516399998,"Shape_Area":7698.9198062300002,"rendiment_":19846,"area_m2":7703.84,"area_ha":0.0077,"rend_sup":152.81},"geometry":{"type":"MultiPolygon","coordinates":[[[[2.034097783730997,41.302789361915451],[2.034161148709717,41.302689285079936],[2.034199352580206,41.302642731767328],[2.033064431306169,41.301918189489697],[2.032966406930989,41.302109498945782],[2.032826462537283,41.302360626828175],[2.032950369711344,41.302408077746811],[2.033177484380453,41.302516459032759],[2.03324388585904,41.30254245330979],[2.033269396160741,41.302541600167636],[2.033296654940737,41.302518361612684],[2.033348288432817,41.302495616898511],[2.033376533066259,41.30249952559236],[2.033413247341625,41.302510507008471],[2.033441410592124,41.302523163180972],[2.033451134506214,41.302551830443456],[2.033443253954373,41.302585107689637],[2.033424814158687,41.30260891305165],[2.033413749146602,41.302630455480042],[2.03353855927119,41.302682425253231],[2.033640119389827,41.302737825254312],[2.03363271199549,41.302779512374137],[2.033283435643169,41.303200945317975],[2.033287224683838,41.303220998323859],[2.033392786785347,41.303266546314696],[2.033516733841342,41.303312248582202],[2.033705945034025,41.303370768774407],[2.033828743442915,41.303349059927136],[2.034123966414668,41.303000279217208],[2.034057328265615,41.302932717908249],[2.034060848623863,41.302927688784656],[2.034061352958124,41.302882425340947],[2.034085958182421,41.302853630965117],[2.034097783730997,41.302789361915451]]]]}},
{"type":"Feature","properties":{"Campanya":2024,"Provincia":"Barcelona","Comarca":"Baix Llobregat","Municipi":"VILADECANS","ID_MUN":"08302","Grup":"HORTÍCOLES","Cultiu":"HORTA","Seca_Regad":"R","Sist_Regad":"REG PER GRAVETAT","Varietat":"NO ESPECIFICADA","Producte2n":null,"HA":0.5936,"Shape_Leng":307.45680089400003,"Shape_Le_1":307.42569398799998,"Shape_Area":5931.0890650900001,"rendiment_":19846,"area_m2":5934.89,"area_ha":0.0059,"rend_sup":117.09},"geometry":{"type":"MultiPolygon","coordinates":[[[[2.037477065348417,41.302946287503836],[2.037078179509832,41.302820812494545],[2.037026089748986,41.302900206776513],[2.03691474101815,41.303098831275982],[2.036859394130679,41.303238336318472],[2.036839964499189,41.3033733291361],[2.037683986424256,41.303748180513146],[2.038015630589436,41.30311820685737],[2.037477065348417,41.302946287503836]]]]}},
{"type":"Feature","properties":{"Campanya":2024,"Provincia":"Barcelona","Comarca":"Baix Llobregat","Municipi":"VILADECANS","ID_MUN":"08302","Grup":"HORTÍCOLES","Cultiu":"HORTA","Seca_Regad":"R","Sist_Regad":"REG PER GRAVETAT","Varietat":"NO ESPECIFICADA","Producte2n":null,"HA":0.4396,"Shape_Leng":299.54247483300003,"Shape_Le_1":298.80623873399998,"Shape_Area":4393.8302844700002,"rendiment_":19846,"area_m2":4396.65,"area_ha":0.0044,"rend_sup":87.32},"geometry":{"type":"MultiPolygon","coordinates":[[[[2.042274868992084,41.303511871462632],[2.041829250891834,41.303309900011378],[2.041066781295744,41.304087825840838],[2.041438724251748,41.304278653955961],[2.042274868992084,41.303511871462632]]]]}},
{"type":"Feature","properties":{"Campanya":2024,"Provincia":"Barcelona","Comarca":"Baix Llobregat","Municipi":"VILADECANS","ID_MUN":"08302","Grup":"HORTÍCOLES","Cultiu":"HORTA","Seca_Regad":"R","Sist_Regad":"REG PER GRAVETAT","Varietat":"NO ESPECIFICADA","Producte2n":null,"HA":0.373,"Shape_Leng":282.08663068700002,"Shape_Le_1":282.10832572499999,"Shape_Area":3728.3678947200001,"rendiment_":19846,"area_m2":3730.76,"area_ha":0.0037,"rend_sup":73.43},"geometry":{"type":"MultiPolygon","coordinates":[[[[2.042660957734759,41.303738999570839],[2.042546928243336,41.30367732278139],[2.042459813789903,41.303653368418374],[2.042429976311146,41.303654406482998],[2.042397229200137,41.303691925426371],[2.042353172604871,41.303662808437466],[2.042328338285369,41.303661932551719],[2.042280264590386,41.303645060369263],[2.042241506786393,41.303624770735098],[2.042224248298527,41.30362086105179],[2.04201126560854,41.303813503216432],[2.041630988496108,41.304195752873206],[2.041507156639007,41.304313782512942],[2.041831463803061,41.304480370745217],[2.042157663873119,41.304215474094413],[2.042660957734759,41.303738999570839]]]]}},
{"type":"Feature","properties":{"Campanya":2024,"Provincia":"Barcelona","Comarca":"Baix Llobregat","Municipi":"VILADECANS","ID_MUN":"08302","Grup":"HORTÍCOLES","Cultiu":"HORTA","Seca_Regad":"R","Sist_Regad":"REG PER GRAVETAT","Varietat":"NO ESPECIFICADA","Producte2n":null,"HA":0.5846,"Shape_Leng":470.722220424,"Shape_Le_1":470.72222042099997,"Shape_Area":5842.4827113800002,"rendiment_":19846,"area_m2":5846.22,"area_ha":0.0058,"rend_sup":115.11},"geometry":{"type":"MultiPolygon","coordinates":[[[[2.033353339726008,41.303274284046608],[2.033247227474503,41.303248192309475],[2.031859486331763,41.304707736859029],[2.031853718732723,41.304753711742293],[2.031856424397644,41.304779307956899],[2.032105760116001,41.304903932465287],[2.033238260222893,41.303678029701729],[2.033543275783887,41.303337007232301],[2.03343864877498,41.303295260330323],[2.033353339726008,41.303274284046608]]]]}},
{"type":"Feature","properties":{"Campanya":2024,"Provincia":"Barcelona","Comarca":"Baix Llobregat","Municipi":"VILADECANS","ID_MUN":"08302","Grup":"HORTÍCOLES","Cultiu":"HORTA","Seca_Regad":"R","Sist_Regad":"REG PER GRAVETAT","Varietat":"NO ESPECIFICADA","Producte2n":null,"HA":0.5233,"Shape_Leng":303.434706764,"Shape_Le_1":303.43699197500001,"Shape_Area":5236.5358402900001,"rendiment_":19846,"area_m2":5239.89,"area_ha":0.0052,"rend_sup":103.2},"geometry":{"type":"MultiPolygon","coordinates":[[[[2.037055095829346,41.306240554773062],[2.037345662238012,41.305960544167299],[2.037143559500043,41.305922479246838],[2.037082696518252,41.305930536318726],[2.037029036171584,41.305944637361399],[2.036957935549375,41.305923486267865],[2.036905616360416,41.305891257111249],[2.036760733624684,41.305866077340085],[2.036674877403802,41.305856005331123],[2.036601094080796,41.30582981883952],[2.036492953844628,41.305796354816117],[2.03645061007296,41.305787861092789],[2.036418916375229,41.305847317013971],[2.036350204328915,41.305946455820006],[2.036222447384159,41.306080231612803],[2.036021119351632,41.306278065636334],[2.036612487560222,41.30662332004438],[2.036905399433821,41.30637941186459],[2.037055095829346,41.306240554773062]]]]}},
{"type":"Feature","properties":{"Campanya":2024,"Provincia":"Barcelona","Comarca":"Baix Llobregat","Municipi":"VILADECANS","ID_MUN":"08302","Grup":"HORTÍCOLES","Cultiu":"HORTA","Seca_Regad":"R","Sist_Regad":"REG PER GRAVETAT","Varietat":"NO ESPECIFICADA","Producte2n":null,"HA":0.58,"Shape_Leng":335.88476371600001,"Shape_Le_1":335.8498341,"Shape_Area":5795.7818463399999,"rendiment_":19846,"area_m2":5799.49,"area_ha":0.0058,"rend_sup":115.11},"geometry":{"type":"MultiPolygon","coordinates":[[[[2.033319599554591,41.30661050235009],[2.03320579766688,41.306542981336833],[2.033146162176378,41.306586499609153],[2.033065716811122,41.306540783185717],[2.03312175996217,41.306493807390225],[2.032983615617131,41.306413026971704],[2.032955906243052,41.306356047249793],[2.032490311034663,41.306768734699475],[2.032549646436075,41.306806163657917],[2.032622677227204,41.306842897006966],[2.032634651338772,41.306845988163218],[2.032850759873662,41.306973992460897],[2.03351195852111,41.307339648152258],[2.03357296107971,41.307333825327149],[2.033846693892654,41.307103045655396],[2.033866088044701,41.307077221549577],[2.033868914519583,41.307049945070354],[2.033727061282229,41.306894328179951],[2.033519502694045,41.306744681815779],[2.033319599554591,41.30661050235009]]]]}},
{"type":"Feature","properties":{"Campanya":2024,"Provincia":"Barcelona","Comarca":"Baix Llobregat","Municipi":"VILADECANS","ID_MUN":"08302","Grup":"HORTÍCOLES","Cultiu":"HORTA","Seca_Regad":"R","Sist_Regad":"REG PER GRAVETAT","Varietat":"NO ESPECIFICADA","Producte2n":null,"HA":0.6,"Shape_Leng":323.80074704700002,"Shape_Le_1":323.80082142800001,"Shape_Area":5995.85797241,"rendiment_":19846,"area_m2":5999.69,"area_ha":0.006,"rend_sup":119.08},"geometry":{"type":"MultiPolygon","coordinates":[[[[2.032518008253137,41.306827894263549],[2.032456629967484,41.306798590545121],[2.032016982130725,41.307188209057628],[2.033010874779119,41.307721021100555],[2.033071733376737,41.307675407210191],[2.033161050365107,41.307662716374644],[2.033258291079268,41.307596326623809],[2.033494171686166,41.307399631663429],[2.033431461059545,41.307346879061903],[2.032823863776986,41.306999064277328],[2.032518008253137,41.306827894263549]]]]}},
{"type":"Feature","properties":{"Campanya":2024,"Provincia":"Barcelona","Comarca":"Baix Llobregat","Municipi":"VILADECANS","ID_MUN":"08302","Grup":"HORTÍCOLES","Cultiu":"HORTA","Seca_Regad":"R","Sist_Regad":"REG PER GRAVETAT","Varietat":"NO ESPECIFICADA","Producte2n":null,"HA":0.5,"Shape_Leng":299.69171247200001,"Shape_Le_1":299.69171247000003,"Shape_Area":4996.8925274599997,"rendiment_":19846,"area_m2":5000.09,"area_ha":0.005,"rend_sup":99.23},"geometry":{"type":"MultiPolygon","coordinates":[[[[2.034206068810646,41.307243877786604],[2.033937258389871,41.307105075881324],[2.033917881273682,41.307110811414894],[2.033297171254814,41.307619055948642],[2.033179011694496,41.307742316882539],[2.033143769322275,41.307792176004888],[2.033539273399914,41.308003299950101],[2.034276165339121,41.307520998034931],[2.034465033849511,41.307391070815846],[2.034206068810646,41.307243877786604]]]]}},
{"type":"Feature","properties":{"Campanya":2024,"Provincia":"Barcelona","Comarca":"Baix Llobregat","Municipi":"VILADECANS","ID_MUN":"08302","Grup":"HORTÍCOLES","Cultiu":"HORTA","Seca_Regad":"R","Sist_Regad":"REG PER GRAVETAT","Varietat":"NO ESPECIFICADA","Producte2n":null,"HA":0.1534,"Shape_Leng":161.689389656,"Shape_Le_1":156.50488122799999,"Shape_Area":1528.4513049,"rendiment_":19846,"area_m2":1529.43,"area_ha":0.0015,"rend_sup":29.77},"geometry":{"type":"MultiPolygon","coordinates":[[[[2.033910812111777,41.308492590988372],[2.033973872583859,41.308445052170498],[2.033687857118473,41.308217853454835],[2.033311964547326,41.308458118149503],[2.033610107558002,41.308713997987311],[2.033681456662884,41.308665381358352],[2.033910812111777,41.308492590988372]]]]}},
{"type":"Feature","properties":{"Campanya":2024,"Provincia":"Barcelona","Comarca":"Baix Llobregat","Municipi":"VILADECANS","ID_MUN":"08302","Grup":"HORTÍCOLES","Cultiu":"HORTA","Seca_Regad":"R","Sist_Regad":"REG PER GRAVETAT","Varietat":"NO ESPECIFICADA","Producte2n":null,"HA":1.3233,"Shape_Leng":783.63370349800005,"Shape_Le_1":783.76779365000004,"Shape_Area":13227.6005286,"rendiment_":19846,"area_m2":13236.08,"area_ha":0.0132,"rend_sup":261.97},"geometry":{"type":"MultiPolygon","coordinates":[[[[2.038946966271152,41.308398710031938],[2.039023559383701,41.308344546132126],[2.039611927059332,41.307872356415025],[2.041119500833954,41.306662434334143],[2.041336565421424,41.306489741251731],[2.041074204317309,41.306371046476556],[2.040091923733025,41.307071132137096],[2.038190084896777,41.30834452569794],[2.037961712712116,41.308488450915064],[2.038387927916579,41.308794412485881],[2.038408090355494,41.308808886004833],[2.038661131603328,41.308620217180874],[2.038896983345349,41.308436387851366],[2.038946966271152,41.308398710031938]]]]}},
{"type":"Feature","properties":{"Campanya":2024,"Provincia":"Barcelona","Comarca":"Baix Llobregat","Municipi":"VILADECANS","ID_MUN":"08302","Grup":"HORTÍCOLES","Cultiu":"HORTA","Seca_Regad":"R","Sist_Regad":"REG PER GRAVETAT","Varietat":"NO ESPECIFICADA","Producte2n":null,"HA":0.2861,"Shape_Leng":287.88483959299998,"Shape_Le_1":287.88483959400003,"Shape_Area":2858.8945276300001,"rendiment_":19846,"area_m2":2860.73,"area_ha":0.0029,"rend_sup":57.55},"geometry":{"type":"MultiPolygon","coordinates":[[[[2.037524142977815,41.309066632568978],[2.037338071533631,41.308895815790258],[2.036444795960109,41.30947930749084],[2.036512474186313,41.309850229981926],[2.036520084367915,41.309850690019196],[2.036559519586296,41.309763186236879],[2.036593298947504,41.309727478266019],[2.036663374385915,41.309669306495273],[2.03737066483022,41.309168307610243],[2.037524142977815,41.309066632568978]]]]}},
{"type":"Feature","properties":{"Campanya":2024,"Provincia":"Barcelona","Comarca":"Baix Llobregat","Municipi":"VILADECANS","ID_MUN":"08302","Grup":"HORTÍCOLES","Cultiu":"HORTA","Seca_Regad":"R","Sist_Regad":"REG PER GRAVETAT","Varietat":"NO ESPECIFICADA","Producte2n":null,"HA":0.3984,"Shape_Leng":334.81657696500002,"Shape_Le_1":334.81657696299999,"Shape_Area":3981.2658092400002,"rendiment_":19846,"area_m2":3983.82,"area_ha":0.004,"rend_sup":79.38},"geometry":{"type":"MultiPolygon","coordinates":[[[[2.037677383312486,41.30907833564833],[2.037660354451599,41.309048903298823],[2.037634116016988,41.309052634648303],[2.03757544076464,41.309069649391773],[2.037525986232709,41.30908767169332],[2.037010816428582,41.309456736198861],[2.036680894001206,41.309686237862792],[2.036601178436978,41.309745835024309],[2.03657888165486,41.3097768488756],[2.036551219942379,41.309840469416535],[2.03655788234228,41.309937028864724],[2.03655133195058,41.310000657671644],[2.036552524264042,41.310049579747186],[2.036565323145315,41.310097155959291],[2.036579168888196,41.310122313843799],[2.037865538461286,41.309219246086748],[2.037825164512585,41.309206697003447],[2.037761489009306,41.309146821803338],[2.037677383312486,41.30907833564833]]]]}},
{"type":"Feature","properties":{"Campanya":2024,"Provincia":"Barcelona","Comarca":"Baix Llobregat","Municipi":"VILADECANS","ID_MUN":"08302","Grup":"HORTÍCOLES","Cultiu":"HORTA","Seca_Regad":"R","Sist_Regad":"REG PER GRAVETAT","Varietat":"NO ESPECIFICADA","Producte2n":null,"HA":0.2672,"Shape_Leng":207.66171542399999,"Shape_Le_1":207.661715426,"Shape_Area":2670.5016768700002,"rendiment_":19846,"area_m2":2672.21,"area_ha":0.0027,"rend_sup":53.58},"geometry":{"type":"MultiPolygon","coordinates":[[[[2.0318213578142,41.310037199282299],[2.031435875043121,41.309789811964684],[2.031420276983828,41.309779801938525],[2.030934267631147,41.310108138705523],[2.030936408971018,41.310115603304205],[2.031234488902895,41.310348341900792],[2.031274464381601,41.310367594283839],[2.031336754873437,41.310380367942017],[2.031360285241151,41.310396779619175],[2.031367552529574,41.310422423217489],[2.0318213578142,41.310037199282299]]]]}},
{"type":"Feature","properties":{"Campanya":2024,"Provincia":"Barcelona","Comarca":"Baix Llobregat","Municipi":"VILADECANS","ID_MUN":"08302","Grup":"HORTÍCOLES","Cultiu":"HORTA","Seca_Regad":"R","Sist_Regad":"REG PER GRAVETAT","Varietat":"NO ESPECIFICADA","Producte2n":null,"HA":0.3552,"Shape_Leng":295.88876659900001,"Shape_Le_1":295.8887666,"Shape_Area":3549.2858429200001,"rendiment_":19846,"area_m2":3551.56,"area_ha":0.0036,"rend_sup":71.45},"geometry":{"type":"MultiPolygon","coordinates":[[[[2.035693778091996,41.310808925816531],[2.036541999546286,41.310231678486105],[2.036571181453814,41.310211819324849],[2.036525138827886,41.310184163454984],[2.036475728603779,41.310126404846891],[2.036463001232915,41.310059778178648],[2.036465992054983,41.309960022577428],[2.036463420107089,41.309927888100127],[2.036439626061685,41.30991413609604],[2.035364040568092,41.310638715398248],[2.035519683382431,41.310746358760674],[2.035512306545822,41.310751215087492],[2.035550467673129,41.310792595030911],[2.035596989247527,41.310798211038382],[2.035615681515958,41.310794020596077],[2.035660715569646,41.310831426293745],[2.035693778091996,41.310808925816531]]]]}},
{"type":"Feature","properties":{"Campanya":2024,"Provincia":"Barcelona","Comarca":"Baix Llobregat","Municipi":"VILADECANS","ID_MUN":"08302","Grup":"HORTÍCOLES","Cultiu":"HORTA","Seca_Regad":"R","Sist_Regad":"REG PER GRAVETAT","Varietat":"NO ESPECIFICADA","Producte2n":null,"HA":4.4417,"Shape_Leng":2531.2578091199998,"Shape_Le_1":2531.2576513,"Shape_Area":44388.581994200002,"rendiment_":19846,"area_m2":44417.03,"area_ha":0.0444,"rend_sup":881.16},"geometry":{"type":"MultiPolygon","coordinates":[[[[2.038929241058312,41.311253812865914],[2.039716986057507,41.310395585450955],[2.03977315638059,41.31033438899842],[2.040649300252782,41.309379832519987],[2.041296508769548,41.308665539282039],[2.041349902205785,41.308606610007487],[2.04158741835238,41.308344471611271],[2.042045537822703,41.307812103197534],[2.042563495979099,41.307210190017273],[2.042481721063434,41.307143149031631],[2.042420586118114,41.307112691995663],[2.042347402904042,41.307091119759562],[2.042279991779535,41.307080823469171],[2.042296519025398,41.307063092623117],[2.042172570546921,41.307027112683734],[2.041541516508282,41.307711397083786],[2.041443726745605,41.307661851667852],[2.042097337879805,41.306992709032244],[2.042069886373663,41.306982842446885],[2.04202546118004,41.306924824115924],[2.041971088433374,41.306844474216085],[2.041927943774009,41.306796916213749],[2.04175167090925,41.306687537871014],[2.041688264427984,41.306661338339836],[2.040671674693761,41.307698457789748],[2.040817076056314,41.30777759961029],[2.040252328246166,41.308344523584665],[2.039888175905495,41.308721968993645],[2.039985902800685,41.308780304805083],[2.040054800411597,41.308720795208622],[2.040084221847264,41.308712446439415],[2.040116364679289,41.308683649709323],[2.040159326015922,41.30866103141738],[2.040189813964636,41.308674933956162],[2.040101879508345,41.308762603836776],[2.040143334642626,41.308791774737216],[2.040181538998517,41.308811435324451],[2.040097837031518,41.308894288105407],[2.040155034066387,41.308931412473001],[2.040128084697211,41.308956748570708],[2.039993421848449,41.308872229618274],[2.038989462245839,41.309919060879906],[2.037940072168132,41.311034808658412],[2.038070056838241,41.311074987982252],[2.038100258523168,41.311092806077191],[2.038115167570797,41.311077631266102],[2.038797910467375,41.310383768858635],[2.03883552520802,41.310442629584905],[2.038895499087286,41.310483178122873],[2.038875118220625,41.310504589213878],[2.03888290844753,41.310516779442565],[2.039096151115809,41.310286942333484],[2.039987181493274,41.309345974952286],[2.039997778341888,41.30932517113515],[2.040082614663095,41.309230755845547],[2.039962691672616,41.309181903732501],[2.040108378393393,41.309030450965835],[2.040245349765242,41.309097861101293],[2.040283219949157,41.30905780665833],[2.040330086438883,41.309074060689944],[2.040486126273183,41.308936750103165],[2.04064824954646,41.308764647746877],[2.041196679843496,41.308211391879517],[2.041392035976442,41.308005574226762],[2.041444577829038,41.307977032581277],[2.041102051440239,41.3083444851991],[2.040288757704992,41.309168212913775],[2.040274271088399,41.309203041568622],[2.040294863378912,41.309216273371625],[2.040264863258406,41.309249892662869],[2.040215696130768,41.309230115468587],[2.040215082842069,41.309247495001244],[2.040204270656948,41.309292352710031],[2.040184397698361,41.309319751115069],[2.040160500633936,41.30934401464615],[2.040125412615169,41.309331122221749],[2.040089043749532,41.309323946129659],[2.040057902449332,41.309333308320753],[2.040008043559543,41.309375506486518],[2.039496753309004,41.309916971979604],[2.039059315667366,41.310387003647719],[2.039009198584263,41.310430414337439],[2.038441291714277,41.311041134509331],[2.038528122951603,41.311077855089728],[2.038434644708347,41.311174051657986],[2.038464901800079,41.311179979206706],[2.038538547544636,41.311096550940931],[2.038600617677938,41.311120971042754],[2.038656566522301,41.311165634074626],[2.038909568315854,41.311275245308231],[2.038929241058312,41.311253812865914]]]]}},
{"type":"Feature","properties":{"Campanya":2024,"Provincia":"Barcelona","Comarca":"Baix Llobregat","Municipi":"VILADECANS","ID_MUN":"08302","Grup":"HORTÍCOLES","Cultiu":"HORTA","Seca_Regad":"R","Sist_Regad":"REG PER GRAVETAT","Varietat":"NO ESPECIFICADA","Producte2n":null,"HA":0.3572,"Shape_Leng":394.56228827500001,"Shape_Le_1":394.17213401200001,"Shape_Area":3566.1829833900001,"rendiment_":19846,"area_m2":3568.46,"area_ha":0.0036,"rend_sup":71.45},"geometry":{"type":"MultiPolygon","coordinates":[[[[2.035378952099226,41.310411967218776],[2.035238102575788,41.31028895592965],[2.033600758,41.311316630680949],[2.033862901140444,41.311395125625019],[2.033952858941612,41.311428698919812],[2.033999387614174,41.31137381079391],[2.034197770805317,41.311251209681949],[2.034259718061451,41.311207119407307],[2.034361188810354,41.311062992785921],[2.034402964523321,41.311025107866492],[2.034645012400845,41.310879770524501],[2.035378952099226,41.310411967218776]]]]}},
{"type":"Feature","properties":{"Campanya":2024,"Provincia":"Barcelona","Comarca":"Baix Llobregat","Municipi":"VILADECANS","ID_MUN":"08302","Grup":"HORTÍCOLES","Cultiu":"HORTA","Seca_Regad":"R","Sist_Regad":"REG PER GRAVETAT","Varietat":"NO ESPECIFICADA","Producte2n":null,"HA":0.0534,"Shape_Leng":107.89563868,"Shape_Le_1":107.89563868099999,"Shape_Area":534.03506315499999,"rendiment_":19846,"area_m2":534.38,"area_ha":0.0005,"rend_sup":9.92},"geometry":{"type":"MultiPolygon","coordinates":[[[[2.034493481841288,41.311240644937016],[2.034330442966074,41.311183953497761],[2.034282986161185,41.311231172122206],[2.034026804410514,41.311407838247156],[2.034030172924973,41.311459820457245],[2.034084244001614,41.311486065649035],[2.034124880901523,41.311500998952646],[2.034493481841288,41.311240644937016]]]]}},
{"type":"Feature","properties":{"Campanya":2024,"Provincia":"Barcelona","Comarca":"Baix Llobregat","Municipi":"VILADECANS","ID_MUN":"08302","Grup":"FRUITA DOLÇA","Cultiu":"FIGUERA","Seca_Regad":"R","Sist_Regad":"REG PER GRAVETAT","Varietat":"COLL DE DAMA BLANCA-NEGRA","Producte2n":null,"HA":0.0996,"Shape_Leng":130.86379506399999,"Shape_Le_1":130.86379506599999,"Shape_Area":995.22382471699996,"rendiment_":12400,"area_m2":995.86,"area_ha":0.001,"rend_sup":12.4},"geometry":{"type":"MultiPolygon","coordinates":[[[[2.027506211903003,41.291275915254076],[2.027359016568258,41.291255756506509],[2.027312334474713,41.291463888258541],[2.027569417902018,41.291505311021453],[2.027788436207706,41.291540600015338],[2.027851855823763,41.291323150532513],[2.027506211903003,41.291275915254076]]]]}},
{"type":"Feature","properties":{"Campanya":2024,"Provincia":"Barcelona","Comarca":"Baix Llobregat","Municipi":"VILADECANS","ID_MUN":"08302","Grup":"FRUITA DOLÇA","Cultiu":"FIGUERA","Seca_Regad":"R","Sist_Regad":"REG PER GRAVETAT","Varietat":"COLL DE DAMA BLANCA-NEGRA","Producte2n":null,"HA":0.0568,"Shape_Leng":99.93903384,"Shape_Le_1":99.941850378400005,"Shape_Area":567.62972101599996,"rendiment_":12400,"area_m2":567.99,"area_ha":0.0006,"rend_sup":7.44},"geometry":{"type":"MultiPolygon","coordinates":[[[[2.027669589149789,41.291968179217491],[2.027595012795131,41.2921245528009],[2.027568207163279,41.292213780032128],[2.027579481712631,41.292215878503555],[2.027586970950059,41.292194637938572],[2.027843885141072,41.2922328627645],[2.02789683927079,41.291995485633585],[2.027669589149789,41.291968179217491]]]]}},
{"type":"Feature","properties":{"Campanya":2024,"Provincia":"Barcelona","Comarca":"Baix Llobregat","Municipi":"VILADECANS","ID_MUN":"08302","Grup":"FRUITA DOLÇA","Cultiu":"FIGUERA","Seca_Regad":"R","Sist_Regad":"REG PER GRAVETAT","Varietat":"COLL DE DAMA BLANCA-NEGRA","Producte2n":null,"HA":0.1379,"Shape_Leng":183.887871007,"Shape_Le_1":183.88787100499999,"Shape_Area":1378.5375079400001,"rendiment_":12400,"area_m2":1379.42,"area_ha":0.0014,"rend_sup":17.36},"geometry":{"type":"MultiPolygon","coordinates":[[[[2.02918501303437,41.292143062044275],[2.029144689447159,41.291878475566612],[2.028885281163708,41.291798283254771],[2.028886262600707,41.291840495798802],[2.028892647872841,41.292115143095437],[2.028883979513463,41.292114102547792],[2.028890115447381,41.292125242682637],[2.028856645398992,41.292400210379682],[2.029100118335495,41.292438729109243],[2.029115667681591,41.292441189368866],[2.02909809018311,41.292139927485998],[2.02918501303437,41.292143062044275]]]]}},
{"type":"Feature","properties":{"Campanya":2024,"Provincia":"Barcelona","Comarca":"Baix Llobregat","Municipi":"VILADECANS","ID_MUN":"08302","Grup":"FRUITA DOLÇA","Cultiu":"FIGUERA","Seca_Regad":"R","Sist_Regad":"REG PER GRAVETAT","Varietat":"COLL DE DAMA BLANCA-NEGRA","Producte2n":null,"HA":0.0365,"Shape_Leng":142.17127428000001,"Shape_Le_1":142.172222175,"Shape_Area":364.95472478,"rendiment_":12400,"area_m2":365.19,"area_ha":0.0004,"rend_sup":4.96},"geometry":{"type":"MultiPolygon","coordinates":[[[[2.028993974260226,41.29277151147852],[2.028955237994847,41.292767283470695],[2.028901283542365,41.292773402958652],[2.028883909868582,41.29278523650818],[2.028673657138054,41.293152055708617],[2.028742143352692,41.293166058540372],[2.02900910381329,41.29283060287618],[2.028993974260226,41.29277151147852]],[[2.028722410942385,41.293100587773097],[2.028779829422942,41.293012407647758],[2.028833978728771,41.293041075448706],[2.028767507591816,41.293124728559079],[2.028728781708647,41.293106287498652],[2.028722410942385,41.293100587773097]]]]}},
{"type":"Feature","properties":{"Campanya":2024,"Provincia":"Barcelona","Comarca":"Baix Llobregat","Municipi":"VILADECANS","ID_MUN":"08302","Grup":"FRUITA DOLÇA","Cultiu":"FIGUERA","Seca_Regad":"R","Sist_Regad":"REG PER GRAVETAT","Varietat":"COLL DE DAMA BLANCA-NEGRA","Producte2n":null,"HA":0.111,"Shape_Leng":143.347216866,"Shape_Le_1":143.347216863,"Shape_Area":1109.3130290399999,"rendiment_":12400,"area_m2":1110.02,"area_ha":0.0011,"rend_sup":13.64},"geometry":{"type":"MultiPolygon","coordinates":[[[[2.02974261678009,41.292906779868481],[2.029581798886559,41.292878762587549],[2.029580155696879,41.292884873909621],[2.029447522403192,41.292864930667996],[2.029417882686286,41.292882515821475],[2.029388262938664,41.292939197766373],[2.029423463592057,41.292981466437375],[2.029716706380579,41.293293529287993],[2.029933677228306,41.292941176069107],[2.02974261678009,41.292906779868481]]]]}},
{"type":"Feature","properties":{"Campanya":2024,"Provincia":"Barcelona","Comarca":"Baix Llobregat","Municipi":"VILADECANS","ID_MUN":"08302","Grup":"FRUITA DOLÇA","Cultiu":"FIGUERA","Seca_Regad":"R","Sist_Regad":"REG PER GRAVETAT","Varietat":"COLL DE DAMA BLANCA-NEGRA","Producte2n":null,"HA":0.0464,"Shape_Leng":151.389090866,"Shape_Le_1":150.69132566,"Shape_Area":455.37759783400003,"rendiment_":12400,"area_m2":455.67,"area_ha":0.0005,"rend_sup":6.2},"geometry":{"type":"MultiPolygon","coordinates":[[[[2.044729060439199,41.297249859884523],[2.043930592039718,41.297095150044925],[2.043907941295284,41.297154212756134],[2.043916133566478,41.297158186350899],[2.044310321645129,41.297233841815981],[2.044717240212847,41.297295892454464],[2.044729060439199,41.297249859884523]]]]}},
{"type":"Feature","properties":{"Campanya":2024,"Provincia":"Barcelona","Comarca":"Baix Llobregat","Municipi":"VILADECANS","ID_MUN":"08302","Grup":"FRUITA DOLÇA","Cultiu":"FIGUERA","Seca_Regad":"R","Sist_Regad":"REG PER GRAVETAT","Varietat":"COLL DE DAMA BLANCA-NEGRA","Producte2n":null,"HA":0.0585,"Shape_Leng":149.70614266000001,"Shape_Le_1":149.70614267,"Shape_Area":584.36547208699994,"rendiment_":12400,"area_m2":584.74,"area_ha":0.0006,"rend_sup":7.44},"geometry":{"type":"MultiPolygon","coordinates":[[[[2.043891559184981,41.297598685322683],[2.043823831808527,41.297594745787428],[2.043819304650639,41.297649396971401],[2.043922405421651,41.297674124436469],[2.044590525791946,41.297789435928934],[2.044613206182375,41.297701061377261],[2.043925757878532,41.297600697941796],[2.043891559184981,41.297598685322683]]]]}},
{"type":"Feature","properties":{"Campanya":2024,"Provincia":"Barcelona","Comarca":"Baix Llobregat","Municipi":"VILADECANS","ID_MUN":"08302","Grup":"FRUITA DOLÇA","Cultiu":"FIGUERA","Seca_Regad":"R","Sist_Regad":"REG PER GRAVETAT","Varietat":"COLL DE DAMA BLANCA-NEGRA","Producte2n":null,"HA":0.1113,"Shape_Leng":414.860743232,"Shape_Le_1":414.86074322600001,"Shape_Area":1112.37160991,"rendiment_":12400,"area_m2":1113.09,"area_ha":0.0011,"rend_sup":13.64},"geometry":{"type":"MultiPolygon","coordinates":[[[[2.04322416586445,41.308784818803446],[2.043253802400917,41.308781342316053],[2.043323825556853,41.308827845041165],[2.04333986899033,41.308834068419195],[2.043422841183033,41.308742912113452],[2.043261355806108,41.308667527536088],[2.041953654476464,41.31007656071349],[2.042006134659818,41.310104717476804],[2.04322416586445,41.308784818803446]]]]}},
{"type":"Feature","properties":{"Campanya":2024,"Provincia":"Barcelona","Comarca":"Baix Llobregat","Municipi":"VILADECANS","ID_MUN":"08302","Grup":"FARRATGERES","Cultiu":"VEÇA I CIVADA","Seca_Regad":"R","Sist_Regad":"REG PER GRAVETAT","Varietat":"NO ESPECIFICADA","Producte2n":null,"HA":0.2329,"Shape_Leng":293.69949012799998,"Shape_Le_1":293.69949012900003,"Shape_Area":2327.9762952299998,"rendiment_":30900,"area_m2":2329.47,"area_ha":0.0023,"rend_sup":71.07},"geometry":{"type":"MultiPolygon","coordinates":[[[[2.042877393866216,41.279816243131961],[2.042957506043117,41.279506147585913],[2.042637226811123,41.279614370211895],[2.042506226324772,41.280677805571131],[2.042635670081583,41.280685727073525],[2.042892143381481,41.27982015077319],[2.042877393866216,41.279816243131961]]]]}},
{"type":"Feature","properties":{"Campanya":2024,"Provincia":"Barcelona","Comarca":"Baix Llobregat","Municipi":"VILADECANS","ID_MUN":"08302","Grup":"FARRATGERES","Cultiu":"VEÇA I CIVADA","Seca_Regad":"R","Sist_Regad":"REG PER GRAVETAT","Varietat":"NO ESPECIFICADA","Producte2n":null,"HA":0.2177,"Shape_Leng":236.94501586800001,"Shape_Le_1":236.94501586499999,"Shape_Area":2175.9472559000001,"rendiment_":30900,"area_m2":2177.34,"area_ha":0.0022,"rend_sup":67.98},"geometry":{"type":"MultiPolygon","coordinates":[[[[2.040768588244167,41.280249131400133],[2.040764064553944,41.280239542010698],[2.040484212058231,41.280328876789397],[2.040471228169867,41.281127468134635],[2.040754233514967,41.281127302810944],[2.040737800839659,41.281067084971426],[2.040770863060961,41.280333687894945],[2.040783460042123,41.280280647825613],[2.040768588244167,41.280249131400133]]]]}},
{"type":"Feature","properties":{"Campanya":2024,"Provincia":"Barcelona","Comarca":"Baix Llobregat","Municipi":"VILADECANS","ID_MUN":"08302","Grup":"FARRATGERES","Cultiu":"VEÇA I CIVADA","Seca_Regad":"R","Sist_Regad":"REG PER GRAVETAT","Varietat":"NO ESPECIFICADA","Producte2n":null,"HA":1.008,"Shape_Leng":778.86102784699995,"Shape_Le_1":778.19834548699998,"Shape_Area":10073.776502500001,"rendiment_":30900,"area_m2":10080.55,"area_ha":0.0101,"rend_sup":312.09},"geometry":{"type":"MultiPolygon","coordinates":[[[[2.037347484110452,41.28234565760733],[2.037379058963196,41.282116367643219],[2.036430982633009,41.28228806699785],[2.036463193998194,41.281476955488145],[2.035923828117432,41.281614970031136],[2.035730170675851,41.281661587459993],[2.035604991504579,41.281705393205684],[2.035330252404674,41.281772488673049],[2.035151089988399,41.281825150910343],[2.035095051164194,41.281897463741402],[2.035042163791399,41.281940494839603],[2.034999125962269,41.282018912081135],[2.03563071103626,41.282164089783727],[2.035627720708528,41.282367277731915],[2.035622120022808,41.282447668932434],[2.035851828993018,41.282474903643418],[2.035850631281412,41.282499484436968],[2.035882605429753,41.282490389706332],[2.035953686654174,41.282499108091486],[2.03595335058262,41.282444540667804],[2.03600465539981,41.281604982792743],[2.036035502436484,41.28160095978231],[2.036017644912581,41.282036245349332],[2.035983024236535,41.282437918153079],[2.036048488489424,41.282438505094056],[2.036095260599872,41.28251880702247],[2.036082788127184,41.282540822841774],[2.036101633460028,41.282532210591114],[2.037347484110452,41.28234565760733]]]]}},
{"type":"Feature","properties":{"Campanya":2024,"Provincia":"Barcelona","Comarca":"Baix Llobregat","Municipi":"VILADECANS","ID_MUN":"08302","Grup":"FARRATGERES","Cultiu":"VEÇA I CIVADA","Seca_Regad":"R","Sist_Regad":"REG PER GRAVETAT","Varietat":"NO ESPECIFICADA","Producte2n":null,"HA":0.6466,"Shape_Leng":422.18856005100002,"Shape_Le_1":422.188560053,"Shape_Area":6461.8215165399997,"rendiment_":30900,"area_m2":6465.98,"area_ha":0.0065,"rend_sup":200.85},"geometry":{"type":"MultiPolygon","coordinates":[[[[2.04626119605408,41.286561685588602],[2.04538408194839,41.286420574395876],[2.045396184350594,41.286383599372506],[2.044383509197822,41.286187154715449],[2.044139614030531,41.286566605366772],[2.044185426484532,41.286575171000486],[2.044202952359808,41.286539513014731],[2.045265136732753,41.286735407884592],[2.046119766568014,41.286859631733321],[2.046139564957285,41.286832356763924],[2.046176294027382,41.286799560787998],[2.046252897751717,41.286649085382351],[2.04626119605408,41.286561685588602]]]]}},
{"type":"Feature","properties":{"Campanya":2024,"Provincia":"Barcelona","Comarca":"Baix Llobregat","Municipi":"VILADECANS","ID_MUN":"08302","Grup":"FARRATGERES","Cultiu":"VEÇA I CIVADA","Seca_Regad":"R","Sist_Regad":"REG PER GRAVETAT","Varietat":"NO ESPECIFICADA","Producte2n":null,"HA":0.0341,"Shape_Leng":84.513926666200007,"Shape_Le_1":84.513926660199999,"Shape_Area":340.713402121,"rendiment_":30900,"area_m2":340.93,"area_ha":0.0003,"rend_sup":9.27},"geometry":{"type":"MultiPolygon","coordinates":[[[[2.046479787924801,41.287751498600159],[2.046229245464291,41.287675387512728],[2.046133477770919,41.287649342906953],[2.046134116482003,41.287661983193608],[2.046102334743192,41.287743304583067],[2.046110888794859,41.287744219482107],[2.046111727549871,41.28775862151609],[2.046163445320551,41.287764237561341],[2.046442989706562,41.287844624455573],[2.046454389525618,41.287822662820922],[2.046479787924801,41.287751498600159]]]]}},
{"type":"Feature","properties":{"Campanya":2024,"Provincia":"Barcelona","Comarca":"Baix Llobregat","Municipi":"VILADECANS","ID_MUN":"08302","Grup":"FARRATGERES","Cultiu":"VEÇA I CIVADA","Seca_Regad":"R","Sist_Regad":"REG PER GRAVETAT","Varietat":"NO ESPECIFICADA","Producte2n":null,"HA":0.63,"Shape_Leng":417.064592124,"Shape_Le_1":417.064592124,"Shape_Area":6296.1295526000004,"rendiment_":30900,"area_m2":6300.18,"area_ha":0.0063,"rend_sup":194.67},"geometry":{"type":"MultiPolygon","coordinates":[[[[2.048536847859527,41.287821833171819],[2.048636618659848,41.287695875474476],[2.048513298806353,41.287661063202627],[2.048495275916063,41.28769794457331],[2.048370298558063,41.287661816845848],[2.048384046509023,41.287619571243525],[2.04793836814528,41.287492159977752],[2.04790358173628,41.287471372710151],[2.047897714578239,41.287454776274906],[2.047698890372441,41.287388388403009],[2.046964196386251,41.28718285492571],[2.046952126668601,41.287186040078211],[2.046781129912483,41.28713365006638],[2.046742907456673,41.287138847114832],[2.046709965709046,41.287190732966977],[2.04673578189397,41.287211269761748],[2.046702671665372,41.287274973120212],[2.046735194520124,41.287307412283859],[2.046794121830243,41.287350664856397],[2.04675313175106,41.287400035800474],[2.046727231705069,41.287438090210571],[2.046717423553958,41.287465165172264],[2.046847849016368,41.287512440800626],[2.047331330637115,41.287672710094945],[2.047561587959668,41.287753179981642],[2.048066863470513,41.287907749034972],[2.048383798251593,41.288015116499025],[2.048536847859527,41.287821833171819]]]]}},
{"type":"Feature","properties":{"Campanya":2024,"Provincia":"Barcelona","Comarca":"Baix Llobregat","Municipi":"VILADECANS","ID_MUN":"08302","Grup":"FARRATGERES","Cultiu":"VEÇA I CIVADA","Seca_Regad":"R","Sist_Regad":"REG PER GRAVETAT","Varietat":"NO ESPECIFICADA","Producte2n":null,"HA":0.0943,"Shape_Leng":126.07166777499999,"Shape_Le_1":126.071667783,"Shape_Area":942.63362925599995,"rendiment_":30900,"area_m2":943.24,"area_ha":0.0009,"rend_sup":27.81},"geometry":{"type":"MultiPolygon","coordinates":[[[[2.046441142262966,41.288046302454177],[2.046450328785939,41.288032653637181],[2.04648418476678,41.287897188297379],[2.046079444854609,41.287767009422268],[2.046063530873324,41.287810114137002],[2.046076150109105,41.287812830923478],[2.046013673640531,41.287979201010955],[2.046023644092705,41.287980688829833],[2.046018263454912,41.288043447189494],[2.046046512083187,41.288053758123503],[2.046095295763099,41.288055936895724],[2.046135698221033,41.28804336467185],[2.046182889186868,41.288055601632614],[2.046227818047221,41.288060967732036],[2.046290853169829,41.288079009828309],[2.046289607286169,41.288084852659722],[2.046349042985062,41.288082887795532],[2.04642542777727,41.288069648846587],[2.046441142262966,41.288046302454177]]]]}},
{"type":"Feature","properties":{"Campanya":2024,"Provincia":"Barcelona","Comarca":"Baix Llobregat","Municipi":"VILADECANS","ID_MUN":"08302","Grup":"FARRATGERES","Cultiu":"VEÇA I CIVADA","Seca_Regad":"R","Sist_Regad":"REG PER GRAVETAT","Varietat":"NO ESPECIFICADA","Producte2n":null,"HA":0.9052,"Shape_Leng":602.92241883199995,"Shape_Le_1":602.65872170199998,"Shape_Area":9046.0774942299995,"rendiment_":30900,"area_m2":9051.9,"area_ha":0.0091,"rend_sup":281.19},"geometry":{"type":"MultiPolygon","coordinates":[[[[2.047606097741014,41.287794336572738],[2.047380701329538,41.287719817805289],[2.046869643378078,41.287563655758056],[2.046577471555549,41.287468777432622],[2.046522584221647,41.287728613422956],[2.046509589724104,41.287727063667376],[2.046600150487868,41.287281124772981],[2.046614015887455,41.287255657956543],[2.0466551018846,41.287074674745973],[2.046668094854934,41.28707640282331],[2.046671099612367,41.287058592610535],[2.046373822275763,41.287069374160986],[2.046364009987963,41.287095414984428],[2.046301892859482,41.287211459027311],[2.046304321653313,41.287225170739184],[2.046270061645785,41.287339013494659],[2.046219455792706,41.287476500929898],[2.046152993243695,41.287612237376557],[2.046141525894602,41.287625466431784],[2.046324214505527,41.287673125269436],[2.04649864701979,41.287728951100732],[2.046498021736203,41.287752211713112],[2.046505629977336,41.287760056870681],[2.046518251633973,41.2877637973452],[2.046498349597432,41.287892261360277],[2.048087731148152,41.288403349018111],[2.048159320908622,41.288300892892664],[2.048368360633904,41.288034579558342],[2.04781104102931,41.287852844907306],[2.047606097741014,41.287794336572738]]]]}},
{"type":"Feature","properties":{"Campanya":2024,"Provincia":"Barcelona","Comarca":"Baix Llobregat","Municipi":"VILADECANS","ID_MUN":"08302","Grup":"FARRATGERES","Cultiu":"VEÇA I CIVADA","Seca_Regad":"R","Sist_Regad":"REG PER GRAVETAT","Varietat":"NO ESPECIFICADA","Producte2n":null,"HA":0.4524,"Shape_Leng":501.73041607300001,"Shape_Le_1":501.61145059500001,"Shape_Area":4515.8148061399997,"rendiment_":30900,"area_m2":4518.72,"area_ha":0.0045,"rend_sup":139.05},"geometry":{"type":"MultiPolygon","coordinates":[[[[2.048081998458254,41.288411588625102],[2.047110933856527,41.288098856098642],[2.047106545923709,41.288105649355593],[2.047937899584398,41.288385855633585],[2.047934131311834,41.288394265510775],[2.04649469183805,41.287911771299981],[2.046462941537447,41.288035819807988],[2.046434378259759,41.288078280233492],[2.046405648540627,41.288165055878352],[2.04641706485255,41.288201180944412],[2.04648480679408,41.288232007712523],[2.047935777159379,41.288677816581945],[2.048055532800271,41.288449472010171],[2.048081998458254,41.288411588625102]]]]}},
{"type":"Feature","properties":{"Campanya":2024,"Provincia":"Barcelona","Comarca":"Baix Llobregat","Municipi":"VILADECANS","ID_MUN":"08302","Grup":"FARRATGERES","Cultiu":"VEÇA I CIVADA","Seca_Regad":"R","Sist_Regad":"REG PER GRAVETAT","Varietat":"NO ESPECIFICADA","Producte2n":null,"HA":1.0029,"Shape_Leng":581.95646486800001,"Shape_Le_1":581.463181771,"Shape_Area":10025.0902105,"rendiment_":30900,"area_m2":10031.57,"area_ha":0.01,"rend_sup":309.0},"geometry":{"type":"MultiPolygon","coordinates":[[[[2.038019773684677,41.298233191439266],[2.038044474105558,41.298220905669289],[2.038167633949813,41.298230929408703],[2.038289344068482,41.298168147294504],[2.03833092001957,41.298079715696311],[2.038270722120435,41.298057314434722],[2.03816377975279,41.298017518745922],[2.038226676387289,41.297904507927711],[2.038274342239747,41.29781886284681],[2.03838750075563,41.297859265158564],[2.038368221632985,41.297941075109158],[2.038476434575708,41.297970077425788],[2.038440139380425,41.298044930090299],[2.038441312933858,41.298103354214483],[2.038471369897982,41.298112983985568],[2.038510448804692,41.298125504045636],[2.038708308179663,41.297796255009366],[2.038786997432797,41.297651348328849],[2.037441283143792,41.297454464230242],[2.037347177832768,41.297428356871677],[2.037339572496012,41.297425065841715],[2.037136132042864,41.297397150311227],[2.037025068195895,41.297420536342038],[2.036839655099475,41.297503267402064],[2.036740997200143,41.297573007416055],[2.036726795153407,41.297607626397053],[2.036678278799772,41.297670018698184],[2.036643063954888,41.29772238154078],[2.036628788773289,41.29772308626282],[2.03668700938346,41.297804229418347],[2.036767083367296,41.297873987852846],[2.038374414825882,41.298345185500153],[2.038378116951491,41.298339207455335],[2.038019773684677,41.298233191439266]]]]}},
{"type":"Feature","properties":{"Campanya":2024,"Provincia":"Barcelona","Comarca":"Baix Llobregat","Municipi":"VILADECANS","ID_MUN":"08302","Grup":"FARRATGERES","Cultiu":"VEÇA I CIVADA","Seca_Regad":"R","Sist_Regad":"REG PER GRAVETAT","Varietat":"NO ESPECIFICADA","Producte2n":null,"HA":0.988,"Shape_Leng":432.36487975199998,"Shape_Le_1":432.36487975099999,"Shape_Area":9874.1330392399996,"rendiment_":30900,"area_m2":9880.47,"area_ha":0.0099,"rend_sup":305.91},"geometry":{"type":"MultiPolygon","coordinates":[[[[2.04208134037645,41.298802775684578],[2.042267407416365,41.298392912406506],[2.042242144421976,41.29837281611254],[2.042165822811768,41.298323630044408],[2.041061449930602,41.298022504707689],[2.040612517288463,41.297905089631605],[2.040246345600471,41.298474967652936],[2.040349004302937,41.298509476889265],[2.040421341139181,41.298503023388236],[2.04052620263422,41.298509896580875],[2.040656209583223,41.298539234344631],[2.04078613260777,41.298572595860435],[2.040856458344007,41.298586259126466],[2.04122409854123,41.298685171002596],[2.041386042425648,41.298724316614333],[2.041414123092958,41.298722052660516],[2.041508924068793,41.298760192146183],[2.041813363360352,41.298839823815321],[2.041936664240277,41.298867569413922],[2.04198880244564,41.298867066574161],[2.04203725087132,41.298845273252603],[2.04208134037645,41.298802775684578]]]]}},
{"type":"Feature","properties":{"Campanya":2024,"Provincia":"Barcelona","Comarca":"Baix Llobregat","Municipi":"VILADECANS","ID_MUN":"08302","Grup":"FARRATGERES","Cultiu":"VEÇA I CIVADA","Seca_Regad":"R","Sist_Regad":"REG PER GRAVETAT","Varietat":"NO ESPECIFICADA","Producte2n":null,"HA":1.1376,"Shape_Leng":582.73408165399997,"Shape_Le_1":582.73456602,"Shape_Area":11368.442883600001,"rendiment_":30900,"area_m2":11375.74,"area_ha":0.0114,"rend_sup":352.26},"geometry":{"type":"MultiPolygon","coordinates":[[[[2.042182831016632,41.298978281322903],[2.04247234981611,41.298459941493853],[2.0423387460842,41.298431808996604],[2.042293042941866,41.298408364770353],[2.042146135855899,41.298736724372645],[2.042095841923635,41.298840160830302],[2.042041692798498,41.298886094855902],[2.041996680618379,41.298898835310659],[2.041926522007457,41.298893218824055],[2.04162971035183,41.298821718173159],[2.040725110632468,41.298581648902449],[2.040561826949004,41.29854350905341],[2.040433494854023,41.298539904560897],[2.040390998234656,41.29856681090213],[2.040308182079467,41.298650297426711],[2.040235089519609,41.298707714988673],[2.040151267285264,41.298724646625097],[2.040086497559917,41.29872372187841],[2.039930966981181,41.298965822832244],[2.04189072963554,41.299501252948836],[2.042182831016632,41.298978281322903]]]]}},
{"type":"Feature","properties":{"Campanya":2024,"Provincia":"Barcelona","Comarca":"Baix Llobregat","Municipi":"VILADECANS","ID_MUN":"08302","Grup":"FARRATGERES","Cultiu":"VEÇA I CIVADA","Seca_Regad":"R","Sist_Regad":"REG PER GRAVETAT","Varietat":"NO ESPECIFICADA","Producte2n":null,"HA":0.227,"Shape_Leng":288.034643636,"Shape_Le_1":288.03464363299997,"Shape_Area":2268.8551040699999,"rendiment_":30900,"area_m2":2270.31,"area_ha":0.0023,"rend_sup":71.07},"geometry":{"type":"MultiPolygon","coordinates":[[[[2.037662778336285,41.316257361531719],[2.037654817023994,41.316251156302179],[2.037041246668879,41.316678121564223],[2.03655355163518,41.316986335587636],[2.036689662942332,41.317089981976444],[2.036701768555081,41.317103593757587],[2.036715311440416,41.317144227682938],[2.036936194980304,41.316972366826988],[2.037279216656652,41.316724553878906],[2.037729214496803,41.316420717240568],[2.037792578079135,41.316366124206851],[2.037789654540567,41.316360193497701],[2.03773832922579,41.316316257808531],[2.037662778336285,41.316257361531719]]]]}},
{"type":"Feature","properties":{"Campanya":2024,"Provincia":"Barcelona","Comarca":"Baix Llobregat","Municipi":"VILADECANS","ID_MUN":"08302","Grup":"FARRATGERES","Cultiu":"VEÇA I CIVADA","Seca_Regad":"R","Sist_Regad":"REG PER GRAVETAT","Varietat":"NO ESPECIFICADA","Producte2n":null,"HA":0.6137,"Shape_Leng":428.85341825400002,"Shape_Le_1":428.85341825900002,"Shape_Area":6133.4971780899996,"rendiment_":30900,"area_m2":6137.43,"area_ha":0.0061,"rend_sup":188.49},"geometry":{"type":"MultiPolygon","coordinates":[[[[2.037109832823431,41.317836552561005],[2.037145038736097,41.317783660960842],[2.037194409201513,41.317806796474777],[2.037613799547366,41.317377607111943],[2.037367823290193,41.317178521094164],[2.037402631093217,41.317151429180178],[2.037395349178536,41.317142811081339],[2.038068761348133,41.316643743049433],[2.038012659604767,41.316599766663465],[2.037834302721316,41.316476494265807],[2.037804648384556,41.316461834239774],[2.03778413830316,41.316459140654665],[2.037767150122978,41.31646044254596],[2.037750219752024,41.316466424354296],[2.037732005057512,41.316478252149146],[2.037460239039576,41.316678651105207],[2.037260354869937,41.316816958864884],[2.03713042702881,41.316910182218813],[2.037065407816757,41.31696062204751],[2.037194771594181,41.317060066102528],[2.036705846218785,41.317482522538221],[2.036970103369582,41.31770981340847],[2.037109832823431,41.317836552561005]]]]}},
{"type":"Feature","properties":{"Campanya":2024,"Provincia":"Barcelona","Comarca":"Baix Llobregat","Municipi":"VILADECANS","ID_MUN":"08302","Grup":"FARRATGERES","Cultiu":"VEÇA I CIVADA","Seca_Regad":"R","Sist_Regad":"REG PER GRAVETAT","Varietat":"NO ESPECIFICADA","Producte2n":null,"HA":0.3207,"Shape_Leng":356.71115369799998,"Shape_Le_1":356.711153701,"Shape_Area":3204.65932845,"rendiment_":30900,"area_m2":3206.71,"area_ha":0.0032,"rend_sup":98.88},"geometry":{"type":"MultiPolygon","coordinates":[[[[2.038022401554998,41.31730219313954],[2.038099266777544,41.317272940310659],[2.038109146137531,41.317278476061936],[2.038475875366371,41.316891877979863],[2.038251457315909,41.316789119002173],[2.037679564127551,41.317348133837605],[2.037697090690203,41.317357681582486],[2.037223746504492,41.317820542437339],[2.037285942535938,41.317849713081763],[2.037224751316683,41.317915932051385],[2.037386236556217,41.31801431144995],[2.037560037685394,41.317840984637868],[2.037554506705991,41.317820544337067],[2.03767453986699,41.317665809732716],[2.037774037264322,41.317544101636884],[2.038022401554998,41.31730219313954]]]]}},
{"type":"Feature","properties":{"Campanya":2024,"Provincia":"Barcelona","Comarca":"Baix Llobregat","Municipi":"VILADECANS","ID_MUN":"08302","Grup":"FARRATGERES","Cultiu":"BARREJA FARRATGERES","Seca_Regad":"R","Sist_Regad":"REG PER GRAVETAT","Varietat":"NO ESPECIFICADA","Producte2n":null,"HA":0.466,"Shape_Leng":324.11501848400002,"Shape_Le_1":324.11501848299997,"Shape_Area":4656.5464544699998,"rendiment_":25300,"area_m2":4659.54,"area_ha":0.0047,"rend_sup":118.91},"geometry":{"type":"MultiPolygon","coordinates":[[[[2.046869658575452,41.308910521267023],[2.047008776616732,41.308831562375673],[2.046983723805627,41.308859905408468],[2.047038763434498,41.308829614600043],[2.047136725484916,41.308765924056054],[2.04718859709655,41.308738324539242],[2.047475142909906,41.308344400885758],[2.047588306399635,41.308194188108459],[2.047172209495749,41.307998344854816],[2.046419163996689,41.308964483542532],[2.046647258057661,41.309079245343739],[2.046869658575452,41.308910521267023]]]]}},
{"type":"Feature","properties":{"Campanya":2024,"Provincia":"Barcelona","Comarca":"Baix Llobregat","Municipi":"VILADECANS","ID_MUN":"08302","Grup":"ALTRES PRODUCTES","Cultiu":"CORIANDRE","Seca_Regad":"R","Sist_Regad":"REG PER GRAVETAT","Varietat":"NO ESPECIFICADA","Producte2n":null,"HA":0.1392,"Shape_Leng":153.683854991,"Shape_Le_1":153.683825066,"Shape_Area":1391.0030709099999,"rendiment_":5600,"area_m2":1391.89,"area_ha":0.0014,"rend_sup":7.84},"geometry":{"type":"MultiPolygon","coordinates":[[[[2.034936507463413,41.293426426087606],[2.034638197108522,41.293381330392208],[2.034506707495853,41.293369017927326],[2.034534191608018,41.293409098699627],[2.034533769645696,41.293437796111689],[2.034530412313735,41.293498871982379],[2.034518093071716,41.293584869704787],[2.034487532369448,41.2937420033522],[2.034487996524709,41.293769570533861],[2.034858213655221,41.293786949626984],[2.034876482364208,41.293680068065882],[2.034911160844688,41.293612261283265],[2.034936507463413,41.293426426087606]]]]}},
{"type":"Feature","properties":{"Campanya":2024,"Provincia":"Barcelona","Comarca":"Baix Llobregat","Municipi":"VILADECANS","ID_MUN":"08302","Grup":"ALTRES PRODUCTES","Cultiu":"CORIANDRE","Seca_Regad":"R","Sist_Regad":"REG PER GRAVETAT","Varietat":"NO ESPECIFICADA","Producte2n":null,"HA":0.3561,"Shape_Leng":287.87434073899999,"Shape_Le_1":287.10628750799998,"Shape_Area":3553.2441820200002,"rendiment_":5600,"area_m2":3555.5,"area_ha":0.0036,"rend_sup":20.16},"geometry":{"type":"MultiPolygon","coordinates":[[[[2.0239306130421,41.297582929221818],[2.024064724831662,41.297480183512995],[2.024179037759374,41.297534095742954],[2.024241784406828,41.297400200024228],[2.023184546650825,41.296988213036364],[2.023093213594739,41.296944620970997],[2.022901897576388,41.297175673595653],[2.022901441719953,41.297206296471167],[2.022956267369186,41.297246124171259],[2.023919406803789,41.297622605456077],[2.0239306130421,41.297582929221818]]]]}},
{"type":"Feature","properties":{"Campanya":2024,"Provincia":"Barcelona","Comarca":"Baix Llobregat","Municipi":"VILADECANS","ID_MUN":"08302","Grup":"ALTRES PRODUCTES","Cultiu":"CORIANDRE","Seca_Regad":"R","Sist_Regad":"REG PER GRAVETAT","Varietat":"NO ESPECIFICADA","Producte2n":null,"HA":1.0008,"Shape_Leng":438.432826449,"Shape_Le_1":438.43282644499999,"Shape_Area":10001.4713732,"rendiment_":5600,"area_m2":10007.83,"area_ha":0.01,"rend_sup":56.0},"geometry":{"type":"MultiPolygon","coordinates":[[[[2.023594627628738,41.29836064047857],[2.023677738965872,41.298253316409749],[2.02367263096046,41.298235982995642],[2.023722924419319,41.298158363223145],[2.023903309074417,41.297926180025073],[2.023799874563748,41.297886112587257],[2.023805154945227,41.297876828197509],[2.023155469674225,41.297617102186358],[2.023302256272953,41.297406937597273],[2.022854683222088,41.297226076571334],[2.022200515893064,41.297969959200557],[2.022965259233715,41.298340986949881],[2.023087813707418,41.298348511716398],[2.023158624910289,41.298325692015517],[2.023505839561182,41.298486179234658],[2.023560321251642,41.298404942486471],[2.023594627628738,41.29836064047857]]]]}},
{"type":"Feature","properties":{"Campanya":2024,"Provincia":"Barcelona","Comarca":"Baix Llobregat","Municipi":"VILADECANS","ID_MUN":"08302","Grup":"ALTRES PRODUCTES","Cultiu":"ANET","Seca_Regad":"R","Sist_Regad":"REG PER GRAVETAT","Varietat":"NO ESPECIFICADA","Producte2n":null,"HA":0.064,"Shape_Leng":104.080489578,"Shape_Le_1":104.08048957600001,"Shape_Area":639.49126131399998,"rendiment_":5000,"area_m2":639.9,"area_ha":0.0006,"rend_sup":3.0},"geometry":{"type":"MultiPolygon","coordinates":[[[[2.034858213655199,41.293786949626984],[2.034487996524709,41.293769570533861],[2.034487517781014,41.293826252311909],[2.034453758180562,41.293948983368487],[2.034825358264981,41.293979156869646],[2.034858213655199,41.293786949626984]]]]}},
{"type":"Feature","properties":{"Campanya":2024,"Provincia":"Barcelona","Comarca":"Baix Llobregat","Municipi":"VILADECANS","ID_MUN":"08302","Grup":"ALTRES PRODUCTES","Cultiu":"FARIGOLA O TIMÓ","Seca_Regad":"R","Sist_Regad":"REG PER GRAVETAT","Varietat":"NO ESPECIFICADA","Producte2n":null,"HA":0.1522,"Shape_Leng":188.58668369399999,"Shape_Le_1":188.58668369399999,"Shape_Area":1521.3083156299999,"rendiment_":4000,"area_m2":1522.28,"area_ha":0.0015,"rend_sup":6.0},"geometry":{"type":"MultiPolygon","coordinates":[[[[2.038855443706903,41.316213009849463],[2.038687769502862,41.316098367156783],[2.038065153246664,41.316589785432058],[2.038298466254972,41.316698247931875],[2.038855443706903,41.316213009849463]]]]}},
{"type":"Feature","properties":{"Campanya":2024,"Provincia":"Barcelona","Comarca":"Baix Llobregat","Municipi":"VILADECANS","ID_MUN":"08302","Grup":"ALTRES PRODUCTES","Cultiu":"MENTA","Seca_Regad":"R","Sist_Regad":"REG PER GRAVETAT","Varietat":"NO ESPECIFICADA","Producte2n":null,"HA":0.0572,"Shape_Leng":97.847045475399995,"Shape_Le_1":97.8470454741,"Shape_Area":571.867184511,"rendiment_":3300,"area_m2":572.23,"area_ha":0.0006,"rend_sup":1.98},"geometry":{"type":"MultiPolygon","coordinates":[[[[2.034825358264981,41.293979156869646],[2.034453758180562,41.293948983368487],[2.034437953016602,41.294023038369566],[2.034437585619067,41.294048032306613],[2.034446196269941,41.294063294968701],[2.034468537056703,41.294083336940361],[2.034646190890415,41.294143742144655],[2.034792182250894,41.294173250303487],[2.034825358264981,41.293979156869646]]]]}},
{"type":"Feature","properties":{"Campanya":2024,"Provincia":"Barcelona","Comarca":"Baix Llobregat","Municipi":"VILADECANS","ID_MUN":"08302","Grup":"CEREALS D'HIVERN","Cultiu":"CIVADA","Seca_Regad":"S","Sist_Regad":null,"Varietat":"NO ESPECIFICADA","Producte2n":null,"HA":3.3873,"Shape_Leng":959.39057571700005,"Shape_Le_1":959.39057571199999,"Shape_Area":33850.6984008,"rendiment_":4100,"area_m2":33872.57,"area_ha":0.0339,"rend_sup":138.99},"geometry":{"type":"MultiPolygon","coordinates":[[[[2.054205353487469,41.277818500026029],[2.05339018378428,41.277496360242367],[2.053307054224818,41.277618439984678],[2.053235604815655,41.277764953472598],[2.053142538886531,41.277908022042361],[2.053114510179918,41.278048354835803],[2.053107768088978,41.278215014597116],[2.053166159563874,41.278372403477007],[2.053194835162632,41.278487052577177],[2.053266746064816,41.278608594093697],[2.053377934042713,41.278710845316859],[2.053513986626249,41.278891755612747],[2.053587686562463,41.279039463512539],[2.05361038405647,41.279118103952882],[2.053661881424797,41.279152850920056],[2.053920667451084,41.27928505195333],[2.054193784134672,41.279385279531802],[2.054071991169053,41.27960390576181],[2.055924766895786,41.280299878555454],[2.0563903764035,41.279753511331798],[2.054600015953878,41.27892561476655],[2.054514176745401,41.278893364118339],[2.055059304804344,41.278154025175397],[2.054756060193161,41.278027636372236],[2.054205353487469,41.277818500026029]]]]}},
{"type":"Feature","properties":{"Campanya":2024,"Provincia":"Barcelona","Comarca":"Baix Llobregat","Municipi":"VILADECANS","ID_MUN":"08302","Grup":"GUARET","Cultiu":"GUARET / SUP. LLIURE SEMBRA","Seca_Regad":"S","Sist_Regad":null,"Varietat":"NO ESPECIFICADA","Producte2n":null,"HA":0.0171,"Shape_Leng":110.77382885199999,"Shape_Le_1":110.39000813200001,"Shape_Area":168.93559387400001,"rendiment_":0,"area_m2":169.04,"area_ha":0.0002,"rend_sup":0.0},"geometry":{"type":"MultiPolygon","coordinates":[[[[2.028496494306633,41.300566578881181],[2.028412232662878,41.300527448910607],[2.028076426468497,41.300884611565216],[2.028154857506608,41.300870849030389],[2.028168332407998,41.300863518020932],[2.02817845894879,41.300842608610786],[2.028203095421087,41.300812554687603],[2.028229317540841,41.300787447607043],[2.028345243933046,41.300632293961037],[2.028424036481871,41.300569847324823],[2.028496494306633,41.300566578881181]]]]}},
{"type":"Feature","properties":{"Campanya":2024,"Provincia":"Barcelona","Comarca":"Baix Llobregat","Municipi":"VILADECANS","ID_MUN":"08302","Grup":"GUARET","Cultiu":"GUARET / SUP. LLIURE SEMBRA","Seca_Regad":"S","Sist_Regad":null,"Varietat":"NO ESPECIFICADA","Producte2n":null,"HA":0.1551,"Shape_Leng":626.40341180500002,"Shape_Le_1":626.40341180300004,"Shape_Area":1550.0541528399999,"rendiment_":0,"area_m2":1551.04,"area_ha":0.0016,"rend_sup":0.0},"geometry":{"type":"MultiPolygon","coordinates":[[[[2.028819625013065,41.301439224797591],[2.029181751229201,41.300951440335815],[2.029203952540488,41.300936314668419],[2.029237349553062,41.300923445242418],[2.02926391835111,41.300918592631731],[2.02932753877641,41.300898804414125],[2.029383293691404,41.300868377618038],[2.029439006751388,41.300816602434367],[2.030157760905296,41.299805156922801],[2.0301249797939,41.299792631279075],[2.030089124222493,41.299794130674741],[2.02939416461489,41.300811901570889],[2.02931126922864,41.30086020386868],[2.029263976225709,41.300867732619174],[2.029211741975129,41.300861712782996],[2.029189829094157,41.300874627717988],[2.028918276238074,41.301244974180513],[2.028810981842257,41.301376426569441],[2.028785082493538,41.301392498280727],[2.027895814152345,41.301159983504235],[2.02786642292559,41.301138354847254],[2.027866013885715,41.301107667013312],[2.027783109772074,41.301195460137578],[2.027854475716753,41.301207771875454],[2.028118494194804,41.301278580752111],[2.028750659350331,41.301459527900406],[2.028772272770681,41.301459891325017],[2.028798379902766,41.301455337582688],[2.028819625013065,41.301439224797591]]]]}},
{"type":"Feature","properties":{"Campanya":2024,"Provincia":"Barcelona","Comarca":"Baix Llobregat","Municipi":"VILADECANS","ID_MUN":"08302","Grup":"GUARET","Cultiu":"GUARET / SUP. LLIURE SEMBRA","Seca_Regad":"S","Sist_Regad":null,"Varietat":"NO ESPECIFICADA","Producte2n":null,"HA":0.0159,"Shape_Leng":68.776454357199995,"Shape_Le_1":68.776529735400004,"Shape_Area":158.49184158099999,"rendiment_":0,"area_m2":158.59,"area_ha":0.0002,"rend_sup":0.0},"geometry":{"type":"MultiPolygon","coordinates":[[[[2.034742594139598,41.311037856417855],[2.034724005149426,41.311018884095837],[2.034682974280398,41.311043517344565],[2.034621044673298,41.311080555731124],[2.034535203837416,41.310995320262258],[2.034451817615686,41.311043468910697],[2.034565875775384,41.311149616234033],[2.034742594139598,41.311037856417855]]]]}},
{"type":"Feature","properties":{"Campanya":2024,"Provincia":"Barcelona","Comarca":"Baix Llobregat","Municipi":"VILADECANS","ID_MUN":"08302","Grup":"PROTEAGINOSES","Cultiu":"FAVA","Seca_Regad":"S","Sist_Regad":null,"Varietat":"REINA MORA","Producte2n":null,"HA":0.2265,"Shape_Leng":208.005195904,"Shape_Le_1":208.005195904,"Shape_Area":2263.3105805199998,"rendiment_":10000,"area_m2":2264.78,"area_ha":0.0023,"rend_sup":23.0},"geometry":{"type":"MultiPolygon","coordinates":[[[[2.035761540747261,41.299872501530146],[2.035541567116862,41.299801951386605],[2.035489629532522,41.299800458701355],[2.0353353485619,41.299772198861795],[2.035317618587464,41.299795354737583],[2.035300179529622,41.299798850355096],[2.035096307741449,41.300063682750256],[2.035127073197476,41.300069922594865],[2.035140033801964,41.300080969166956],[2.035138130522027,41.300114796571798],[2.035070888636694,41.300198842198],[2.035017317650783,41.300179542891904],[2.034980253572007,41.300226713025324],[2.03537036770504,41.300378939834033],[2.035658743692801,41.300010958295012],[2.035761540747261,41.299872501530146]]]]}},
{"type":"Feature","properties":{"Campanya":2024,"Provincia":"Barcelona","Comarca":"Baix Llobregat","Municipi":"VILADECANS","ID_MUN":"08302","Grup":"OLIVERAR","Cultiu":"OLIVERA","Seca_Regad":"S","Sist_Regad":null,"Varietat":"ARBEQUINA/ARBEQUÍ","Producte2n":null,"HA":0.7818,"Shape_Leng":398.11390685499998,"Shape_Le_1":398.11390685399999,"Shape_Area":7812.5010985,"rendiment_":3500,"area_m2":7817.51,"area_ha":0.0078,"rend_sup":27.3},"geometry":{"type":"MultiPolygon","coordinates":[[[[2.041075972816914,41.299321607058424],[2.040590417660959,41.299201869995876],[2.040558055038869,41.299205659975144],[2.039878086343111,41.300409676195883],[2.040047089221936,41.300451679430296],[2.040063870670276,41.300457997697372],[2.040172796561081,41.300473332625813],[2.040481592930554,41.300564904086549],[2.041164184751182,41.299364964985138],[2.041075972816914,41.299321607058424]]]]}},
{"type":"Feature","properties":{"Campanya":2024,"Provincia":"Barcelona","Comarca":"Baix Llobregat","Municipi":"VILADECANS","ID_MUN":"08302","Grup":"OLIVERAR","Cultiu":"OLIVERA","Seca_Regad":"S","Sist_Regad":null,"Varietat":"ARBEQUINA/ARBEQUÍ","Producte2n":null,"HA":0.9638,"Shape_Leng":451.82596456200002,"Shape_Le_1":451.82596456099998,"Shape_Area":9631.6240289500001,"rendiment_":3500,"area_m2":9637.8,"area_ha":0.0096,"rend_sup":33.6},"geometry":{"type":"MultiPolygon","coordinates":[[[[2.040496525033499,41.299178760210644],[2.039903680704987,41.299008464232067],[2.039462892385361,41.299697303063056],[2.039362775542411,41.300041009272711],[2.039330644293629,41.300138714100569],[2.039156963940157,41.300450697461507],[2.039150006399901,41.300483723404213],[2.039153107322122,41.300491853428845],[2.03916291500888,41.300500235803916],[2.039358301836319,41.300554300777939],[2.039399290742093,41.300563102795053],[2.039651510321706,41.300605937073669],[2.039711776928704,41.300602835935209],[2.039727452159468,41.300596381250394],[2.040509628905079,41.299203226003947],[2.040496525033499,41.299178760210644]]]]}},
{"type":"Feature","properties":{"Campanya":2024,"Provincia":"Barcelona","Comarca":"Baix Llobregat","Municipi":"VILADECANS","ID_MUN":"08302","Grup":"OLIVERAR","Cultiu":"OLIVERA","Seca_Regad":"S","Sist_Regad":null,"Varietat":"ARBEQUINA/ARBEQUÍ","Producte2n":null,"HA":0.8194,"Shape_Leng":410.315863009,"Shape_Le_1":410.31586300700002,"Shape_Area":8188.9772585600003,"rendiment_":3500,"area_m2":8191.19,"area_ha":0.0082,"rend_sup":28.7},"geometry":{"type":"MultiPolygon","coordinates":[[[[2.041298546103301,41.299382321251301],[2.041228762642164,41.299367533218209],[2.040507420145826,41.300653685727866],[2.040571110615276,41.300673366783805],[2.040660234326261,41.300684115262484],[2.041042178044449,41.300709623272979],[2.041161049943184,41.300732687132253],[2.041842793139176,41.299539078747671],[2.041792060929777,41.299510241044871],[2.041298546103301,41.299382321251301]]]]}},
{"type":"Feature","properties":{"Campanya":2024,"Provincia":"Barcelona","Comarca":"Baix Llobregat","Municipi":"VILADECANS","ID_MUN":"08302","Grup":"OLIVERAR","Cultiu":"OLIVERA","Seca_Regad":"S","Sist_Regad":null,"Varietat":"ARBEQUINA/ARBEQUÍ","Producte2n":null,"HA":0.8756,"Shape_Leng":379.20100215600002,"Shape_Le_1":379.20100215299999,"Shape_Area":8750.4211909900005,"rendiment_":3500,"area_m2":8756.03,"area_ha":0.0088,"rend_sup":30.8},"geometry":{"type":"MultiPolygon","coordinates":[[[[2.037617756178576,41.300571499674838],[2.03745213545879,41.300529782380039],[2.036920354814731,41.301206407033234],[2.036761222008864,41.301408880481056],[2.037517322534469,41.301698626761493],[2.037997204075014,41.301165607132461],[2.038192928919127,41.300976841000583],[2.038269134775455,41.300914644325196],[2.038275730922668,41.300877307084342],[2.038271096974599,41.300812716294345],[2.038180729233043,41.300757231930646],[2.038053026633005,41.300709855795006],[2.037617756178576,41.300571499674838]]]]}},
{"type":"Feature","properties":{"Campanya":2024,"Provincia":"Barcelona","Comarca":"Baix Llobregat","Municipi":"VILADECANS","ID_MUN":"08302","Grup":"HORTÍCOLES","Cultiu":"ALL","Seca_Regad":"S","Sist_Regad":null,"Varietat":"NO ESPECIFICADA","Producte2n":null,"HA":0.0405,"Shape_Leng":191.96497414699999,"Shape_Le_1":191.964974154,"Shape_Area":404.94655227300001,"rendiment_":3570,"area_m2":405.2,"area_ha":0.0004,"rend_sup":1.43},"geometry":{"type":"MultiPolygon","coordinates":[[[[2.041710589940736,41.278760828715491],[2.041676736108969,41.278809461958865],[2.041263903304781,41.279489942135662],[2.041316671400075,41.279501601139927],[2.041738228405991,41.278804044129259],[2.041796844161218,41.278788587633407],[2.041710589940736,41.278760828715491]]]]}},
{"type":"Feature","properties":{"Campanya":2024,"Provincia":"Barcelona","Comarca":"Baix Llobregat","Municipi":"VILADECANS","ID_MUN":"08302","Grup":"HORTÍCOLES","Cultiu":"HORTA","Seca_Regad":"S","Sist_Regad":null,"Varietat":"NO ESPECIFICADA","Producte2n":null,"HA":0.0365,"Shape_Leng":218.78314747100001,"Shape_Le_1":218.78314746800001,"Shape_Area":364.84714698099998,"rendiment_":19846,"area_m2":365.08,"area_ha":0.0004,"rend_sup":7.94},"geometry":{"type":"MultiPolygon","coordinates":[[[[2.038079617596843,41.277547170723608],[2.038135089384267,41.277545118402188],[2.038222522375775,41.277549874433809],[2.038241120111616,41.277557074685348],[2.038351792830125,41.277560522302259],[2.038263424007546,41.277534027627127],[2.038139124096086,41.277528687055494],[2.038099049423794,41.277516591833063],[2.038093517092586,41.277509215190783],[2.038024281086714,41.27750569474501],[2.038017966591123,41.277523775250799],[2.038017186396688,41.27757690748119],[2.037998171457515,41.277671058532718],[2.037949761781349,41.277865932320594],[2.037912104003665,41.277928861114184],[2.037852475488944,41.277987168202294],[2.037826144449242,41.277996835805318],[2.03766780050563,41.278183144867832],[2.037712585469639,41.27818763753659],[2.037788120744993,41.278110841998036],[2.037815374976564,41.278074336663956],[2.037867659522218,41.278016401483534],[2.037900369620392,41.277972392428403],[2.037921778584056,41.277970055521678],[2.037948841789618,41.277946630347962],[2.037982053014481,41.277868408149978],[2.038083240163189,41.277573366376451],[2.038079617596843,41.277547170723608]]]]}},
{"type":"Feature","properties":{"Campanya":2024,"Provincia":"Barcelona","Comarca":"Baix Llobregat","Municipi":"VILADECANS","ID_MUN":"08302","Grup":"HORTÍCOLES","Cultiu":"HORTA","Seca_Regad":"S","Sist_Regad":null,"Varietat":"NO ESPECIFICADA","Producte2n":null,"HA":0.0237,"Shape_Leng":173.09888056299999,"Shape_Le_1":173.09888055799999,"Shape_Area":236.97414493299999,"rendiment_":19846,"area_m2":235.87,"area_ha":0.0002,"rend_sup":3.97},"geometry":{"type":"MultiPolygon","coordinates":[[[[2.039196384602185,41.277614780076739],[2.039110603952872,41.277609116302813],[2.039125359735232,41.277640567922575],[2.039003145413215,41.277993959501011],[2.038927703990507,41.278244502212829],[2.038901021479308,41.278306860895327],[2.038926651148074,41.278309431270479],[2.039040929478289,41.277999439896234],[2.039102733708961,41.277798995436129],[2.039138977624089,41.277702287519681],[2.039216449098269,41.277616908502779],[2.039196384602185,41.277614780076739]]]]}},
{"type":"Feature","properties":{"Campanya":2024,"Provincia":"Barcelona","Comarca":"Baix Llobregat","Municipi":"VILADECANS","ID_MUN":"08302","Grup":"HORTÍCOLES","Cultiu":"HORTA","Seca_Regad":"S","Sist_Regad":null,"Varietat":"NO ESPECIFICADA","Producte2n":null,"HA":0.0157,"Shape_Leng":145.52719886700001,"Shape_Le_1":145.52719887000001,"Shape_Area":156.87225006700001,"rendiment_":19846,"area_m2":157.02,"area_ha":0.0002,"rend_sup":3.97},"geometry":{"type":"MultiPolygon","coordinates":[[[[2.038615031585028,41.279154819687896],[2.038212124900125,41.279042605873812],[2.038104633253954,41.27900434046601],[2.038062497209632,41.278978632784515],[2.037932842058738,41.27888146484478],[2.037876664177538,41.27886805467449],[2.037911937446414,41.278885213860818],[2.037992543716769,41.278953124090194],[2.03803891742815,41.278985420263247],[2.038085372458499,41.279012018867583],[2.038258298771406,41.279077571246837],[2.038603829968182,41.279185253010063],[2.038615031585028,41.279154819687896]]]]}},
{"type":"Feature","properties":{"Campanya":2024,"Provincia":"Barcelona","Comarca":"Baix Llobregat","Municipi":"VILADECANS","ID_MUN":"08302","Grup":"HORTÍCOLES","Cultiu":"HORTA","Seca_Regad":"S","Sist_Regad":null,"Varietat":"NO ESPECIFICADA","Producte2n":null,"HA":0.019,"Shape_Leng":112.999752477,"Shape_Le_1":112.99975248,"Shape_Area":189.57831206700001,"rendiment_":19846,"area_m2":188.24,"area_ha":0.0002,"rend_sup":3.97},"geometry":{"type":"MultiPolygon","coordinates":[[[[2.045809848190569,41.284040748064712],[2.045904690344346,41.283886695136992],[2.045890253753518,41.283896931553116],[2.045863776869568,41.283894640343789],[2.045853795722338,41.283899421733103],[2.045588442516213,41.284310224483228],[2.04563685003036,41.284317128429677],[2.045809848190569,41.284040748064712]]]]}},
{"type":"Feature","properties":{"Campanya":2024,"Provincia":"Barcelona","Comarca":"Baix Llobregat","Municipi":"VILADECANS","ID_MUN":"08302","Grup":"HORTÍCOLES","Cultiu":"HORTA","Seca_Regad":"S","Sist_Regad":null,"Varietat":"NO ESPECIFICADA","Producte2n":null,"HA":0.0194,"Shape_Leng":138.30225046300001,"Shape_Le_1":138.30225046300001,"Shape_Area":194.22952381,"rendiment_":19846,"area_m2":194.35,"area_ha":0.0002,"rend_sup":3.97},"geometry":{"type":"MultiPolygon","coordinates":[[[[2.021946785760719,41.300031982039727],[2.021845881187062,41.299959634010598],[2.02179422326739,41.299914662355803],[2.02178879357832,41.299895940761701],[2.021869396264478,41.299786731246314],[2.021978806901422,41.299659809805028],[2.02203895883401,41.299582029553235],[2.022028088402403,41.299559951451208],[2.021907268901574,41.299699091183939],[2.021745346239387,41.29992011451813],[2.021900664981553,41.300077355035185],[2.021946785760719,41.300031982039727]]]]}},
{"type":"Feature","properties":{"Campanya":2024,"Provincia":"Barcelona","Comarca":"Baix Llobregat","Municipi":"VILADECANS","ID_MUN":"08302","Grup":"HORTÍCOLES","Cultiu":"HORTA","Seca_Regad":"S","Sist_Regad":null,"Varietat":"NO ESPECIFICADA","Producte2n":null,"HA":0.0317,"Shape_Leng":183.556590417,"Shape_Le_1":183.55659041800001,"Shape_Area":316.81023627500002,"rendiment_":19846,"area_m2":316.82,"area_ha":0.0003,"rend_sup":5.95},"geometry":{"type":"MultiPolygon","coordinates":[[[[2.033126634309133,41.303028192115526],[2.033118366895014,41.303007160306869],[2.033085096600237,41.302935930586926],[2.033085460568107,41.302911292464493],[2.033100214313682,41.302880615826389],[2.033088367313595,41.302852795430717],[2.032957657404456,41.302850156147159],[2.032866395061572,41.302804727907947],[2.032643451591094,41.302684271255359],[2.032566692946701,41.302648159623942],[2.032560830028431,41.302654566090936],[2.03301396877559,41.302917251215383],[2.033117345857944,41.3031159246462],[2.033152155119634,41.303209716787393],[2.03317970146919,41.303231644764033],[2.033224006931774,41.303181750014637],[2.033198187120698,41.30316326754361],[2.033156109396288,41.303107472355613],[2.033126634309133,41.303028192115526]]]]}},
{"type":"Feature","properties":{"Campanya":2024,"Provincia":"Barcelona","Comarca":"Baix Llobregat","Municipi":"VILADECANS","ID_MUN":"08302","Grup":"HORTÍCOLES","Cultiu":"HORTA","Seca_Regad":"S","Sist_Regad":null,"Varietat":"NO ESPECIFICADA","Producte2n":null,"HA":0.011,"Shape_Leng":113.097853671,"Shape_Le_1":113.097853672,"Shape_Area":109.743776829,"rendiment_":19846,"area_m2":109.76,"area_ha":0.0001,"rend_sup":1.98},"geometry":{"type":"MultiPolygon","coordinates":[[[[2.032439172972598,41.306784492059165],[2.032427895760792,41.30678683683405],[2.032009701034272,41.307151470722758],[2.0320068844258,41.307158482863322],[2.032011242286853,41.307164376247023],[2.03202063496871,41.307166254053477],[2.032027771573397,41.30716325329179],[2.032445966263706,41.306798620238538],[2.032448476783461,41.306790673228072],[2.032439172972598,41.306784492059165]]]]}},
{"type":"Feature","properties":{"Campanya":2024,"Provincia":"Barcelona","Comarca":"Baix Llobregat","Municipi":"VILADECANS","ID_MUN":"08302","Grup":"HORTÍCOLES","Cultiu":"HORTA","Seca_Regad":"S","Sist_Regad":null,"Varietat":"NO ESPECIFICADA","Producte2n":null,"HA":0.2155,"Shape_Leng":1164.55799959,"Shape_Le_1":1164.55799959,"Shape_Area":2154.022753,"rendiment_":19846,"area_m2":2155.85,"area_ha":0.0022,"rend_sup":43.66},"geometry":{"type":"MultiPolygon","coordinates":[[[[2.044773441813844,41.310613858230155],[2.044859814135083,41.310487845446104],[2.044730612624366,41.310585055012695],[2.043949361459783,41.310195610764836],[2.04381633900779,41.310113839210103],[2.043820687647625,41.310077854888831],[2.043848013744003,41.310039179918363],[2.044111886386421,41.309771936628735],[2.044478822805164,41.309384520577431],[2.044540404257201,41.309356215604758],[2.044734262254976,41.309432747105689],[2.045383823871813,41.309719096492742],[2.045416000958455,41.309740975268014],[2.045415608700533,41.309767783106246],[2.045478054697954,41.309694947675595],[2.044558168484647,41.309313817514578],[2.044574076348431,41.309270758167749],[2.044849467229943,41.308985105353479],[2.045272773353321,41.308559020077034],[2.045275809808377,41.308550274571388],[2.045361248482133,41.308590420205533],[2.045818033955071,41.308803944265698],[2.045998489658159,41.308869483169474],[2.046004475194218,41.308852238204125],[2.046016099633303,41.308841525441039],[2.045692546267825,41.308705712897563],[2.044944366436068,41.30835316897722],[2.044565194466533,41.308167464394252],[2.044639972525134,41.308232780317518],[2.0448673992524,41.308351625050733],[2.045236979955452,41.308531386937091],[2.043659430107945,41.310223105550769],[2.043689291218369,41.310216485369601],[2.043762663083986,41.310162386466295],[2.044703201287235,41.310630897721289],[2.044662688172943,41.31071782247821],[2.044747775418672,41.310651630219347],[2.044773441813844,41.310613858230155]]]]}},
{"type":"Feature","properties":{"Campanya":2024,"Provincia":"Barcelona","Comarca":"Baix Llobregat","Municipi":"VILADECANS","ID_MUN":"08302","Grup":"HORTÍCOLES","Cultiu":"TOMÀQUET","Seca_Regad":"S","Sist_Regad":null,"Varietat":"NO ESPECIFICADA","Producte2n":null,"HA":0.0116,"Shape_Leng":165.36191023399999,"Shape_Le_1":165.361910236,"Shape_Area":115.47149354,"rendiment_":37000,"area_m2":106.98,"area_ha":0.0001,"rend_sup":3.7},"geometry":{"type":"MultiPolygon","coordinates":[[[[2.046031952158203,41.281872604041524],[2.046036501511467,41.281864667285191],[2.04512617308482,41.281598277979235],[2.045122673930011,41.281605571663249],[2.045132466372434,41.281612206659112],[2.046021121221836,41.281873442970806],[2.046031952158203,41.281872604041524]]]]}},
{"type":"Feature","properties":{"Campanya":2024,"Provincia":"Barcelona","Comarca":"Baix Llobregat","Municipi":"VILADECANS","ID_MUN":"08302","Grup":"FRUITA DOLÇA","Cultiu":"FIGUERA","Seca_Regad":"S","Sist_Regad":null,"Varietat":"COLL DE DAMA BLANCA-NEGRA","Producte2n":null,"HA":0.0543,"Shape_Leng":233.35128142900001,"Shape_Le_1":233.35128143099999,"Shape_Area":542.89446395000004,"rendiment_":12400,"area_m2":542.93,"area_ha":0.0005,"rend_sup":6.2},"geometry":{"type":"MultiPolygon","coordinates":[[[[2.034114514687253,41.303115792875261],[2.034202350343035,41.303040716285331],[2.034208122134126,41.303021938838135],[2.034136676858767,41.302860824877214],[2.034125047423645,41.302815236226103],[2.034150036162364,41.302748791498566],[2.034198878147157,41.302709117521729],[2.034299729053216,41.302706811028294],[2.034199352580206,41.302642731767328],[2.034161148709717,41.302689285079936],[2.034097783730997,41.302789361915451],[2.034085958182421,41.302853630965117],[2.034061352958124,41.302882425340947],[2.034060848623863,41.302927688784656],[2.034057328265615,41.302932717908249],[2.034123966414668,41.303000279217208],[2.033828743442915,41.303349059927136],[2.033705945034025,41.303370768774407],[2.033682894024521,41.303397424198941],[2.033788000051431,41.303460149086213],[2.033945976017721,41.303253577963943],[2.034075181451229,41.30314900069353],[2.034114514687253,41.303115792875261]]]]}},
{"type":"Feature","properties":{"Campanya":2024,"Provincia":"Barcelona","Comarca":"Baix Llobregat","Municipi":"VILADECANS","ID_MUN":"08302","Grup":"FRUITA DOLÇA","Cultiu":"FIGUERA","Seca_Regad":"S","Sist_Regad":null,"Varietat":"COLL DE DAMA BLANCA-NEGRA","Producte2n":null,"HA":0.0637,"Shape_Leng":149.380041033,"Shape_Le_1":149.380041038,"Shape_Area":636.89699008100001,"rendiment_":12400,"area_m2":637.3,"area_ha":0.0006,"rend_sup":7.44},"geometry":{"type":"MultiPolygon","coordinates":[[[[2.034466676614918,41.310558993616439],[2.034383132512614,41.310493041817388],[2.033794396552296,41.310872036067352],[2.0338829892479,41.310934895915949],[2.034262481219057,41.310684623437069],[2.034466676614918,41.310558993616439]]]]}},
{"type":"Feature","properties":{"Campanya":2024,"Provincia":"Barcelona","Comarca":"Baix Llobregat","Municipi":"VILADECANS","ID_MUN":"08302","Grup":"FRUITA DOLÇA","Cultiu":"FIGUERA","Seca_Regad":"S","Sist_Regad":null,"Varietat":"COLL DE DAMA BLANCA-NEGRA","Producte2n":null,"HA":0.151,"Shape_Leng":216.535387974,"Shape_Le_1":216.535387977,"Shape_Area":1509.35445966,"rendiment_":12400,"area_m2":1510.3,"area_ha":0.0015,"rend_sup":18.6},"geometry":{"type":"MultiPolygon","coordinates":[[[[2.03888290844753,41.310516779442565],[2.038875118220625,41.310504589213878],[2.038895499087286,41.310483178122873],[2.03883552520802,41.310442629584905],[2.038797910467375,41.310383768858635],[2.038115167570797,41.311077631266102],[2.038325064719645,41.311131729183025],[2.038892077023839,41.310531126656166],[2.03888290844753,41.310516779442565]]]]}},
{"type":"Feature","properties":{"Campanya":2024,"Provincia":"Barcelona","Comarca":"Baix Llobregat","Municipi":"VILADECANS","ID_MUN":"08302","Grup":"FRUITA DOLÇA","Cultiu":"FIGUERA","Seca_Regad":"S","Sist_Regad":null,"Varietat":"COLL DE DAMA BLANCA-NEGRA","Producte2n":null,"HA":0.151,"Shape_Leng":269.85629740100001,"Shape_Le_1":269.85629739500001,"Shape_Area":1509.0394791799999,"rendiment_":12400,"area_m2":1510.1,"area_ha":0.0015,"rend_sup":18.6},"geometry":{"type":"MultiPolygon","coordinates":[[[[2.033195827489421,41.313315788467399],[2.033088766279144,41.313150791726962],[2.033208528675587,41.313324735193518],[2.033292837861612,41.31327049529272],[2.033233272899831,41.313194332218551],[2.033466562141205,41.313034783766845],[2.033277835051046,41.312813955168018],[2.033271068993915,41.312816891136428],[2.03322874553307,41.312780076084145],[2.032886154234255,41.312911944181899],[2.033160470661598,41.313326777969493],[2.033195827489421,41.313315788467399]]]]}},
{"type":"Feature","properties":{"Campanya":2024,"Provincia":"Barcelona","Comarca":"Baix Llobregat","Municipi":"VILADECANS","ID_MUN":"08302","Grup":"FARRATGERES","Cultiu":"VEÇA I CIVADA","Seca_Regad":"S","Sist_Regad":null,"Varietat":"NO ESPECIFICADA","Producte2n":null,"HA":1.0446,"Shape_Leng":507.47164222800001,"Shape_Le_1":507.47164223200002,"Shape_Area":10438.8333662,"rendiment_":30900,"area_m2":10444.2,"area_ha":0.0104,"rend_sup":321.36},"geometry":{"type":"MultiPolygon","coordinates":[[[[2.037980948771145,41.281905206558534],[2.038169482235005,41.281183396301167],[2.038216840380259,41.280971791081789],[2.037160389811409,41.281255451792489],[2.036696833124372,41.28136762970216],[2.036682681925178,41.281769619988161],[2.037431462536879,41.281724265380745],[2.037379058963196,41.282116367643219],[2.037347484110452,41.28234565760733],[2.037345811087799,41.282358995967577],[2.037470142486384,41.282344284894229],[2.03788928423476,41.282282451054087],[2.037980948771145,41.281905206558534]]]]}},
{"type":"Feature","properties":{"Campanya":2024,"Provincia":"Barcelona","Comarca":"Baix Llobregat","Municipi":"VILADECANS","ID_MUN":"08302","Grup":"FARRATGERES","Cultiu":"VEÇA I CIVADA","Seca_Regad":"S","Sist_Regad":null,"Varietat":"NO ESPECIFICADA","Producte2n":null,"HA":0.063,"Shape_Leng":168.85674889000001,"Shape_Le_1":168.85674888899999,"Shape_Area":629.379019814,"rendiment_":30900,"area_m2":629.93,"area_ha":0.0006,"rend_sup":18.54},"geometry":{"type":"MultiPolygon","coordinates":[[[[2.038471369897982,41.298112983985568],[2.038441312933858,41.298103354214483],[2.038440139380425,41.298044930090299],[2.038476434575708,41.297970077425788],[2.038368221632985,41.297941075109158],[2.03838750075563,41.297859265158564],[2.038274342239747,41.29781886284681],[2.038226676387289,41.297904507927711],[2.038341437114068,41.297948056523943],[2.038270722120435,41.298057314434722],[2.03833092001957,41.298079715696311],[2.038289344068482,41.298168147294504],[2.038167633949813,41.298230929408703],[2.038044474105558,41.298220905669289],[2.03822613071155,41.298274574531952],[2.038341437482823,41.298284652720191],[2.038454062942534,41.298163717999309],[2.038471369897982,41.298112983985568]]]]}}
]
}
